timestamp_ms,sample_id,mq3_adc,mq5_adc,mq135_adc,mq3_volts,mq5_volts,mq135_volts,fruit,label
2009,1,383.20,37.00,32.00,1.873,0.181,0.156,banana,fresh
3019,2,383.70,37.00,32.00,1.875,0.181,0.156,banana,fresh
4031,3,384.00,37.00,31.95,1.877,0.181,0.156,banana,fresh
5042,4,384.00,36.95,32.00,1.877,0.181,0.156,banana,fresh
6052,5,384.10,37.00,32.00,1.877,0.181,0.156,banana,fresh
7063,6,384.80,37.00,31.95,1.881,0.181,0.156,banana,fresh
8074,7,385.00,37.00,31.90,1.882,0.181,0.156,banana,fresh
9084,8,385.00,37.00,31.95,1.882,0.181,0.156,banana,fresh
10095,9,385.25,37.00,31.95,1.883,0.181,0.156,banana,fresh
11106,10,385.80,37.00,32.00,1.886,0.181,0.156,banana,fresh
12116,11,386.00,37.00,32.00,1.887,0.181,0.156,banana,fresh
13127,12,386.00,37.00,31.90,1.887,0.181,0.156,banana,fresh
14138,13,386.15,37.00,31.90,1.887,0.181,0.156,banana,fresh
15150,14,386.70,37.00,32.00,1.890,0.181,0.156,banana,fresh
16160,15,387.00,37.00,31.95,1.891,0.181,0.156,banana,fresh
17171,16,387.00,37.00,32.00,1.891,0.181,0.156,banana,fresh
18182,17,387.00,37.00,32.00,1.891,0.181,0.156,banana,fresh
19192,18,387.30,37.00,32.00,1.893,0.181,0.156,banana,fresh
20203,19,387.95,36.95,32.00,1.896,0.181,0.156,banana,fresh
21214,20,388.00,37.00,32.00,1.896,0.181,0.156,banana,fresh
22224,21,388.00,37.00,31.90,1.896,0.181,0.156,banana,fresh
23236,22,388.00,37.00,31.95,1.896,0.181,0.156,banana,fresh
24247,23,388.30,37.00,31.90,1.898,0.181,0.156,banana,fresh
25257,24,388.80,37.00,32.00,1.900,0.181,0.156,banana,fresh
26268,25,388.95,37.00,32.00,1.901,0.181,0.156,banana,fresh
27279,26,389.00,37.00,32.00,1.901,0.181,0.156,banana,fresh
28290,27,389.00,37.00,32.00,1.901,0.181,0.156,banana,fresh
29300,28,389.00,37.00,31.95,1.901,0.181,0.156,banana,fresh
30311,29,389.30,37.05,32.00,1.903,0.181,0.156,banana,fresh
31323,30,389.60,37.00,31.95,1.904,0.181,0.156,banana,fresh
32333,31,389.95,37.00,32.00,1.906,0.181,0.156,banana,fresh
33344,32,390.00,37.00,31.90,1.906,0.181,0.156,banana,fresh
34355,33,390.00,37.00,32.00,1.906,0.181,0.156,banana,fresh
35365,34,390.00,37.00,32.00,1.906,0.181,0.156,banana,fresh
36376,35,390.05,37.00,32.00,1.906,0.181,0.156,banana,fresh
37387,36,390.30,37.00,32.00,1.908,0.181,0.156,banana,fresh
38397,37,390.70,37.00,32.00,1.910,0.181,0.156,banana,fresh
39409,38,390.95,37.00,31.95,1.911,0.181,0.156,banana,fresh
40420,39,391.00,37.00,31.95,1.911,0.181,0.156,banana,fresh
41431,40,391.00,37.00,32.00,1.911,0.181,0.156,banana,fresh
42441,41,391.00,37.00,32.00,1.911,0.181,0.156,banana,fresh
43452,42,391.00,37.05,32.00,1.911,0.181,0.156,banana,fresh
44463,43,391.05,37.00,31.95,1.911,0.181,0.156,banana,fresh
45473,44,391.15,37.00,32.00,1.912,0.181,0.156,banana,fresh
46485,45,391.60,37.00,32.00,1.914,0.181,0.156,banana,fresh
47496,46,391.80,37.00,32.00,1.915,0.181,0.156,banana,fresh
48506,47,392.00,37.00,32.00,1.916,0.181,0.156,banana,fresh
49517,48,392.00,37.00,31.85,1.916,0.181,0.156,banana,fresh
50528,49,392.00,37.05,31.95,1.916,0.181,0.156,banana,fresh
51538,50,392.05,37.00,31.95,1.916,0.181,0.156,banana,fresh
52549,51,392.00,37.00,31.95,1.916,0.181,0.156,banana,fresh
53560,52,392.00,37.05,32.00,1.916,0.181,0.156,banana,fresh
54572,53,392.15,37.05,32.00,1.917,0.181,0.156,banana,fresh
55582,54,392.40,37.05,32.00,1.918,0.181,0.156,banana,fresh
56593,55,392.65,37.05,32.00,1.919,0.181,0.156,banana,fresh
57604,56,392.90,37.00,31.95,1.920,0.181,0.156,banana,fresh
58614,57,393.00,37.00,32.00,1.921,0.181,0.156,banana,fresh
59625,58,393.00,37.05,32.00,1.921,0.181,0.156,banana,fresh
60636,59,393.00,37.00,32.00,1.921,0.181,0.156,banana,fresh
61647,60,393.00,37.00,32.00,1.921,0.181,0.156,banana,fresh
62658,61,393.05,37.05,31.95,1.921,0.181,0.156,banana,fresh
63669,62,393.05,37.10,32.00,1.921,0.181,0.156,banana,fresh
64679,63,393.05,37.05,32.00,1.921,0.181,0.156,banana,fresh
65690,64,393.25,37.10,31.95,1.922,0.181,0.156,banana,fresh
66701,65,393.50,37.05,32.00,1.923,0.181,0.156,banana,fresh
67712,66,393.65,37.15,32.00,1.924,0.182,0.156,banana,fresh
68723,67,393.90,37.15,32.00,1.925,0.182,0.156,banana,fresh
69734,68,394.00,37.00,31.95,1.926,0.181,0.156,banana,fresh
70745,69,394.00,37.05,31.95,1.926,0.181,0.156,banana,fresh
71755,70,394.00,37.00,32.00,1.926,0.181,0.156,banana,fresh
72766,71,394.00,37.10,32.00,1.926,0.181,0.156,banana,fresh
73777,72,394.00,37.05,32.00,1.926,0.181,0.156,banana,fresh
74787,73,394.00,37.15,32.00,1.926,0.182,0.156,banana,fresh
75799,74,394.10,37.20,31.95,1.926,0.182,0.156,banana,fresh
76810,75,394.20,37.30,32.00,1.927,0.182,0.156,banana,fresh
77820,76,394.20,37.05,31.95,1.927,0.181,0.156,banana,fresh
78831,77,394.30,37.20,32.00,1.927,0.182,0.156,banana,fresh
79842,78,394.60,37.00,32.00,1.929,0.181,0.156,banana,fresh
80852,79,394.80,37.05,32.00,1.930,0.181,0.156,banana,fresh
81863,80,394.90,37.10,32.00,1.930,0.181,0.156,banana,fresh
82875,81,395.00,37.05,32.00,1.931,0.181,0.156,banana,fresh
83886,82,395.00,37.15,32.00,1.931,0.182,0.156,banana,fresh
84896,83,395.00,37.00,31.90,1.931,0.181,0.156,banana,fresh
85907,84,395.00,37.05,32.00,1.931,0.181,0.156,banana,fresh
86918,85,395.05,37.15,32.00,1.931,0.182,0.156,banana,fresh
87928,86,395.00,37.20,31.95,1.931,0.182,0.156,banana,fresh
88939,87,395.05,37.20,32.00,1.931,0.182,0.156,banana,fresh
89950,88,395.10,37.15,32.00,1.931,0.182,0.156,banana,fresh
90961,89,395.00,37.25,31.95,1.931,0.182,0.156,banana,fresh
91972,90,395.15,37.30,32.00,1.931,0.182,0.156,banana,fresh
92983,91,395.25,37.10,32.00,1.932,0.181,0.156,banana,fresh
93993,92,395.30,37.30,32.00,1.932,0.182,0.156,banana,fresh
95004,93,395.45,37.15,31.95,1.933,0.182,0.156,banana,fresh
96015,94,395.65,37.15,32.00,1.934,0.182,0.156,banana,fresh
97027,95,396.00,37.40,32.00,1.935,0.183,0.156,banana,fresh
98037,96,395.90,37.30,31.95,1.935,0.182,0.156,banana,fresh
99048,97,396.00,37.25,32.00,1.935,0.182,0.156,banana,fresh
100059,98,396.00,37.25,32.00,1.935,0.182,0.156,banana,fresh
101069,99,395.95,37.25,32.00,1.935,0.182,0.156,banana,fresh
102080,100,396.00,37.25,32.00,1.935,0.182,0.156,banana,fresh
103092,101,396.00,37.35,32.00,1.935,0.183,0.156,banana,fresh
104102,102,396.00,37.35,32.00,1.935,0.183,0.156,banana,fresh
105113,103,396.00,37.35,32.00,1.935,0.183,0.156,banana,fresh
106124,104,396.00,37.25,32.00,1.935,0.182,0.156,banana,fresh
107134,105,396.05,37.50,32.00,1.936,0.183,0.156,banana,fresh
108146,106,396.10,37.30,32.00,1.936,0.182,0.156,banana,fresh
109157,107,396.10,37.35,31.95,1.936,0.183,0.156,banana,fresh
110168,108,396.30,37.25,32.00,1.937,0.182,0.156,banana,fresh
111178,109,396.50,37.20,32.00,1.938,0.182,0.156,banana,fresh
112190,110,396.55,37.30,32.00,1.938,0.182,0.156,banana,fresh
113201,111,396.85,37.30,32.00,1.940,0.182,0.156,banana,fresh
114211,112,396.75,37.20,32.00,1.939,0.182,0.156,banana,fresh
115222,113,396.95,37.45,32.00,1.940,0.183,0.156,banana,fresh
116234,114,396.95,37.35,32.00,1.940,0.183,0.156,banana,fresh
117244,115,397.00,37.45,32.00,1.940,0.183,0.156,banana,fresh
118255,116,397.00,37.35,32.00,1.940,0.183,0.156,banana,fresh
119266,117,397.00,37.35,32.00,1.940,0.183,0.156,banana,fresh
120278,118,397.00,37.40,32.00,1.940,0.183,0.156,banana,fresh
121288,119,397.00,37.45,32.00,1.940,0.183,0.156,banana,fresh
122299,120,397.00,37.30,32.00,1.940,0.182,0.156,banana,fresh
123310,121,397.10,37.60,32.00,1.941,0.184,0.156,banana,fresh
124320,122,397.00,37.50,32.00,1.940,0.183,0.156,banana,fresh
125332,123,397.00,37.45,32.00,1.940,0.183,0.156,banana,fresh
126343,124,397.15,37.50,32.00,1.941,0.183,0.156,banana,fresh
127353,125,397.25,37.50,32.00,1.942,0.183,0.156,banana,fresh
128364,126,397.25,37.55,32.00,1.942,0.184,0.156,banana,fresh
129376,127,397.30,37.60,32.00,1.942,0.184,0.156,banana,fresh
130386,128,397.65,37.60,32.00,1.944,0.184,0.156,banana,fresh
131397,129,397.80,37.50,32.00,1.944,0.183,0.156,banana,fresh
132408,130,397.85,37.65,32.00,1.945,0.184,0.156,banana,fresh
133420,131,398.00,37.65,32.00,1.945,0.184,0.156,banana,fresh
134430,132,398.00,37.60,32.00,1.945,0.184,0.156,banana,fresh
135441,133,398.00,37.55,32.00,1.945,0.184,0.156,banana,fresh
136452,134,398.00,37.75,32.00,1.945,0.185,0.156,banana,fresh
137462,135,398.00,37.75,32.00,1.945,0.185,0.156,banana,fresh
138474,136,398.00,37.60,32.00,1.945,0.184,0.156,banana,fresh
139485,137,398.05,37.55,32.00,1.946,0.184,0.156,banana,fresh
140495,138,398.10,37.55,32.00,1.946,0.184,0.156,banana,fresh
141506,139,398.05,37.60,32.00,1.946,0.184,0.156,banana,fresh
142518,140,398.15,37.55,32.00,1.946,0.184,0.156,banana,fresh
143528,141,398.45,37.85,32.00,1.947,0.185,0.156,banana,fresh
144539,142,398.60,37.70,32.00,1.948,0.184,0.156,banana,fresh
145550,143,398.80,37.70,32.00,1.949,0.184,0.156,banana,fresh
146562,144,399.00,37.75,32.00,1.950,0.185,0.156,banana,fresh
147572,145,398.95,37.75,32.00,1.950,0.185,0.156,banana,fresh
148583,146,399.00,37.70,32.00,1.950,0.184,0.156,banana,fresh
149594,147,399.00,37.80,32.00,1.950,0.185,0.156,banana,fresh
150604,148,399.00,37.75,32.00,1.950,0.185,0.156,banana,fresh
151616,149,399.00,37.65,32.00,1.950,0.184,0.156,banana,fresh
152627,150,399.00,37.80,32.00,1.950,0.185,0.156,banana,fresh
153637,151,399.15,37.65,32.00,1.951,0.184,0.156,banana,fresh
154648,152,399.10,37.65,32.00,1.951,0.184,0.156,banana,fresh
155660,153,399.30,37.55,32.00,1.952,0.184,0.156,banana,fresh
156670,154,399.65,37.65,32.05,1.953,0.184,0.157,banana,fresh
157681,155,399.55,37.75,32.00,1.953,0.185,0.156,banana,fresh
158692,156,399.95,37.60,32.00,1.955,0.184,0.156,banana,fresh
159704,157,399.90,37.85,32.00,1.955,0.185,0.156,banana,fresh
160714,158,400.00,37.70,32.00,1.955,0.184,0.156,banana,fresh
161725,159,400.00,37.80,32.00,1.955,0.185,0.156,banana,fresh
162736,160,400.00,37.80,32.00,1.955,0.185,0.156,banana,fresh
163747,161,400.00,37.80,32.00,1.955,0.185,0.156,banana,fresh
164758,162,400.00,37.80,32.00,1.955,0.185,0.156,banana,fresh
165769,163,400.05,37.75,31.95,1.955,0.185,0.156,banana,fresh
166779,164,400.10,37.95,32.00,1.956,0.185,0.156,banana,fresh
167791,165,400.25,37.60,32.00,1.956,0.184,0.156,banana,fresh
168802,166,400.40,37.70,32.00,1.957,0.184,0.156,banana,fresh
169812,167,400.75,37.85,32.00,1.959,0.185,0.156,banana,fresh
170823,168,400.85,37.90,32.00,1.959,0.185,0.156,banana,fresh
171834,169,401.00,37.85,32.00,1.960,0.185,0.156,banana,fresh
172846,170,401.00,37.85,32.00,1.960,0.185,0.156,banana,fresh
173856,171,401.00,37.90,32.00,1.960,0.185,0.156,banana,fresh
174867,172,401.00,37.80,32.05,1.960,0.185,0.157,banana,fresh
175878,173,401.15,37.90,32.00,1.961,0.185,0.156,banana,fresh
176889,174,401.00,37.80,32.00,1.960,0.185,0.156,banana,fresh
177900,175,401.35,37.95,32.00,1.962,0.185,0.156,banana,fresh
178911,176,401.60,37.90,32.00,1.963,0.185,0.156,banana,fresh
179921,177,401.90,37.85,32.00,1.964,0.185,0.156,banana,fresh
180933,178,401.95,38.00,32.00,1.965,0.186,0.156,banana,fresh
181944,179,401.95,37.85,32.00,1.965,0.185,0.156,banana,fresh
182955,180,402.00,37.95,32.00,1.965,0.185,0.156,banana,fresh
183965,181,402.00,37.90,32.00,1.965,0.185,0.156,banana,fresh
184976,182,402.00,37.90,32.00,1.965,0.185,0.156,banana,fresh
185988,183,402.05,38.00,32.00,1.965,0.186,0.156,banana,fresh
186998,184,402.20,38.00,32.00,1.966,0.186,0.156,banana,fresh
188009,185,402.30,37.90,32.00,1.966,0.185,0.156,banana,fresh
189020,186,402.55,37.90,32.00,1.967,0.185,0.156,banana,fresh
190031,187,402.65,38.00,32.00,1.968,0.186,0.156,banana,fresh
191042,188,402.95,37.90,32.00,1.969,0.185,0.156,banana,fresh
192053,189,402.95,37.90,32.00,1.969,0.185,0.156,banana,fresh
193063,190,403.00,37.85,32.05,1.970,0.185,0.157,banana,fresh
194075,191,403.00,37.95,32.00,1.970,0.185,0.156,banana,fresh
195086,192,403.00,38.00,32.00,1.970,0.186,0.156,banana,fresh
196097,193,403.00,37.95,32.00,1.970,0.185,0.156,banana,fresh
197107,194,403.10,38.00,32.00,1.970,0.186,0.156,banana,fresh
198118,195,403.30,38.00,32.00,1.971,0.186,0.156,banana,fresh
199130,196,403.30,37.90,32.00,1.971,0.185,0.156,banana,fresh
200140,197,403.70,37.95,32.00,1.973,0.185,0.156,banana,fresh
201151,198,403.85,37.95,32.00,1.974,0.185,0.156,banana,fresh
202162,199,404.00,38.00,32.05,1.975,0.186,0.157,banana,fresh
203173,200,404.00,37.85,32.00,1.975,0.185,0.156,banana,fresh
204184,201,404.00,38.00,32.00,1.975,0.186,0.156,banana,fresh
205195,202,404.00,37.95,32.00,1.975,0.185,0.156,banana,fresh
206205,203,404.00,38.00,32.00,1.975,0.186,0.156,banana,fresh
207217,204,404.05,38.05,32.00,1.975,0.186,0.156,banana,fresh
208228,205,404.10,38.00,32.10,1.975,0.186,0.157,banana,fresh
209239,206,404.30,38.00,32.00,1.976,0.186,0.156,banana,fresh
210249,207,404.55,38.00,32.00,1.977,0.186,0.156,banana,fresh
211260,208,404.80,37.95,32.00,1.978,0.185,0.156,banana,fresh
212272,209,404.95,38.00,32.00,1.979,0.186,0.156,banana,fresh
213282,210,405.00,37.90,32.00,1.979,0.185,0.156,banana,fresh
214293,211,405.00,38.00,32.05,1.979,0.186,0.157,banana,fresh
215304,212,405.00,37.95,32.00,1.979,0.185,0.156,banana,fresh
216315,213,405.00,38.00,32.00,1.979,0.186,0.156,banana,fresh
217326,214,405.10,38.00,32.00,1.980,0.186,0.156,banana,fresh
218337,215,405.05,37.95,32.05,1.980,0.185,0.157,banana,fresh
219347,216,405.40,38.00,32.00,1.981,0.186,0.156,banana,fresh
220358,217,405.50,38.00,32.05,1.982,0.186,0.157,banana,fresh
221370,218,405.55,38.00,32.10,1.982,0.186,0.157,banana,fresh
222381,219,405.90,38.00,32.00,1.984,0.186,0.156,banana,fresh
223391,220,405.90,38.00,32.10,1.984,0.186,0.157,banana,fresh
224402,221,406.00,38.00,32.10,1.984,0.186,0.157,banana,fresh
225414,222,406.00,38.00,32.05,1.984,0.186,0.157,banana,fresh
226424,223,406.00,38.00,32.05,1.984,0.186,0.157,banana,fresh
227435,224,406.00,38.00,32.05,1.984,0.186,0.157,banana,fresh
228446,225,406.05,38.00,32.00,1.985,0.186,0.156,banana,fresh
229457,226,406.25,38.00,32.05,1.986,0.186,0.157,banana,fresh
230468,227,406.40,38.00,32.05,1.986,0.186,0.157,banana,fresh
231479,228,406.50,38.00,32.00,1.987,0.186,0.156,banana,fresh
232489,229,406.85,38.00,32.00,1.989,0.186,0.156,banana,fresh
233500,230,406.90,38.00,32.00,1.989,0.186,0.156,banana,fresh
234512,231,407.00,38.00,32.00,1.989,0.186,0.156,banana,fresh
235523,232,407.00,38.00,32.00,1.989,0.186,0.156,banana,fresh
236533,233,407.00,38.00,32.00,1.989,0.186,0.156,banana,fresh
237544,234,407.00,38.00,32.10,1.989,0.186,0.157,banana,fresh
238556,235,407.00,38.00,32.00,1.989,0.186,0.156,banana,fresh
239566,236,407.00,38.00,32.05,1.989,0.186,0.157,banana,fresh
240577,237,407.15,38.00,32.00,1.990,0.186,0.156,banana,fresh
241588,238,407.10,38.00,32.05,1.990,0.186,0.157,banana,fresh
242598,239,407.40,38.00,32.05,1.991,0.186,0.157,banana,fresh
243610,240,407.65,38.00,32.05,1.992,0.186,0.157,banana,fresh
244621,241,407.95,38.00,32.00,1.994,0.186,0.156,banana,fresh
245632,242,408.00,38.00,32.00,1.994,0.186,0.156,banana,fresh
246642,243,408.00,38.05,32.00,1.994,0.186,0.156,banana,fresh
247654,244,408.00,38.00,32.05,1.994,0.186,0.157,banana,fresh
248665,245,408.00,38.00,32.10,1.994,0.186,0.157,banana,fresh
249675,246,408.00,38.00,32.00,1.994,0.186,0.156,banana,fresh
250686,247,408.20,38.00,32.05,1.995,0.186,0.157,banana,fresh
251697,248,408.40,38.00,32.00,1.996,0.186,0.156,banana,fresh
252708,249,408.50,38.00,32.00,1.997,0.186,0.156,banana,fresh
253719,250,408.85,38.00,32.00,1.998,0.186,0.156,banana,fresh
254730,251,409.00,38.05,32.00,1.999,0.186,0.156,banana,fresh
255740,252,409.00,38.00,32.05,1.999,0.186,0.157,banana,fresh
256752,253,409.00,38.05,32.00,1.999,0.186,0.156,banana,fresh
257763,254,409.00,38.05,32.05,1.999,0.186,0.157,banana,fresh
258774,255,409.05,38.05,32.00,1.999,0.186,0.156,banana,fresh
259784,256,409.15,38.00,32.00,2.000,0.186,0.156,banana,fresh
260795,257,409.40,38.05,32.00,2.001,0.186,0.156,banana,fresh
261807,258,409.80,38.05,32.00,2.003,0.186,0.156,banana,fresh
262817,259,409.85,38.00,32.15,2.003,0.186,0.157,banana,fresh
263828,260,410.00,38.00,32.00,2.004,0.186,0.156,banana,fresh
264839,261,410.00,38.00,32.00,2.004,0.186,0.156,banana,fresh
265850,262,410.00,38.00,32.10,2.004,0.186,0.157,banana,fresh
266861,263,410.00,38.00,32.05,2.004,0.186,0.157,banana,fresh
267872,264,410.10,38.05,32.10,2.004,0.186,0.157,banana,fresh
268882,265,410.10,38.00,32.00,2.004,0.186,0.156,banana,fresh
269894,266,410.20,38.15,32.00,2.005,0.186,0.156,banana,fresh
270905,267,410.65,38.05,32.10,2.007,0.186,0.157,banana,fresh
271916,268,410.70,38.15,32.20,2.007,0.186,0.157,banana,fresh
272926,269,410.90,38.10,32.15,2.008,0.186,0.157,banana,fresh
273937,270,410.95,38.05,32.05,2.009,0.186,0.157,banana,fresh
274949,271,411.00,38.10,32.05,2.009,0.186,0.157,banana,fresh
275959,272,411.00,38.00,32.00,2.009,0.186,0.156,banana,fresh
276970,273,411.00,38.00,32.05,2.009,0.186,0.157,banana,fresh
277981,274,411.05,38.00,32.05,2.009,0.186,0.157,banana,fresh
278992,275,411.10,38.05,32.05,2.009,0.186,0.157,banana,fresh
280003,276,411.30,38.05,32.05,2.010,0.186,0.157,banana,fresh
281014,277,411.50,38.00,32.10,2.011,0.186,0.157,banana,fresh
282024,278,411.80,38.00,32.05,2.013,0.186,0.157,banana,fresh
283035,279,412.00,38.25,32.10,2.014,0.187,0.157,banana,fresh
284047,280,412.00,38.05,32.00,2.014,0.186,0.156,banana,fresh
285058,281,412.00,38.00,32.10,2.014,0.186,0.157,banana,fresh
286068,282,412.00,38.05,32.05,2.014,0.186,0.157,banana,fresh
287079,283,412.00,38.05,32.05,2.014,0.186,0.157,banana,fresh
288091,284,412.00,38.05,32.10,2.014,0.186,0.157,banana,fresh
289101,285,412.05,38.05,32.05,2.014,0.186,0.157,banana,fresh
290112,286,412.20,38.05,32.10,2.015,0.186,0.157,banana,fresh
291123,287,412.20,38.05,32.00,2.015,0.186,0.156,banana,fresh
292133,288,412.45,38.05,32.10,2.016,0.186,0.157,banana,fresh
293145,289,412.65,38.10,32.10,2.017,0.186,0.157,banana,fresh
294156,290,412.95,38.00,32.15,2.018,0.186,0.157,banana,fresh
295166,291,413.00,38.10,32.05,2.019,0.186,0.157,banana,fresh
296177,292,413.00,38.10,32.10,2.019,0.186,0.157,banana,fresh
297189,293,413.05,38.05,32.15,2.019,0.186,0.157,banana,fresh
298200,294,413.00,38.25,32.15,2.019,0.187,0.157,banana,fresh
299210,295,413.00,38.10,32.00,2.019,0.186,0.156,banana,fresh
300221,296,413.00,38.10,32.05,2.019,0.186,0.157,banana,fresh
301233,297,413.05,38.05,32.00,2.019,0.186,0.156,banana,fresh
302243,298,413.25,38.10,32.05,2.020,0.186,0.157,banana,fresh
303254,299,413.30,38.25,32.15,2.020,0.187,0.157,banana,fresh
304265,300,413.65,38.25,32.20,2.022,0.187,0.157,banana,fresh
305276,301,413.90,38.15,32.20,2.023,0.186,0.157,banana,fresh
306287,302,413.95,38.25,32.10,2.023,0.187,0.157,banana,fresh
307298,303,414.00,38.20,32.00,2.023,0.187,0.156,banana,fresh
308308,304,414.00,38.40,32.15,2.023,0.188,0.157,banana,fresh
309320,305,414.00,38.20,32.15,2.023,0.187,0.157,banana,fresh
310331,306,414.00,38.25,32.20,2.023,0.187,0.157,banana,fresh
311342,307,414.00,38.25,32.10,2.023,0.187,0.157,banana,fresh
312352,308,414.05,38.35,32.15,2.024,0.187,0.157,banana,fresh
313363,309,414.05,38.35,32.20,2.024,0.187,0.157,banana,fresh
314375,310,414.35,38.25,32.05,2.025,0.187,0.157,banana,fresh
315385,311,414.60,38.30,32.05,2.026,0.187,0.157,banana,fresh
316396,312,414.80,38.35,32.10,2.027,0.187,0.157,banana,fresh
317407,313,414.95,38.30,32.00,2.028,0.187,0.156,banana,fresh
318418,314,415.00,38.40,32.05,2.028,0.188,0.157,banana,fresh
319429,315,415.00,38.20,32.05,2.028,0.187,0.157,banana,fresh
320440,316,415.00,38.25,32.05,2.028,0.187,0.157,banana,fresh
321451,317,415.00,38.30,32.15,2.028,0.187,0.157,banana,fresh
322462,318,415.00,38.40,32.05,2.028,0.188,0.157,banana,fresh
323473,319,415.15,38.25,32.05,2.029,0.187,0.157,banana,fresh
324484,320,415.20,38.30,32.20,2.029,0.187,0.157,banana,fresh
325494,321,415.40,38.35,32.10,2.030,0.187,0.157,banana,fresh
326506,322,415.60,38.30,32.15,2.031,0.187,0.157,banana,fresh
327517,323,415.90,38.40,32.25,2.033,0.188,0.158,banana,fresh
328527,324,415.95,38.50,32.15,2.033,0.188,0.157,banana,fresh
329538,325,416.00,38.55,32.10,2.033,0.188,0.157,banana,fresh
330550,326,416.00,38.35,32.10,2.033,0.187,0.157,banana,fresh
331560,327,416.00,38.55,32.20,2.033,0.188,0.157,banana,fresh
332571,328,416.00,38.30,32.10,2.033,0.187,0.157,banana,fresh
333582,329,416.00,38.50,32.25,2.033,0.188,0.158,banana,fresh
334593,330,416.00,38.60,32.15,2.033,0.189,0.157,banana,fresh
335604,331,416.00,38.45,32.25,2.033,0.188,0.158,banana,fresh
336615,332,416.05,38.40,32.20,2.033,0.188,0.157,banana,fresh
337626,333,416.30,38.60,32.20,2.035,0.189,0.157,banana,fresh
338636,334,416.55,38.65,32.30,2.036,0.189,0.158,banana,fresh
339648,335,416.80,38.60,32.30,2.037,0.189,0.158,banana,fresh
340659,336,416.95,38.55,32.10,2.038,0.188,0.157,banana,fresh
341669,337,416.95,38.50,32.25,2.038,0.188,0.158,banana,fresh
342680,338,417.00,38.65,32.15,2.038,0.189,0.157,banana,fresh
343692,339,417.00,38.45,32.05,2.038,0.188,0.157,banana,fresh
344702,340,417.00,38.60,32.10,2.038,0.189,0.157,banana,fresh
345713,341,417.00,38.60,32.00,2.038,0.189,0.156,banana,fresh
346724,342,417.05,38.50,32.30,2.038,0.188,0.158,banana,fresh
347736,343,417.05,38.60,32.05,2.038,0.189,0.157,banana,fresh
348746,344,417.20,38.50,32.35,2.039,0.188,0.158,banana,fresh
349757,345,417.30,38.65,32.15,2.040,0.189,0.157,banana,fresh
350768,346,417.50,38.60,32.35,2.041,0.189,0.158,banana,fresh
351779,347,417.70,38.70,32.00,2.042,0.189,0.156,banana,fresh
352790,348,417.95,38.65,32.25,2.043,0.189,0.158,banana,fresh
353801,349,418.00,38.55,32.10,2.043,0.188,0.157,banana,fresh
354811,350,418.00,38.55,32.25,2.043,0.188,0.158,banana,fresh
355822,351,418.00,38.75,32.10,2.043,0.189,0.157,banana,fresh
356834,352,418.00,38.65,32.20,2.043,0.189,0.157,banana,fresh
357844,353,418.00,38.65,32.15,2.043,0.189,0.157,banana,fresh
358855,354,418.05,38.70,32.15,2.043,0.189,0.157,banana,fresh
359866,355,418.00,38.75,32.15,2.043,0.189,0.157,banana,fresh
360878,356,418.05,38.70,32.20,2.043,0.189,0.157,banana,fresh
361888,357,418.25,38.75,32.20,2.044,0.189,0.157,banana,fresh
362899,358,418.40,38.75,32.40,2.045,0.189,0.158,banana,fresh
363910,359,418.55,38.80,32.25,2.046,0.190,0.158,banana,fresh
364921,360,418.70,38.90,32.30,2.046,0.190,0.158,banana,fresh
365932,361,418.95,38.70,32.05,2.048,0.189,0.157,banana,fresh
366943,362,419.00,38.70,32.15,2.048,0.189,0.157,banana,fresh
367953,363,419.00,38.75,32.15,2.048,0.189,0.157,banana,fresh
368964,364,419.00,38.75,32.20,2.048,0.189,0.157,banana,fresh
369976,365,419.00,38.95,32.20,2.048,0.190,0.157,banana,fresh
370987,366,419.00,38.70,32.30,2.048,0.189,0.158,banana,fresh
371997,367,419.00,38.65,32.10,2.048,0.189,0.157,banana,fresh
373008,368,419.10,38.85,32.15,2.048,0.190,0.157,banana,fresh
374020,369,419.05,38.90,32.15,2.048,0.190,0.157,banana,fresh
375030,370,419.15,38.90,32.25,2.049,0.190,0.158,banana,fresh
376041,371,419.35,38.75,32.20,2.050,0.189,0.157,banana,fresh
377052,372,419.55,38.95,32.20,2.051,0.190,0.157,banana,fresh
378063,373,419.75,38.95,32.35,2.052,0.190,0.158,banana,fresh
379074,374,419.75,38.85,32.10,2.052,0.190,0.157,banana,fresh
380085,375,419.90,38.75,32.25,2.052,0.189,0.158,banana,fresh
381095,376,420.00,38.80,32.15,2.053,0.190,0.157,banana,fresh
382107,377,420.00,38.85,32.25,2.053,0.190,0.158,banana,fresh
383118,378,420.00,38.85,32.20,2.053,0.190,0.157,banana,fresh
384129,379,420.00,38.90,32.20,2.053,0.190,0.157,banana,fresh
385139,380,420.00,38.90,32.15,2.053,0.190,0.157,banana,fresh
386150,381,420.00,38.80,32.15,2.053,0.190,0.157,banana,fresh
387162,382,420.10,38.90,32.35,2.053,0.190,0.158,banana,fresh
388172,383,420.35,38.90,32.20,2.054,0.190,0.157,banana,fresh
389183,384,420.50,38.90,32.10,2.055,0.190,0.157,banana,fresh
390194,385,420.75,38.95,32.20,2.056,0.190,0.157,banana,fresh
391205,386,420.90,38.95,32.20,2.057,0.190,0.157,banana,fresh
392216,387,420.90,38.90,32.25,2.057,0.190,0.158,banana,fresh
393227,388,420.95,38.90,32.20,2.057,0.190,0.157,banana,fresh
394237,389,421.00,38.85,32.20,2.058,0.190,0.157,banana,fresh
395249,390,421.00,38.85,32.25,2.058,0.190,0.158,banana,fresh
396260,391,421.00,38.95,32.35,2.058,0.190,0.158,banana,fresh
397271,392,421.00,38.95,32.20,2.058,0.190,0.157,banana,fresh
398281,393,421.00,38.75,32.25,2.058,0.189,0.158,banana,fresh
399292,394,421.10,38.95,32.20,2.058,0.190,0.157,banana,fresh
400304,395,421.10,38.85,32.15,2.058,0.190,0.157,banana,fresh
401314,396,421.25,38.95,32.30,2.059,0.190,0.158,banana,fresh
402325,397,421.30,38.95,32.40,2.059,0.190,0.158,banana,fresh
403336,398,421.50,38.95,32.20,2.060,0.190,0.157,banana,fresh
404347,399,421.90,38.90,32.30,2.062,0.190,0.158,banana,fresh
405358,400,421.90,38.80,32.30,2.062,0.190,0.158,banana,fresh
406369,401,422.00,38.95,32.30,2.063,0.190,0.158,banana,fresh
407379,402,422.00,38.85,32.40,2.063,0.190,0.158,banana,fresh
408391,403,422.00,39.00,32.20,2.063,0.191,0.157,banana,fresh
409402,404,422.00,39.00,32.20,2.063,0.191,0.157,banana,fresh
410413,405,422.00,38.85,32.25,2.063,0.190,0.158,banana,fresh
411423,406,422.00,38.90,32.35,2.063,0.190,0.158,banana,fresh
412434,407,422.10,38.95,32.15,2.063,0.190,0.157,banana,fresh
413446,408,422.15,39.00,32.30,2.063,0.191,0.158,banana,fresh
414456,409,422.00,39.00,32.35,2.063,0.191,0.158,banana,fresh
415467,410,422.10,39.00,32.35,2.063,0.191,0.158,banana,fresh
416478,411,422.30,39.00,32.30,2.064,0.191,0.158,banana,fresh
417489,412,422.45,38.95,32.20,2.065,0.190,0.157,banana,fresh
418500,413,422.55,39.00,32.30,2.065,0.191,0.158,banana,fresh
419511,414,422.75,38.90,32.15,2.066,0.190,0.157,banana,fresh
420521,415,422.80,39.00,32.40,2.066,0.191,0.158,banana,fresh
421532,416,422.85,39.00,32.25,2.067,0.191,0.158,banana,fresh
422544,417,423.00,38.95,32.40,2.067,0.190,0.158,banana,fresh
423555,418,423.00,39.00,32.35,2.067,0.191,0.158,banana,fresh
424565,419,423.00,39.00,32.30,2.067,0.191,0.158,banana,fresh
425576,420,423.00,38.95,32.40,2.067,0.190,0.158,banana,fresh
426588,421,423.00,39.00,32.40,2.067,0.191,0.158,banana,fresh
427598,422,423.10,39.00,32.25,2.068,0.191,0.158,banana,fresh
428609,423,423.00,38.95,32.15,2.067,0.190,0.157,banana,fresh
429620,424,423.05,39.00,32.20,2.068,0.191,0.157,banana,fresh
430631,425,423.10,39.00,32.50,2.068,0.191,0.159,banana,fresh
431642,426,423.30,39.00,32.40,2.069,0.191,0.158,banana,fresh
432653,427,423.45,39.00,32.30,2.070,0.191,0.158,banana,fresh
433664,428,423.45,39.00,32.40,2.070,0.191,0.158,banana,fresh
434674,429,423.80,39.05,32.20,2.071,0.191,0.157,banana,fresh
435686,430,423.70,39.00,32.45,2.071,0.191,0.159,banana,fresh
436697,431,423.75,38.95,32.30,2.071,0.190,0.158,banana,fresh
437707,432,423.95,39.00,32.25,2.072,0.191,0.158,banana,fresh
438718,433,424.00,39.00,32.25,2.072,0.191,0.158,banana,fresh
439730,434,424.00,38.95,32.20,2.072,0.190,0.157,banana,fresh
440740,435,424.00,39.00,32.15,2.072,0.191,0.157,banana,fresh
441751,436,424.00,38.95,32.45,2.072,0.190,0.159,banana,fresh
442762,437,424.00,39.00,32.50,2.072,0.191,0.159,banana,fresh
443773,438,424.00,39.00,32.40,2.072,0.191,0.158,banana,fresh
444784,439,424.00,39.00,32.20,2.072,0.191,0.157,banana,fresh
445795,440,424.00,39.00,32.40,2.072,0.191,0.158,banana,fresh
446806,441,424.10,39.00,32.40,2.073,0.191,0.158,banana,fresh
447816,442,424.15,39.00,32.25,2.073,0.191,0.158,banana,fresh
448828,443,424.45,39.00,32.50,2.075,0.191,0.159,banana,fresh
449839,444,424.50,39.00,32.45,2.075,0.191,0.159,banana,fresh
450849,445,424.70,38.95,32.35,2.076,0.190,0.158,banana,fresh
451860,446,424.80,39.00,32.35,2.076,0.191,0.158,banana,fresh
452872,447,424.95,39.10,32.40,2.077,0.191,0.158,banana,fresh
453882,448,424.95,39.05,32.50,2.077,0.191,0.159,banana,fresh
454893,449,425.00,39.05,32.25,2.077,0.191,0.158,banana,fresh
455904,450,425.00,39.05,32.30,2.077,0.191,0.158,banana,fresh
456915,451,425.00,39.05,32.50,2.077,0.191,0.159,banana,fresh
457926,452,425.00,39.00,32.30,2.077,0.191,0.158,banana,fresh
458937,453,425.00,39.00,32.55,2.077,0.191,0.159,banana,fresh
459948,454,425.00,39.00,32.40,2.077,0.191,0.158,banana,fresh
460958,455,425.00,39.00,32.55,2.077,0.191,0.159,banana,fresh
461970,456,425.00,39.00,32.60,2.077,0.191,0.159,banana,fresh
462981,457,425.10,39.05,32.10,2.078,0.191,0.157,banana,fresh
463991,458,425.20,39.00,32.40,2.078,0.191,0.158,banana,fresh
465002,459,425.50,39.00,32.35,2.080,0.191,0.158,banana,fresh
466014,460,425.35,39.00,32.40,2.079,0.191,0.158,banana,fresh
467024,461,425.60,39.05,32.40,2.080,0.191,0.158,banana,fresh
468035,462,425.60,39.10,32.45,2.080,0.191,0.159,banana,fresh
469046,463,425.70,39.00,32.45,2.081,0.191,0.159,banana,fresh
470057,464,425.85,39.00,32.45,2.081,0.191,0.159,banana,fresh
471068,465,425.90,39.05,32.60,2.082,0.191,0.159,banana,fresh
472079,466,426.00,39.05,32.40,2.082,0.191,0.158,banana,fresh
473090,467,426.00,38.95,32.55,2.082,0.190,0.159,banana,fresh
474101,468,426.00,39.10,32.45,2.082,0.191,0.159,banana,fresh
475112,469,426.00,39.00,32.65,2.082,0.191,0.160,banana,fresh
476123,470,426.00,39.10,32.45,2.082,0.191,0.159,banana,fresh
477133,471,426.00,39.00,32.50,2.082,0.191,0.159,banana,fresh
478144,472,426.05,39.00,32.65,2.082,0.191,0.160,banana,fresh
479156,473,426.05,39.00,32.60,2.082,0.191,0.159,banana,fresh
480166,474,426.15,39.05,32.45,2.083,0.191,0.159,banana,fresh
481177,475,426.20,39.00,32.55,2.083,0.191,0.159,banana,fresh
482188,476,426.30,39.05,32.50,2.084,0.191,0.159,banana,fresh
483200,477,426.60,39.05,32.45,2.085,0.191,0.159,banana,fresh
484210,478,426.70,39.00,32.40,2.086,0.191,0.158,banana,fresh
485221,479,426.95,39.00,32.20,2.087,0.191,0.157,banana,fresh
486232,480,426.80,39.05,32.30,2.086,0.191,0.158,banana,fresh
487243,481,426.80,39.05,32.45,2.086,0.191,0.159,banana,fresh
488254,482,427.00,39.05,32.30,2.087,0.191,0.158,banana,fresh
489265,483,427.00,39.05,32.50,2.087,0.191,0.159,banana,fresh
490275,484,427.00,39.10,32.65,2.087,0.191,0.160,banana,fresh
491286,485,427.00,39.00,32.35,2.087,0.191,0.158,banana,fresh
492298,486,427.00,39.10,32.70,2.087,0.191,0.160,banana,fresh
493308,487,427.05,39.10,32.45,2.087,0.191,0.159,banana,fresh
494319,488,427.05,39.05,32.65,2.087,0.191,0.160,banana,fresh
495330,489,427.05,39.00,32.40,2.087,0.191,0.158,banana,fresh
496342,490,427.05,39.05,32.40,2.087,0.191,0.158,banana,fresh
497352,491,427.20,39.00,32.60,2.088,0.191,0.159,banana,fresh
498363,492,427.30,38.95,32.50,2.088,0.190,0.159,banana,fresh
499374,493,427.60,39.00,32.40,2.090,0.191,0.158,banana,fresh
500384,494,427.75,39.05,32.50,2.091,0.191,0.159,banana,fresh
501396,495,427.85,39.15,32.35,2.091,0.191,0.158,banana,fresh
502407,496,428.00,39.15,32.35,2.092,0.191,0.158,banana,fresh
503417,497,427.95,39.10,32.60,2.092,0.191,0.159,banana,fresh
504428,498,428.00,39.00,32.65,2.092,0.191,0.160,banana,fresh
505440,499,428.00,39.10,32.50,2.092,0.191,0.159,banana,fresh
506450,500,428.00,38.95,32.45,2.092,0.190,0.159,banana,fresh
507461,501,428.00,39.05,32.65,2.092,0.191,0.160,banana,fresh
508472,502,428.00,39.00,32.60,2.092,0.191,0.159,banana,fresh
509484,503,428.00,39.05,32.55,2.092,0.191,0.159,banana,fresh
510494,504,428.10,39.10,32.45,2.092,0.191,0.159,banana,fresh
511505,505,428.30,39.10,32.40,2.093,0.191,0.158,banana,fresh
512516,506,428.40,39.05,32.60,2.094,0.191,0.159,banana,fresh
513527,507,428.60,39.10,32.70,2.095,0.191,0.160,banana,fresh
514538,508,428.85,39.25,32.70,2.096,0.192,0.160,banana,fresh
515549,509,428.90,39.20,32.30,2.096,0.192,0.158,banana,fresh
516559,510,429.00,39.10,32.65,2.097,0.191,0.160,banana,fresh
517570,511,429.00,39.10,32.45,2.097,0.191,0.159,banana,fresh
518582,512,429.00,39.05,32.40,2.097,0.191,0.158,banana,fresh
519592,513,429.00,39.05,32.60,2.097,0.191,0.159,banana,fresh
520603,514,429.00,39.10,32.70,2.097,0.191,0.160,banana,fresh
521614,515,429.05,39.15,32.70,2.097,0.191,0.160,banana,fresh
522626,516,429.10,39.05,32.85,2.097,0.191,0.161,banana,fresh
523636,517,429.25,39.05,32.75,2.098,0.191,0.160,banana,fresh
524647,518,429.30,39.15,32.70,2.098,0.191,0.160,banana,fresh
525658,519,429.40,39.15,32.70,2.099,0.191,0.160,banana,fresh
526669,520,429.65,39.05,32.60,2.100,0.191,0.159,banana,fresh
527680,521,429.70,39.15,32.75,2.100,0.191,0.160,banana,fresh
528691,522,429.80,39.25,32.70,2.101,0.192,0.160,banana,fresh
529701,523,429.95,39.30,32.60,2.101,0.192,0.159,banana,fresh
530712,524,429.95,39.15,32.45,2.101,0.191,0.159,banana,fresh
531724,525,430.00,39.25,32.70,2.102,0.192,0.160,banana,fresh
532734,526,430.00,39.15,32.55,2.102,0.191,0.159,banana,fresh
533745,527,430.00,39.00,32.55,2.102,0.191,0.159,banana,fresh
534756,528,430.10,39.20,32.70,2.102,0.192,0.160,banana,fresh
535768,529,430.00,39.30,32.65,2.102,0.192,0.160,banana,fresh
536778,530,430.10,39.25,32.50,2.102,0.192,0.159,banana,fresh
537789,531,430.10,39.20,32.60,2.102,0.192,0.159,banana,fresh
538800,532,430.35,39.20,32.65,2.103,0.192,0.160,banana,fresh
539811,533,430.40,39.10,32.45,2.104,0.191,0.159,banana,fresh
540822,534,430.75,39.30,32.55,2.105,0.192,0.159,banana,fresh
541833,535,430.80,39.25,32.55,2.106,0.192,0.159,banana,fresh
542843,536,430.80,39.15,32.75,2.106,0.191,0.160,banana,fresh
543855,537,431.00,39.30,32.65,2.107,0.192,0.160,banana,fresh
544866,538,430.95,39.20,32.70,2.106,0.192,0.160,banana,fresh
545876,539,431.00,39.25,32.70,2.107,0.192,0.160,banana,fresh
546887,540,431.00,39.15,32.80,2.107,0.191,0.160,banana,fresh
547899,541,431.00,39.25,32.65,2.107,0.192,0.160,banana,fresh
548910,542,431.00,39.25,32.70,2.107,0.192,0.160,banana,fresh
549920,543,431.00,39.15,32.60,2.107,0.191,0.159,banana,fresh
550931,544,431.00,39.25,32.85,2.107,0.192,0.161,banana,fresh
551943,545,431.00,39.40,32.70,2.107,0.193,0.160,banana,fresh
552953,546,431.20,39.35,32.80,2.108,0.192,0.160,banana,fresh
553964,547,431.20,39.25,32.70,2.108,0.192,0.160,banana,fresh
554975,548,431.25,39.25,32.70,2.108,0.192,0.160,banana,fresh
555985,549,431.50,39.40,32.55,2.109,0.193,0.159,banana,fresh
556997,550,431.65,39.35,32.75,2.110,0.192,0.160,banana,fresh
558008,551,431.85,39.30,32.50,2.111,0.192,0.159,banana,fresh
559019,552,431.95,39.35,32.85,2.111,0.192,0.161,banana,fresh
560030,553,432.00,39.35,32.70,2.111,0.192,0.160,banana,fresh
561041,554,432.00,39.30,32.70,2.111,0.192,0.160,banana,fresh
562052,555,432.00,39.35,32.80,2.111,0.192,0.160,banana,fresh
563062,556,432.00,39.25,32.80,2.111,0.192,0.160,banana,fresh
564073,557,432.00,39.35,32.85,2.111,0.192,0.161,banana,fresh
565085,558,432.00,39.45,32.75,2.111,0.193,0.160,banana,fresh
566095,559,432.00,39.40,32.65,2.111,0.193,0.160,banana,fresh
567106,560,432.15,39.25,32.50,2.112,0.192,0.159,banana,fresh
568117,561,432.15,39.45,32.70,2.112,0.193,0.160,banana,fresh
569128,562,432.55,39.35,32.70,2.114,0.192,0.160,banana,fresh
570139,563,432.60,39.45,32.75,2.114,0.193,0.160,banana,fresh
571150,564,432.75,39.45,32.75,2.115,0.193,0.160,banana,fresh
572162,565,432.80,39.40,32.90,2.115,0.193,0.161,banana,fresh
573172,566,433.00,39.45,32.85,2.116,0.193,0.161,banana,fresh
574183,567,433.00,39.40,32.80,2.116,0.193,0.160,banana,fresh
575194,568,433.00,39.55,32.80,2.116,0.193,0.160,banana,fresh
576204,569,433.00,39.35,32.75,2.116,0.192,0.160,banana,fresh
577216,570,433.00,39.45,32.80,2.116,0.193,0.160,banana,fresh
578227,571,433.05,39.40,32.75,2.117,0.193,0.160,banana,fresh
579237,572,433.10,39.35,33.00,2.117,0.192,0.161,banana,fresh
580248,573,433.10,39.40,32.75,2.117,0.193,0.160,banana,fresh
581260,574,433.25,39.40,32.90,2.118,0.193,0.161,banana,fresh
582270,575,433.50,39.40,32.80,2.119,0.193,0.160,banana,fresh
583281,576,433.35,39.50,32.80,2.118,0.193,0.160,banana,fresh
584292,577,433.85,39.35,32.80,2.120,0.192,0.160,banana,fresh
585304,578,433.85,39.50,32.95,2.120,0.193,0.161,banana,fresh
586314,579,433.90,39.55,32.80,2.121,0.193,0.160,banana,fresh
587325,580,434.00,39.70,32.75,2.121,0.194,0.160,banana,fresh
588336,581,434.00,39.70,32.75,2.121,0.194,0.160,banana,fresh
589347,582,434.00,39.40,32.90,2.121,0.193,0.161,banana,fresh
590358,583,434.00,39.60,32.80,2.121,0.194,0.160,banana,fresh
591369,584,434.10,39.80,32.70,2.122,0.195,0.160,banana,fresh
592379,585,434.05,39.65,32.85,2.121,0.194,0.161,banana,fresh
593391,586,434.25,39.65,32.75,2.122,0.194,0.160,banana,fresh
594402,587,434.35,39.40,32.90,2.123,0.193,0.161,banana,fresh
595412,588,434.40,39.70,32.80,2.123,0.194,0.160,banana,fresh
596423,589,434.60,39.55,32.80,2.124,0.193,0.160,banana,fresh
597435,590,434.85,39.55,32.90,2.125,0.193,0.161,banana,fresh
598446,591,435.00,39.70,32.85,2.126,0.194,0.161,banana,fresh
599456,592,434.95,39.75,32.70,2.126,0.194,0.160,banana,fresh
600467,593,435.00,39.75,32.65,2.126,0.194,0.160,banana,fresh
601479,594,435.00,39.60,32.90,2.126,0.194,0.161,banana,fresh
602489,595,435.00,39.70,32.75,2.126,0.194,0.160,banana,fresh
603500,596,435.05,39.60,32.80,2.126,0.194,0.160,banana,fresh
604511,597,435.05,39.45,32.70,2.126,0.193,0.160,banana,fresh
605521,598,435.15,39.75,32.80,2.127,0.194,0.160,banana,fresh
606533,599,435.40,39.50,32.75,2.128,0.193,0.160,banana,fresh
607544,600,435.55,39.75,32.85,2.129,0.194,0.161,banana,fresh
608555,601,435.70,39.80,32.85,2.130,0.195,0.161,banana,fresh
609566,602,435.75,39.90,32.75,2.130,0.195,0.160,banana,fresh
610577,603,436.00,39.75,32.90,2.131,0.194,0.161,banana,fresh
611588,604,436.00,39.70,32.85,2.131,0.194,0.161,banana,fresh
612598,605,436.00,39.75,32.95,2.131,0.194,0.161,banana,fresh
613610,606,436.00,39.70,32.90,2.131,0.194,0.161,banana,fresh
614621,607,436.00,39.80,32.90,2.131,0.195,0.161,banana,fresh
615631,608,436.00,39.70,32.90,2.131,0.194,0.161,banana,fresh
616642,609,436.00,39.70,32.95,2.131,0.194,0.161,banana,fresh
617653,610,436.00,39.85,32.85,2.131,0.195,0.161,banana,fresh
618664,611,436.10,39.85,32.90,2.131,0.195,0.161,banana,fresh
619675,612,436.10,39.90,32.95,2.131,0.195,0.161,banana,fresh
620686,613,436.30,39.70,32.90,2.132,0.194,0.161,banana,fresh
621697,614,436.50,39.85,32.95,2.133,0.195,0.161,banana,fresh
622708,615,436.60,39.80,33.00,2.134,0.195,0.161,banana,fresh
623719,616,436.90,39.70,32.85,2.135,0.194,0.161,banana,fresh
624730,617,437.00,39.85,33.00,2.136,0.195,0.161,banana,fresh
625740,618,437.00,39.85,32.90,2.136,0.195,0.161,banana,fresh
626752,619,436.95,39.80,32.95,2.136,0.195,0.161,banana,fresh
627763,620,437.00,39.95,32.90,2.136,0.195,0.161,banana,fresh
628773,621,437.00,39.80,32.90,2.136,0.195,0.161,banana,fresh
629784,622,437.00,39.75,32.90,2.136,0.194,0.161,banana,fresh
630796,623,437.00,39.85,32.85,2.136,0.195,0.161,banana,fresh
631806,624,437.05,39.80,32.85,2.136,0.195,0.161,banana,fresh
632817,625,437.15,39.95,32.85,2.137,0.195,0.161,banana,fresh
633828,626,437.10,39.85,33.00,2.136,0.195,0.161,banana,fresh
634840,627,437.20,39.80,32.80,2.137,0.195,0.160,banana,fresh
635850,628,437.45,39.85,32.90,2.138,0.195,0.161,banana,fresh
636861,629,437.70,39.90,32.85,2.139,0.195,0.161,banana,fresh
637872,630,437.90,39.95,32.95,2.140,0.195,0.161,banana,fresh
638883,631,437.75,39.95,33.00,2.140,0.195,0.161,banana,fresh
639894,632,438.00,39.85,33.00,2.141,0.195,0.161,banana,fresh
640905,633,437.90,39.75,32.95,2.140,0.194,0.161,banana,fresh
641915,634,438.00,39.90,33.00,2.141,0.195,0.161,banana,fresh
642927,635,438.00,39.95,33.00,2.141,0.195,0.161,banana,fresh
643938,636,438.00,39.90,32.95,2.141,0.195,0.161,banana,fresh
644948,637,438.05,39.90,32.85,2.141,0.195,0.161,banana,fresh
645959,638,438.10,39.95,32.95,2.141,0.195,0.161,banana,fresh
646971,639,438.15,39.95,32.95,2.141,0.195,0.161,banana,fresh
647982,640,438.35,39.95,33.00,2.142,0.195,0.161,banana,fresh
648992,641,438.60,39.95,32.95,2.144,0.195,0.161,banana,fresh
650003,642,438.55,39.95,32.90,2.143,0.195,0.161,banana,fresh
651015,643,438.80,40.00,33.00,2.145,0.196,0.161,banana,fresh
652025,644,438.95,39.95,32.95,2.145,0.195,0.161,banana,fresh
653036,645,439.00,40.00,33.00,2.146,0.196,0.161,banana,fresh
654047,646,439.00,40.00,33.00,2.146,0.196,0.161,banana,fresh
655058,647,439.00,39.90,33.00,2.146,0.195,0.161,banana,fresh
656069,648,439.00,39.95,33.00,2.146,0.195,0.161,banana,fresh
657080,649,439.00,39.95,32.95,2.146,0.195,0.161,banana,fresh
658091,650,439.05,40.00,32.90,2.146,0.196,0.161,banana,fresh
659101,651,439.00,39.95,32.90,2.146,0.195,0.161,banana,fresh
660113,652,439.20,40.00,32.85,2.147,0.196,0.161,banana,fresh
661124,653,439.25,39.95,32.90,2.147,0.195,0.161,banana,fresh
662134,654,439.55,39.95,32.95,2.148,0.195,0.161,banana,fresh
663146,655,439.60,39.90,32.95,2.149,0.195,0.161,banana,fresh
664157,656,439.75,39.90,32.95,2.149,0.195,0.161,banana,fresh
665167,657,439.85,39.95,33.00,2.150,0.195,0.161,banana,fresh
666178,658,440.00,39.95,33.00,2.151,0.195,0.161,banana,fresh
667189,659,440.00,39.95,33.00,2.151,0.195,0.161,banana,fresh
668200,660,440.00,39.95,32.85,2.151,0.195,0.161,banana,fresh
669211,661,440.00,40.00,33.00,2.151,0.196,0.161,banana,fresh
670222,662,440.05,40.00,32.95,2.151,0.196,0.161,banana,fresh
671233,663,440.00,40.00,33.00,2.151,0.196,0.161,banana,fresh
672244,664,440.15,39.95,33.00,2.151,0.195,0.161,banana,fresh
673255,665,440.20,40.00,33.00,2.152,0.196,0.161,banana,fresh
674266,666,440.25,39.90,33.00,2.152,0.195,0.161,banana,fresh
675276,667,440.40,40.00,33.00,2.152,0.196,0.161,banana,fresh
676288,668,440.65,39.95,32.95,2.154,0.195,0.161,banana,fresh
677299,669,440.85,40.00,32.95,2.155,0.196,0.161,banana,fresh
678309,670,441.00,40.00,32.95,2.155,0.196,0.161,banana,fresh
679320,671,440.95,40.00,33.00,2.155,0.196,0.161,banana,fresh
680332,672,441.00,40.00,33.00,2.155,0.196,0.161,banana,fresh
681342,673,441.00,40.00,33.00,2.155,0.196,0.161,banana,fresh
682353,674,441.10,40.00,33.00,2.156,0.196,0.161,banana,fresh
683364,675,441.00,40.00,33.00,2.155,0.196,0.161,banana,fresh
684375,676,441.00,40.00,32.95,2.155,0.196,0.161,banana,fresh
685386,677,441.05,40.00,33.00,2.156,0.196,0.161,banana,fresh
686397,678,441.15,40.00,33.00,2.156,0.196,0.161,banana,fresh
687408,679,441.25,40.00,32.95,2.157,0.196,0.161,banana,fresh
688418,680,441.45,40.00,32.95,2.158,0.196,0.161,banana,fresh
689430,681,441.65,40.00,33.00,2.159,0.196,0.161,banana,fresh
690441,682,441.85,40.00,32.95,2.160,0.196,0.161,banana,fresh
691451,683,441.80,40.00,33.00,2.159,0.196,0.161,banana,fresh
692462,684,442.00,40.00,33.00,2.160,0.196,0.161,banana,fresh
693474,685,442.00,40.00,32.95,2.160,0.196,0.161,banana,fresh
694484,686,442.00,39.85,32.90,2.160,0.195,0.161,banana,fresh
695495,687,442.00,40.00,33.00,2.160,0.196,0.161,banana,fresh
696506,688,442.00,39.95,33.00,2.160,0.195,0.161,banana,fresh
697518,689,442.00,40.00,33.00,2.160,0.196,0.161,banana,fresh
698528,690,442.10,40.00,33.05,2.161,0.196,0.162,banana,fresh
699539,691,442.20,40.00,33.00,2.161,0.196,0.161,banana,fresh
700550,692,442.25,40.00,32.90,2.162,0.196,0.161,banana,fresh
701560,693,442.35,40.00,33.00,2.162,0.196,0.161,banana,fresh
702572,694,442.55,40.00,33.00,2.163,0.196,0.161,banana,fresh
703583,695,442.65,40.00,32.90,2.163,0.196,0.161,banana,fresh
704593,696,442.65,40.00,32.90,2.163,0.196,0.161,banana,fresh
705604,697,442.90,40.00,33.00,2.165,0.196,0.161,banana,fresh
706616,698,442.95,40.00,32.95,2.165,0.196,0.161,banana,fresh
707627,699,443.00,40.00,33.00,2.165,0.196,0.161,banana,fresh
708637,700,443.00,40.00,33.00,2.165,0.196,0.161,banana,fresh
709648,701,443.00,40.00,33.00,2.165,0.196,0.161,banana,fresh
710660,702,443.00,39.95,33.00,2.165,0.195,0.161,banana,fresh
711670,703,443.00,40.00,33.00,2.165,0.196,0.161,banana,fresh
712681,704,443.05,40.00,33.00,2.165,0.196,0.161,banana,fresh
713692,705,443.15,40.00,33.00,2.166,0.196,0.161,banana,fresh
714703,706,443.25,40.00,33.00,2.166,0.196,0.161,banana,fresh
715714,707,443.25,40.00,33.00,2.166,0.196,0.161,banana,fresh
716725,708,443.40,40.00,33.00,2.167,0.196,0.161,banana,fresh
717735,709,443.50,40.00,32.95,2.168,0.196,0.161,banana,fresh
718747,710,443.75,40.00,33.00,2.169,0.196,0.161,banana,fresh
719758,711,443.95,40.00,33.00,2.170,0.196,0.161,banana,fresh
720769,712,444.00,40.00,33.00,2.170,0.196,0.161,banana,fresh
721779,713,444.00,40.00,32.95,2.170,0.196,0.161,banana,fresh
722790,714,444.00,40.00,33.00,2.170,0.196,0.161,banana,fresh
723802,715,444.00,40.00,32.95,2.170,0.196,0.161,banana,fresh
724812,716,444.00,40.00,32.95,2.170,0.196,0.161,banana,fresh
725823,717,444.00,40.00,33.00,2.170,0.196,0.161,banana,fresh
726834,718,444.00,40.00,33.00,2.170,0.196,0.161,banana,fresh
727845,719,444.10,40.00,33.00,2.171,0.196,0.161,banana,fresh
728856,720,444.15,40.00,33.00,2.171,0.196,0.161,banana,fresh
729867,721,444.30,39.95,33.00,2.172,0.195,0.161,banana,fresh
730877,722,444.60,40.00,33.00,2.173,0.196,0.161,banana,fresh
731888,723,444.60,40.05,33.00,2.173,0.196,0.161,banana,fresh
732900,724,444.90,40.00,33.00,2.174,0.196,0.161,banana,fresh
733911,725,444.95,40.00,32.95,2.175,0.196,0.161,banana,fresh
734921,726,445.00,40.00,32.95,2.175,0.196,0.161,banana,fresh
735932,727,445.00,40.00,33.00,2.175,0.196,0.161,banana,fresh
736944,728,445.00,40.00,33.00,2.175,0.196,0.161,banana,fresh
737954,729,445.00,39.95,33.00,2.175,0.195,0.161,banana,fresh
738965,730,445.05,40.00,33.00,2.175,0.196,0.161,banana,fresh
739976,731,445.00,40.05,33.00,2.175,0.196,0.161,banana,fresh
740987,732,445.00,40.00,33.00,2.175,0.196,0.161,banana,fresh
741998,733,445.00,40.00,32.95,2.175,0.196,0.161,banana,fresh
743009,734,445.10,40.00,32.95,2.175,0.196,0.161,banana,fresh
744019,735,445.10,40.00,32.95,2.175,0.196,0.161,banana,fresh
745031,736,445.30,40.00,32.95,2.176,0.196,0.161,banana,fresh
746042,737,445.40,40.00,33.00,2.177,0.196,0.161,banana,fresh
747053,738,445.40,40.10,33.00,2.177,0.196,0.161,banana,fresh
748063,739,445.45,40.00,33.00,2.177,0.196,0.161,banana,fresh
749075,740,445.90,40.00,33.00,2.179,0.196,0.161,banana,fresh
750086,741,445.80,40.00,33.00,2.179,0.196,0.161,banana,fresh
751096,742,445.95,40.00,33.00,2.180,0.196,0.161,banana,fresh
752107,743,446.00,40.05,33.00,2.180,0.196,0.161,banana,fresh
753118,744,446.00,40.00,33.00,2.180,0.196,0.161,banana,fresh
754129,745,446.00,40.05,32.95,2.180,0.196,0.161,banana,fresh
755140,746,446.00,40.00,33.00,2.180,0.196,0.161,banana,fresh
756151,747,446.05,40.00,32.95,2.180,0.196,0.161,banana,fresh
757161,748,446.00,40.00,33.00,2.180,0.196,0.161,banana,fresh
758173,749,446.05,40.00,33.00,2.180,0.196,0.161,banana,fresh
759184,750,446.15,40.00,33.00,2.181,0.196,0.161,banana,fresh
760195,751,446.25,40.00,33.00,2.181,0.196,0.161,banana,fresh
761205,752,446.30,40.00,33.00,2.181,0.196,0.161,banana,fresh
762217,753,446.50,40.05,33.00,2.182,0.196,0.161,banana,fresh
763228,754,446.60,40.00,33.00,2.183,0.196,0.161,banana,fresh
764238,755,446.90,40.05,33.00,2.184,0.196,0.161,banana,fresh
765249,756,446.95,40.00,33.00,2.185,0.196,0.161,banana,fresh
766260,757,447.00,40.00,33.00,2.185,0.196,0.161,banana,fresh
767271,758,447.00,40.00,33.00,2.185,0.196,0.161,banana,fresh
768282,759,447.00,40.10,33.00,2.185,0.196,0.161,banana,fresh
769293,760,447.00,40.00,33.05,2.185,0.196,0.162,banana,fresh
770304,761,447.00,40.00,33.00,2.185,0.196,0.161,banana,fresh
771315,762,447.00,40.00,33.00,2.185,0.196,0.161,banana,fresh
772326,763,447.00,40.00,33.00,2.185,0.196,0.161,banana,fresh
773337,764,447.00,40.00,33.00,2.185,0.196,0.161,banana,fresh
774347,765,447.05,40.00,33.00,2.185,0.196,0.161,banana,fresh
775358,766,447.00,40.00,33.00,2.185,0.196,0.161,banana,fresh
776370,767,447.10,40.05,33.00,2.185,0.196,0.161,banana,fresh
777380,768,447.10,40.00,33.00,2.185,0.196,0.161,banana,fresh
778391,769,447.30,40.00,33.00,2.186,0.196,0.161,banana,fresh
779402,770,447.45,40.00,33.00,2.187,0.196,0.161,banana,fresh
780413,771,447.50,40.05,33.00,2.187,0.196,0.161,banana,fresh
781424,772,447.55,40.05,33.00,2.187,0.196,0.161,banana,fresh
782435,773,447.90,40.00,33.05,2.189,0.196,0.162,banana,fresh
783446,774,447.95,40.05,33.00,2.189,0.196,0.161,banana,fresh
784457,775,447.95,40.00,33.00,2.189,0.196,0.161,banana,fresh
785468,776,448.00,40.00,33.00,2.190,0.196,0.161,banana,fresh
786479,777,448.00,40.00,33.00,2.190,0.196,0.161,banana,fresh
787489,778,448.00,40.05,33.00,2.190,0.196,0.161,banana,fresh
788501,779,448.10,40.05,33.00,2.190,0.196,0.161,banana,fresh
789512,780,448.05,40.00,33.00,2.190,0.196,0.161,banana,fresh
790522,781,448.05,40.00,33.00,2.190,0.196,0.161,banana,fresh
791533,782,448.20,40.05,33.00,2.191,0.196,0.161,banana,fresh
792544,783,448.10,40.00,33.00,2.190,0.196,0.161,banana,fresh
793555,784,448.35,40.00,33.00,2.191,0.196,0.161,banana,fresh
794566,785,448.60,40.00,33.00,2.193,0.196,0.161,banana,fresh
795577,786,448.60,40.05,33.00,2.193,0.196,0.161,banana,fresh
796588,787,448.95,40.00,33.00,2.194,0.196,0.161,banana,fresh
797599,788,449.00,40.00,33.00,2.195,0.196,0.161,banana,fresh
798610,789,449.00,40.10,33.00,2.195,0.196,0.161,banana,fresh
799621,790,449.00,40.00,33.00,2.195,0.196,0.161,banana,fresh
800631,791,449.00,40.00,33.00,2.195,0.196,0.161,banana,fresh
801643,792,449.00,40.10,33.00,2.195,0.196,0.161,banana,fresh
802654,793,449.05,40.00,33.00,2.195,0.196,0.161,banana,fresh
803664,794,449.00,40.00,33.00,2.195,0.196,0.161,banana,fresh
804675,795,449.00,40.00,33.00,2.195,0.196,0.161,banana,fresh
805686,796,449.00,40.00,33.00,2.195,0.196,0.161,banana,fresh
806697,797,449.10,40.00,33.00,2.195,0.196,0.161,banana,fresh
807708,798,449.30,40.10,33.00,2.196,0.196,0.161,banana,fresh
808719,799,449.35,40.05,33.00,2.196,0.196,0.161,banana,fresh
809730,800,449.50,40.15,33.00,2.197,0.196,0.161,banana,fresh
810741,801,449.70,40.25,33.00,2.198,0.197,0.161,banana,fresh
811752,802,449.90,40.05,33.05,2.199,0.196,0.162,banana,fresh
812763,803,449.85,40.10,33.00,2.199,0.196,0.161,banana,fresh
813773,804,449.95,40.00,33.05,2.199,0.196,0.162,banana,fresh
814785,805,450.00,40.15,33.00,2.199,0.196,0.161,banana,fresh
815796,806,450.00,40.10,33.00,2.199,0.196,0.161,banana,fresh
816806,807,450.00,40.15,33.00,2.199,0.196,0.161,banana,fresh
817817,808,450.00,40.10,33.05,2.199,0.196,0.162,banana,fresh
818829,809,450.00,40.00,33.05,2.199,0.196,0.162,banana,fresh
819840,810,450.00,40.05,33.00,2.199,0.196,0.161,banana,fresh
820850,811,450.10,40.05,33.00,2.200,0.196,0.161,banana,fresh
821861,812,450.00,40.05,33.10,2.199,0.196,0.162,banana,fresh
822872,813,450.05,40.10,33.05,2.200,0.196,0.162,banana,fresh
823883,814,450.10,40.15,33.05,2.200,0.196,0.162,banana,fresh
824894,815,450.15,40.00,33.00,2.200,0.196,0.161,banana,fresh
825905,816,450.25,40.00,33.05,2.201,0.196,0.162,banana,fresh
826915,817,450.60,40.05,33.05,2.202,0.196,0.162,banana,fresh
827927,818,450.80,40.10,33.00,2.203,0.196,0.161,banana,fresh
828938,819,450.90,40.05,33.00,2.204,0.196,0.161,banana,fresh
829948,820,450.85,40.25,33.05,2.204,0.197,0.162,banana,fresh
830959,821,450.85,40.20,33.10,2.204,0.196,0.162,banana,fresh
831971,822,451.00,40.05,33.00,2.204,0.196,0.161,banana,fresh
832982,823,451.00,40.05,33.05,2.204,0.196,0.162,banana,fresh
833992,824,451.00,40.05,33.00,2.204,0.196,0.161,banana,fresh
835003,825,451.00,40.05,33.00,2.204,0.196,0.161,banana,fresh
836014,826,451.00,40.15,33.00,2.204,0.196,0.161,banana,fresh
837025,827,451.00,40.10,33.00,2.204,0.196,0.161,banana,fresh
838036,828,451.00,40.00,33.00,2.204,0.196,0.161,banana,fresh
839047,829,451.00,40.20,33.00,2.204,0.196,0.161,banana,fresh
840057,830,451.10,40.15,33.00,2.205,0.196,0.161,banana,fresh
841069,831,451.15,40.15,33.10,2.205,0.196,0.162,banana,fresh
842080,832,451.20,40.05,33.00,2.205,0.196,0.161,banana,fresh
843090,833,451.20,40.20,33.00,2.205,0.196,0.161,banana,fresh
844101,834,451.20,40.10,33.10,2.205,0.196,0.162,banana,fresh
845113,835,451.60,40.15,33.05,2.207,0.196,0.162,banana,fresh
846124,836,451.50,40.10,33.05,2.207,0.196,0.162,banana,fresh
847134,837,451.85,40.05,33.10,2.208,0.196,0.162,banana,fresh
848145,838,451.90,40.10,33.05,2.209,0.196,0.162,banana,fresh
849156,839,451.85,40.05,33.00,2.208,0.196,0.161,banana,fresh
850167,840,452.00,40.10,33.00,2.209,0.196,0.161,banana,fresh
851178,841,452.00,40.15,33.00,2.209,0.196,0.161,banana,fresh
852189,842,452.00,40.20,33.05,2.209,0.196,0.162,banana,fresh
853199,843,452.00,40.15,33.05,2.209,0.196,0.162,banana,fresh
854211,844,452.00,40.15,33.15,2.209,0.196,0.162,banana,fresh
855222,845,452.00,40.25,33.00,2.209,0.197,0.161,banana,fresh
856232,846,452.00,40.20,33.00,2.209,0.196,0.161,banana,fresh
857243,847,452.00,40.20,33.05,2.209,0.196,0.162,banana,fresh
858255,848,452.00,40.10,33.05,2.209,0.196,0.162,banana,fresh
859266,849,452.00,40.05,33.10,2.209,0.196,0.162,banana,fresh
860276,850,452.00,40.20,33.00,2.209,0.196,0.161,banana,fresh
861287,851,452.00,40.20,33.15,2.209,0.196,0.162,banana,fresh
862299,852,452.20,40.25,33.10,2.210,0.197,0.162,banana,fresh
863309,853,452.25,40.30,33.15,2.210,0.197,0.162,banana,fresh
864320,854,452.30,40.15,33.05,2.211,0.196,0.162,banana,fresh
865331,855,452.50,40.20,33.05,2.212,0.196,0.162,banana,fresh
866342,856,452.65,40.15,33.20,2.212,0.196,0.162,banana,fresh
867353,857,452.75,40.10,33.15,2.213,0.196,0.162,banana,fresh
868364,858,452.80,40.15,33.15,2.213,0.196,0.162,banana,fresh
869374,859,452.95,40.25,33.05,2.214,0.197,0.162,banana,fresh
870386,860,452.95,40.15,33.15,2.214,0.196,0.162,banana,fresh
871397,861,453.00,40.30,33.00,2.214,0.197,0.161,banana,fresh
872408,862,453.00,40.30,33.10,2.214,0.197,0.162,banana,fresh
873418,863,453.00,40.30,33.15,2.214,0.197,0.162,banana,fresh
874430,864,453.00,40.20,33.15,2.214,0.196,0.162,banana,fresh
875441,865,453.00,40.10,33.15,2.214,0.196,0.162,banana,fresh
876451,866,453.00,40.40,33.20,2.214,0.197,0.162,banana,fresh
877462,867,453.00,40.20,33.10,2.214,0.196,0.162,banana,fresh
878473,868,453.00,40.35,33.00,2.214,0.197,0.161,banana,fresh
879484,869,453.05,40.30,33.05,2.214,0.197,0.162,banana,fresh
880495,870,453.10,40.30,33.10,2.215,0.197,0.162,banana,fresh
881506,871,453.05,40.20,33.05,2.214,0.196,0.162,banana,fresh
882516,872,453.15,40.30,33.05,2.215,0.197,0.162,banana,fresh
883528,873,453.40,40.05,33.05,2.216,0.196,0.162,banana,fresh
884539,874,453.55,40.25,33.15,2.217,0.197,0.162,banana,fresh
885550,875,453.40,40.25,33.10,2.216,0.197,0.162,banana,fresh
886561,876,453.65,40.30,33.10,2.217,0.197,0.162,banana,fresh
887572,877,453.75,40.25,33.15,2.218,0.197,0.162,banana,fresh
888583,878,453.65,40.35,33.15,2.217,0.197,0.162,banana,fresh
889593,879,453.95,40.30,33.05,2.219,0.197,0.162,banana,fresh
890605,880,453.95,40.35,33.00,2.219,0.197,0.161,banana,fresh
891616,881,454.00,40.45,33.15,2.219,0.198,0.162,banana,fresh
892626,882,454.00,40.50,33.05,2.219,0.198,0.162,banana,fresh
893637,883,454.00,40.25,33.15,2.219,0.197,0.162,banana,fresh
894648,884,454.00,40.40,33.25,2.219,0.197,0.163,banana,fresh
895660,885,454.00,40.45,33.05,2.219,0.198,0.162,banana,fresh
896670,886,454.00,40.25,33.15,2.219,0.197,0.162,banana,fresh
897681,887,454.05,40.40,33.10,2.219,0.197,0.162,banana,fresh
898692,888,454.05,40.55,33.05,2.219,0.198,0.162,banana,fresh
899703,889,454.00,40.35,33.05,2.219,0.197,0.162,banana,fresh
900714,890,454.25,40.30,33.00,2.220,0.197,0.161,banana,fresh
901725,891,454.15,40.25,33.20,2.220,0.197,0.162,banana,fresh
902736,892,454.25,40.25,33.10,2.220,0.197,0.162,banana,fresh
903747,893,454.45,40.30,33.10,2.221,0.197,0.162,banana,fresh
904758,894,454.55,40.15,33.05,2.222,0.196,0.162,banana,fresh
905768,895,454.80,40.40,33.15,2.223,0.197,0.162,banana,fresh
906780,896,454.80,40.50,33.10,2.223,0.198,0.162,banana,fresh
907791,897,454.90,40.30,33.40,2.223,0.197,0.163,banana,fresh
908802,898,454.90,40.40,33.05,2.223,0.197,0.162,banana,fresh
909812,899,455.00,40.40,33.20,2.224,0.197,0.162,banana,fresh
910823,900,455.00,40.35,33.10,2.224,0.197,0.162,banana,fresh
911835,901,455.00,40.25,33.30,2.224,0.197,0.163,banana,fresh
912845,902,455.00,40.50,33.15,2.224,0.198,0.162,banana,fresh
913856,903,455.00,40.30,33.20,2.224,0.197,0.162,banana,fresh
914867,904,455.00,40.50,33.25,2.224,0.198,0.163,banana,fresh
915878,905,455.00,40.45,33.10,2.224,0.198,0.162,banana,fresh
916889,906,455.10,40.50,33.25,2.224,0.198,0.163,banana,fresh
917900,907,455.00,40.35,33.05,2.224,0.197,0.162,banana,fresh
918910,908,455.15,40.35,33.10,2.225,0.197,0.162,banana,fresh
919922,909,455.05,40.50,33.20,2.224,0.198,0.162,banana,fresh
920933,910,455.20,40.60,33.10,2.225,0.198,0.162,banana,fresh
921944,911,455.40,40.45,33.20,2.226,0.198,0.162,banana,fresh
922954,912,455.30,40.45,33.25,2.225,0.198,0.163,banana,fresh
923966,913,455.45,40.35,33.20,2.226,0.197,0.162,banana,fresh
924977,914,455.80,40.55,33.15,2.228,0.198,0.162,banana,fresh
925987,915,455.85,40.30,33.25,2.228,0.197,0.163,banana,fresh
926998,916,455.95,40.45,33.25,2.228,0.198,0.163,banana,fresh
928010,917,455.95,40.50,33.35,2.228,0.198,0.163,banana,fresh
929020,918,456.00,40.35,33.20,2.229,0.197,0.162,banana,fresh
930031,919,456.00,40.50,33.25,2.229,0.198,0.163,banana,fresh
931042,920,456.00,40.65,33.10,2.229,0.199,0.162,banana,fresh
932054,921,456.00,40.60,33.25,2.229,0.198,0.163,banana,fresh
933064,922,456.00,40.50,33.30,2.229,0.198,0.163,banana,fresh
934075,923,456.00,40.45,33.35,2.229,0.198,0.163,banana,fresh
935086,924,456.00,40.55,33.25,2.229,0.198,0.163,banana,fresh
936097,925,456.05,40.70,33.30,2.229,0.199,0.163,banana,fresh
937108,926,456.05,40.20,33.30,2.229,0.196,0.163,banana,fresh
938119,927,456.05,40.50,33.25,2.229,0.198,0.163,banana,fresh
939129,928,456.35,40.40,33.25,2.230,0.197,0.163,banana,fresh
940141,929,456.25,40.50,33.30,2.230,0.198,0.163,banana,fresh
941152,930,456.40,40.60,33.20,2.231,0.198,0.162,banana,fresh
942162,931,456.60,40.60,33.25,2.232,0.198,0.163,banana,fresh
943173,932,456.55,40.55,33.25,2.231,0.198,0.163,banana,fresh
944185,933,456.75,40.70,33.25,2.232,0.199,0.163,banana,fresh
945196,934,456.85,40.65,33.30,2.233,0.199,0.163,banana,fresh
946206,935,456.85,40.65,33.25,2.233,0.199,0.163,banana,fresh
947217,936,456.95,40.75,33.50,2.233,0.199,0.164,banana,fresh
948229,937,457.00,40.70,33.45,2.234,0.199,0.163,banana,fresh
949239,938,457.00,40.70,33.15,2.234,0.199,0.162,banana,fresh
950250,939,457.00,40.60,33.25,2.234,0.198,0.163,banana,fresh
951261,940,457.00,40.75,33.35,2.234,0.199,0.163,banana,fresh
952272,941,457.00,40.40,33.20,2.234,0.197,0.162,banana,fresh
953283,942,457.00,40.70,33.30,2.234,0.199,0.163,banana,fresh
954294,943,457.00,40.65,33.20,2.234,0.199,0.162,banana,fresh
955304,944,457.05,40.65,33.40,2.234,0.199,0.163,banana,fresh
956316,945,457.05,40.65,33.30,2.234,0.199,0.163,banana,fresh
957327,946,457.15,40.80,33.35,2.234,0.199,0.163,banana,fresh
958338,947,457.15,40.70,33.25,2.234,0.199,0.163,banana,fresh
959348,948,457.25,40.60,33.25,2.235,0.198,0.163,banana,fresh
960360,949,457.30,40.65,33.30,2.235,0.199,0.163,banana,fresh
961371,950,457.55,40.55,33.50,2.236,0.198,0.164,banana,fresh
962381,951,457.60,40.60,33.25,2.237,0.198,0.163,banana,fresh
963392,952,457.60,40.65,33.30,2.237,0.199,0.163,banana,fresh
964404,953,457.65,40.95,33.25,2.237,0.200,0.163,banana,fresh
965414,954,457.80,40.80,33.25,2.238,0.199,0.163,banana,fresh
966425,955,457.80,40.90,33.30,2.238,0.200,0.163,banana,fresh
967436,956,458.00,40.65,33.50,2.239,0.199,0.164,banana,fresh
968448,957,457.90,40.65,33.35,2.238,0.199,0.163,banana,fresh
969458,958,458.00,40.60,33.30,2.239,0.198,0.163,banana,fresh
970469,959,458.00,40.75,33.35,2.239,0.199,0.163,banana,fresh
971480,960,458.00,40.65,33.40,2.239,0.199,0.163,banana,fresh
972491,961,458.00,40.80,33.40,2.239,0.199,0.163,banana,fresh
973502,962,458.00,40.70,33.35,2.239,0.199,0.163,banana,fresh
974513,963,458.00,40.65,33.40,2.239,0.199,0.163,banana,fresh
975523,964,458.05,40.75,33.50,2.239,0.199,0.164,banana,fresh
976535,965,458.00,40.70,33.40,2.239,0.199,0.163,banana,fresh
977546,966,458.00,40.75,33.35,2.239,0.199,0.163,banana,fresh
978556,967,458.00,40.75,33.35,2.239,0.199,0.163,banana,fresh
979567,968,458.15,40.80,33.35,2.239,0.199,0.163,banana,fresh
980579,969,458.25,40.75,33.35,2.240,0.199,0.163,banana,fresh
981590,970,458.30,40.85,33.40,2.240,0.200,0.163,banana,fresh
982600,971,458.55,40.75,33.45,2.241,0.199,0.163,banana,fresh
983611,972,458.30,40.75,33.35,2.240,0.199,0.163,banana,fresh
984623,973,458.75,40.80,33.55,2.242,0.199,0.164,banana,fresh
985633,974,458.70,40.65,33.40,2.242,0.199,0.163,banana,fresh
986644,975,458.90,40.85,33.35,2.243,0.200,0.163,banana,fresh
987655,976,458.90,40.80,33.25,2.243,0.199,0.163,banana,fresh
988666,977,459.00,40.75,33.40,2.243,0.199,0.163,banana,fresh
989677,978,459.00,40.85,33.40,2.243,0.200,0.163,banana,fresh
990688,979,459.00,40.65,33.50,2.243,0.199,0.164,banana,fresh
991698,980,459.00,40.85,33.55,2.243,0.200,0.164,banana,fresh
992710,981,459.00,40.75,33.35,2.243,0.199,0.163,banana,fresh
993721,982,459.00,40.80,33.45,2.243,0.199,0.163,banana,fresh
994732,983,459.00,40.85,33.40,2.243,0.200,0.163,banana,fresh
995742,984,459.05,40.75,33.15,2.244,0.199,0.162,banana,fresh
996754,985,459.00,40.75,33.50,2.243,0.199,0.164,banana,fresh
997765,986,459.05,40.80,33.50,2.244,0.199,0.164,banana,fresh
998775,987,459.00,40.95,33.45,2.243,0.200,0.163,banana,fresh
999786,988,459.15,40.85,33.40,2.244,0.200,0.163,banana,fresh
1000798,989,459.30,40.95,33.50,2.245,0.200,0.164,banana,fresh
1001808,990,459.25,40.85,33.30,2.245,0.200,0.163,banana,fresh
1002819,991,459.60,40.95,33.45,2.246,0.200,0.163,banana,fresh
1003830,992,459.65,40.95,33.45,2.247,0.200,0.163,banana,fresh
1004841,993,459.60,40.85,33.40,2.246,0.200,0.163,banana,fresh
1005852,994,459.85,40.90,33.55,2.248,0.200,0.164,banana,fresh
1006863,995,459.90,40.90,33.30,2.248,0.200,0.163,banana,fresh
1007875,996,459.95,40.80,33.35,2.248,0.199,0.163,banana,fresh
1008885,997,460.00,40.80,33.35,2.248,0.199,0.163,banana,fresh
1009896,998,460.00,40.95,33.35,2.248,0.200,0.163,banana,fresh
1010907,999,460.00,40.80,33.50,2.248,0.199,0.164,banana,fresh
1011918,1000,460.00,40.65,33.35,2.248,0.199,0.163,banana,fresh
1012929,1001,460.00,40.95,33.35,2.248,0.200,0.163,banana,fresh
1013940,1002,460.00,40.80,33.55,2.248,0.199,0.164,banana,fresh
1014951,1003,460.00,40.90,33.65,2.248,0.200,0.164,banana,fresh
1015962,1004,460.00,40.95,33.60,2.248,0.200,0.164,banana,fresh
1016973,1005,460.10,40.95,33.35,2.249,0.200,0.163,banana,fresh
1017985,1006,460.05,40.95,33.55,2.249,0.200,0.164,banana,fresh
1018995,1007,460.15,40.80,33.40,2.249,0.199,0.163,banana,fresh
1020006,1008,460.40,40.90,33.60,2.250,0.200,0.164,banana,fresh
1021018,1009,460.30,40.95,33.55,2.250,0.200,0.164,banana,fresh
1022028,1010,460.55,40.90,33.35,2.251,0.200,0.163,banana,fresh
1023039,1011,460.75,40.80,33.50,2.252,0.199,0.164,banana,fresh
1024051,1012,460.75,40.80,33.65,2.252,0.199,0.164,banana,fresh
1025061,1013,460.85,40.90,33.45,2.252,0.200,0.163,banana,fresh
1026072,1014,461.00,40.80,33.45,2.253,0.199,0.163,banana,fresh
1027084,1015,460.85,40.95,33.60,2.252,0.200,0.164,banana,fresh
1028094,1016,461.00,41.00,33.60,2.253,0.200,0.164,banana,fresh
1029105,1017,461.00,41.00,33.50,2.253,0.200,0.164,banana,fresh
1030117,1018,461.00,40.90,33.65,2.253,0.200,0.164,banana,fresh
1031128,1019,461.00,40.85,33.65,2.253,0.200,0.164,banana,fresh
1032138,1020,461.00,40.90,33.55,2.253,0.200,0.164,banana,fresh
1033150,1021,461.00,40.90,33.50,2.253,0.200,0.164,banana,fresh
1034161,1022,461.00,40.95,33.55,2.253,0.200,0.164,banana,fresh
1035171,1023,461.00,41.00,33.60,2.253,0.200,0.164,banana,fresh
1036183,1024,461.05,40.95,33.45,2.253,0.200,0.163,banana,fresh
1037194,1025,461.05,40.90,33.50,2.253,0.200,0.164,banana,fresh
1038204,1026,461.10,40.95,33.60,2.254,0.200,0.164,banana,fresh
1039216,1027,461.15,40.85,33.65,2.254,0.200,0.164,banana,fresh
1040227,1028,461.30,40.90,33.60,2.255,0.200,0.164,banana,fresh
1041238,1029,461.55,40.90,33.65,2.256,0.200,0.164,banana,fresh
1042249,1030,461.65,40.90,33.45,2.256,0.200,0.163,banana,fresh
1043260,1031,461.75,40.85,33.50,2.257,0.200,0.164,banana,fresh
1044271,1032,461.90,41.00,33.70,2.258,0.200,0.165,banana,fresh
1045282,1033,461.85,40.95,33.75,2.257,0.200,0.165,banana,fresh
1046293,1034,461.90,40.95,33.65,2.258,0.200,0.164,banana,fresh
1047304,1035,462.00,40.95,33.65,2.258,0.200,0.164,banana,fresh
1048315,1036,462.00,40.95,33.65,2.258,0.200,0.164,banana,fresh
1049326,1037,462.00,40.90,33.70,2.258,0.200,0.165,banana,fresh
1050337,1038,462.00,41.00,33.70,2.258,0.200,0.165,banana,fresh
1051348,1039,462.00,41.00,33.75,2.258,0.200,0.165,banana,fresh
1052359,1040,462.00,41.00,33.45,2.258,0.200,0.163,banana,fresh
1053370,1041,462.00,41.00,33.50,2.258,0.200,0.164,banana,fresh
1054381,1042,462.10,41.00,33.55,2.259,0.200,0.164,banana,fresh
1055392,1043,462.10,40.95,33.65,2.259,0.200,0.164,banana,fresh
1056403,1044,462.20,40.95,33.45,2.259,0.200,0.163,banana,fresh
1057415,1045,462.25,40.95,33.80,2.259,0.200,0.165,banana,fresh
1058425,1046,462.20,41.00,33.65,2.259,0.200,0.164,banana,fresh
1059436,1047,462.55,41.00,33.65,2.261,0.200,0.164,banana,fresh
1060447,1048,462.60,41.00,33.65,2.261,0.200,0.164,banana,fresh
1061458,1049,462.70,40.90,33.55,2.261,0.200,0.164,banana,fresh
1062469,1050,462.70,41.00,33.65,2.261,0.200,0.164,banana,fresh
1063480,1051,462.75,41.00,33.70,2.262,0.200,0.165,banana,fresh
1064492,1052,462.85,41.00,33.55,2.262,0.200,0.164,banana,fresh
1065502,1053,463.00,40.95,33.75,2.263,0.200,0.165,banana,fresh
1066513,1054,463.00,40.95,33.65,2.263,0.200,0.164,banana,fresh
1067525,1055,463.00,40.95,33.80,2.263,0.200,0.165,banana,fresh
1068535,1056,463.00,40.95,33.80,2.263,0.200,0.165,banana,fresh
1069546,1057,463.00,41.00,33.65,2.263,0.200,0.164,banana,fresh
1070558,1058,463.00,41.00,33.65,2.263,0.200,0.164,banana,fresh
1071568,1059,463.00,41.00,33.55,2.263,0.200,0.164,banana,fresh
1072579,1060,463.00,41.00,33.55,2.263,0.200,0.164,banana,fresh
1073591,1061,463.00,40.95,33.80,2.263,0.200,0.165,banana,fresh
1074601,1062,463.00,40.95,33.75,2.263,0.200,0.165,banana,fresh
1075612,1063,463.00,41.00,33.90,2.263,0.200,0.166,banana,fresh
1076624,1064,463.15,40.95,33.55,2.264,0.200,0.164,banana,fresh
1077635,1065,463.35,40.95,33.80,2.265,0.200,0.165,banana,fresh
1078645,1066,463.45,41.00,33.50,2.265,0.200,0.164,banana,fresh
1079657,1067,463.25,41.00,33.65,2.264,0.200,0.164,banana,fresh
1080668,1068,463.35,41.00,33.60,2.265,0.200,0.164,banana,fresh
1081678,1069,463.60,41.00,33.65,2.266,0.200,0.164,banana,fresh
1082690,1070,463.65,41.00,33.75,2.266,0.200,0.165,banana,fresh
1083701,1071,463.70,40.95,33.70,2.266,0.200,0.165,banana,fresh
1084711,1072,464.00,40.95,33.65,2.268,0.200,0.164,banana,fresh
1085723,1073,463.95,41.00,33.80,2.268,0.200,0.165,banana,fresh
1086734,1074,463.95,40.95,33.60,2.268,0.200,0.164,banana,fresh
1087745,1075,464.00,41.00,33.75,2.268,0.200,0.165,banana,fresh
1088756,1076,464.00,40.95,33.85,2.268,0.200,0.165,banana,fresh
1089767,1077,464.00,40.95,33.60,2.268,0.200,0.164,banana,fresh
1090778,1078,464.00,41.00,33.65,2.268,0.200,0.164,banana,fresh
1091788,1079,464.00,41.00,33.80,2.268,0.200,0.165,banana,fresh
1092800,1080,464.00,41.00,33.85,2.268,0.200,0.165,banana,fresh
1093811,1081,464.05,41.00,33.90,2.268,0.200,0.166,banana,fresh
1094821,1082,464.00,41.00,33.70,2.268,0.200,0.165,banana,fresh
1095833,1083,464.00,41.00,33.70,2.268,0.200,0.165,banana,fresh
1096844,1084,464.00,40.95,33.55,2.268,0.200,0.164,banana,fresh
1097854,1085,464.05,41.00,33.70,2.268,0.200,0.165,banana,fresh
1098866,1086,464.05,41.00,33.65,2.268,0.200,0.164,banana,fresh
1099877,1087,464.10,41.00,33.80,2.268,0.200,0.165,banana,fresh
1100888,1088,464.05,41.00,33.70,2.268,0.200,0.165,banana,fresh
1101899,1089,464.10,41.00,33.95,2.268,0.200,0.166,banana,fresh
1102910,1090,464.35,41.00,33.80,2.270,0.200,0.165,banana,fresh
1103921,1091,464.40,41.00,33.85,2.270,0.200,0.165,banana,fresh
1104932,1092,464.70,40.95,33.70,2.271,0.200,0.165,banana,fresh
1105943,1093,464.55,40.95,33.70,2.271,0.200,0.165,banana,fresh
1106954,1094,464.55,41.00,33.70,2.271,0.200,0.165,banana,fresh
1107965,1095,464.75,41.00,33.95,2.272,0.200,0.166,banana,fresh
1108976,1096,464.90,40.95,33.75,2.272,0.200,0.165,banana,fresh
1109987,1097,464.95,41.00,33.75,2.272,0.200,0.165,banana,fresh
1110999,1098,464.95,41.00,33.80,2.272,0.200,0.165,banana,fresh
1112009,1099,465.00,41.00,33.75,2.273,0.200,0.165,banana,fresh
1113020,1100,465.00,40.95,33.85,2.273,0.200,0.165,banana,fresh
1114031,1101,465.00,41.00,33.80,2.273,0.200,0.165,banana,fresh
1115042,1102,465.00,41.00,33.90,2.273,0.200,0.166,banana,fresh
1116053,1103,465.00,41.00,33.75,2.273,0.200,0.165,banana,fresh
1117064,1104,465.00,41.00,33.85,2.273,0.200,0.165,banana,fresh
1118075,1105,465.00,41.00,33.60,2.273,0.200,0.164,banana,fresh
1119086,1106,465.00,40.95,33.90,2.273,0.200,0.166,banana,fresh
1120097,1107,465.00,40.95,33.80,2.273,0.200,0.165,banana,fresh
1121108,1108,465.00,41.00,33.85,2.273,0.200,0.165,banana,fresh
1122119,1109,465.05,41.00,33.70,2.273,0.200,0.165,banana,fresh
1123130,1110,465.10,41.00,33.75,2.273,0.200,0.165,banana,fresh
1124142,1111,465.10,41.00,33.80,2.273,0.200,0.165,banana,fresh
1125152,1112,465.40,41.00,33.80,2.275,0.200,0.165,banana,fresh
1126163,1113,465.30,41.00,33.80,2.274,0.200,0.165,banana,fresh
1127175,1114,465.40,41.00,33.70,2.275,0.200,0.165,banana,fresh
1128185,1115,465.50,41.00,33.80,2.275,0.200,0.165,banana,fresh
1129196,1116,465.45,41.00,33.85,2.275,0.200,0.165,banana,fresh
1130207,1117,465.75,41.00,33.75,2.276,0.200,0.165,banana,fresh
1131218,1118,465.75,41.00,33.80,2.276,0.200,0.165,banana,fresh
1132229,1119,465.90,41.00,33.80,2.277,0.200,0.165,banana,fresh
1133240,1120,465.90,41.00,33.75,2.277,0.200,0.165,banana,fresh
1134252,1121,466.00,41.00,33.75,2.278,0.200,0.165,banana,fresh
1135262,1122,465.95,41.00,33.85,2.277,0.200,0.165,banana,fresh
1136273,1123,466.00,41.00,33.80,2.278,0.200,0.165,banana,fresh
1137285,1124,466.00,41.00,33.85,2.278,0.200,0.165,banana,fresh
1138295,1125,466.00,41.00,33.90,2.278,0.200,0.166,banana,fresh
1139306,1126,466.00,41.00,33.90,2.278,0.200,0.166,banana,fresh
1140318,1127,466.00,41.00,33.85,2.278,0.200,0.165,banana,fresh
1141328,1128,466.05,41.00,33.80,2.278,0.200,0.165,banana,fresh
1142339,1129,466.00,41.00,33.70,2.278,0.200,0.165,banana,fresh
1143351,1130,466.00,41.00,33.85,2.278,0.200,0.165,banana,fresh
1144361,1131,466.05,41.00,33.80,2.278,0.200,0.165,banana,fresh
1145372,1132,466.10,41.00,33.85,2.278,0.200,0.165,banana,fresh
1146383,1133,466.10,41.00,33.90,2.278,0.200,0.166,banana,fresh
1147395,1134,466.05,41.00,33.90,2.278,0.200,0.166,banana,fresh
1148405,1135,466.15,41.00,33.80,2.278,0.200,0.165,banana,fresh
1149416,1136,466.30,41.00,33.85,2.279,0.200,0.165,banana,fresh
1150428,1137,466.40,41.00,33.85,2.280,0.200,0.165,banana,fresh
1151438,1138,466.30,41.00,33.85,2.279,0.200,0.165,banana,fresh
1152449,1139,466.45,41.00,33.90,2.280,0.200,0.166,banana,fresh
1153461,1140,466.50,41.00,33.85,2.280,0.200,0.165,banana,fresh
1154471,1141,466.60,41.00,33.75,2.281,0.200,0.165,banana,fresh
1155482,1142,466.70,41.00,33.80,2.281,0.200,0.165,banana,fresh
1156494,1143,467.00,41.00,33.95,2.283,0.200,0.166,banana,fresh
1157505,1144,466.85,41.05,33.85,2.282,0.201,0.165,banana,fresh
1158515,1145,466.90,41.00,33.85,2.282,0.200,0.165,banana,fresh
1159527,1146,467.00,41.00,33.85,2.283,0.200,0.165,banana,fresh
1160538,1147,467.00,41.00,33.85,2.283,0.200,0.165,banana,fresh
1161548,1148,467.00,41.00,33.80,2.283,0.200,0.165,banana,fresh
1162559,1149,467.00,41.00,33.85,2.283,0.200,0.165,banana,fresh
1163571,1150,467.00,41.00,33.85,2.283,0.200,0.165,banana,fresh
1164581,1151,467.00,41.00,33.80,2.283,0.200,0.165,banana,fresh
1165592,1152,467.00,41.00,33.85,2.283,0.200,0.165,banana,fresh
1166604,1153,467.00,41.00,34.00,2.283,0.200,0.166,banana,fresh
1167614,1154,467.00,41.00,33.80,2.283,0.200,0.165,banana,fresh
1168625,1155,467.00,41.00,33.90,2.283,0.200,0.166,banana,fresh
1169637,1156,467.00,41.00,33.95,2.283,0.200,0.166,banana,fresh
1170648,1157,467.00,41.05,33.80,2.283,0.201,0.165,banana,fresh
1171658,1158,467.10,41.00,33.95,2.283,0.200,0.166,banana,fresh
1172670,1159,467.15,41.00,33.85,2.283,0.200,0.165,banana,fresh
1173681,1160,467.15,41.00,33.95,2.283,0.200,0.166,banana,fresh
1174691,1161,467.30,41.00,33.90,2.284,0.200,0.166,banana,fresh
1175703,1162,467.35,41.00,33.80,2.284,0.200,0.165,banana,fresh
1176714,1163,467.40,41.00,33.90,2.284,0.200,0.166,banana,fresh
1177724,1164,467.40,41.05,34.00,2.284,0.201,0.166,banana,fresh
1178736,1165,467.65,41.00,33.80,2.286,0.200,0.165,banana,fresh
1179747,1166,467.60,41.00,33.90,2.285,0.200,0.166,banana,fresh
1180758,1167,467.75,41.00,33.85,2.286,0.200,0.165,banana,fresh
1181769,1168,467.80,41.00,33.85,2.286,0.200,0.165,banana,fresh
1182780,1169,467.95,41.00,33.90,2.287,0.200,0.166,banana,fresh
1183791,1170,468.00,41.05,33.85,2.287,0.201,0.165,banana,fresh
1184801,1171,468.00,41.05,34.00,2.287,0.201,0.166,banana,fresh
1185813,1172,467.95,41.00,33.95,2.287,0.200,0.166,banana,fresh
1186824,1173,468.00,41.00,33.80,2.287,0.200,0.165,banana,fresh
1187834,1174,468.00,41.00,33.85,2.287,0.200,0.165,banana,fresh
1188846,1175,468.00,41.00,33.90,2.287,0.200,0.166,banana,fresh
1189857,1176,468.00,41.00,34.00,2.287,0.200,0.166,banana,fresh
1190867,1177,468.00,41.00,33.90,2.287,0.200,0.166,banana,fresh
1191879,1178,468.00,41.00,33.90,2.287,0.200,0.166,banana,fresh
1192890,1179,468.00,41.00,33.90,2.287,0.200,0.166,banana,fresh
1193901,1180,468.00,41.00,33.90,2.287,0.200,0.166,banana,fresh
1194912,1181,468.10,41.05,33.85,2.288,0.201,0.165,banana,fresh
1195923,1182,468.20,41.00,33.75,2.288,0.200,0.165,banana,fresh
1196934,1183,468.20,41.05,33.80,2.288,0.201,0.165,banana,fresh
1197945,1184,468.50,41.00,33.95,2.290,0.200,0.166,banana,fresh
1198956,1185,468.70,41.00,33.75,2.291,0.200,0.165,banana,fresh
1199967,1186,468.65,41.10,33.95,2.291,0.201,0.166,banana,fresh
1200978,1187,468.75,41.00,33.90,2.291,0.200,0.166,banana,fresh
1201989,1188,468.90,41.10,33.90,2.292,0.201,0.166,banana,fresh
1203000,1189,468.95,41.00,33.85,2.292,0.200,0.165,banana,fresh
1204012,1190,469.00,41.00,33.90,2.292,0.200,0.166,banana,fresh
1205022,1191,469.00,41.00,33.95,2.292,0.200,0.166,banana,fresh
1206033,1192,469.00,41.05,33.95,2.292,0.201,0.166,banana,fresh
1207045,1193,469.00,41.10,33.80,2.292,0.201,0.165,banana,fresh
1208055,1194,469.00,41.00,33.90,2.292,0.200,0.166,banana,fresh
1209066,1195,469.00,41.05,33.85,2.292,0.201,0.165,banana,fresh
1210078,1196,469.00,41.00,33.80,2.292,0.200,0.165,banana,fresh
1211088,1197,469.00,41.00,33.90,2.292,0.200,0.166,banana,fresh
1212099,1198,469.05,41.00,34.00,2.293,0.200,0.166,banana,fresh
1213110,1199,469.05,41.05,33.90,2.293,0.201,0.166,banana,fresh
1214121,1200,469.10,41.00,33.95,2.293,0.200,0.166,banana,fresh
1215132,1201,469.20,41.00,34.00,2.293,0.200,0.166,banana,fresh
1216143,1202,469.15,41.05,33.90,2.293,0.201,0.166,banana,fresh
1217155,1203,469.15,41.05,33.80,2.293,0.201,0.165,banana,fresh
1218165,1204,469.15,41.00,33.95,2.293,0.200,0.166,banana,fresh
1219176,1205,469.55,41.05,33.95,2.295,0.201,0.166,banana,fresh
1220188,1206,469.45,41.10,33.85,2.294,0.201,0.165,banana,fresh
1221198,1207,469.80,41.00,33.95,2.296,0.200,0.166,banana,fresh
1222209,1208,469.75,41.00,33.95,2.296,0.200,0.166,banana,fresh
1223221,1209,469.90,41.00,34.00,2.297,0.200,0.166,banana,fresh
1224231,1210,469.95,41.10,33.95,2.297,0.201,0.166,banana,fresh
1225242,1211,469.90,41.05,33.85,2.297,0.201,0.165,banana,fresh
1226254,1212,469.95,41.05,33.95,2.297,0.201,0.166,banana,fresh
1227265,1213,469.95,41.00,33.95,2.297,0.200,0.166,banana,fresh
1228276,1214,470.00,41.00,33.90,2.297,0.200,0.166,banana,fresh
1229287,1215,470.00,41.00,34.00,2.297,0.200,0.166,banana,fresh
1230298,1216,470.00,41.05,34.00,2.297,0.201,0.166,banana,fresh
1231308,1217,470.00,41.05,33.95,2.297,0.201,0.166,banana,fresh
1232320,1218,470.00,41.00,34.00,2.297,0.200,0.166,banana,fresh
1233331,1219,470.00,41.10,33.95,2.297,0.201,0.166,banana,fresh
1234341,1220,470.05,41.05,33.95,2.297,0.201,0.166,banana,fresh
1235353,1221,470.00,41.05,34.00,2.297,0.201,0.166,banana,fresh
1236364,1222,470.00,41.00,33.90,2.297,0.200,0.166,banana,fresh
1237374,1223,470.00,41.00,34.00,2.297,0.200,0.166,banana,fresh
1238386,1224,470.00,41.05,34.00,2.297,0.201,0.166,banana,fresh
1239397,1225,470.00,41.05,33.95,2.297,0.201,0.166,banana,fresh
1240408,1226,470.05,41.00,34.00,2.297,0.200,0.166,banana,fresh
1241419,1227,470.05,41.05,34.00,2.297,0.201,0.166,banana,fresh
1242430,1228,470.10,41.05,33.95,2.298,0.201,0.166,banana,fresh
1243441,1229,470.25,41.00,33.95,2.298,0.200,0.166,banana,fresh
1244452,1230,470.45,41.00,33.95,2.299,0.200,0.166,banana,fresh
1245463,1231,470.55,41.00,34.00,2.300,0.200,0.166,banana,fresh
1246474,1232,470.60,41.05,33.90,2.300,0.201,0.166,banana,fresh
1247485,1233,470.65,41.00,34.00,2.300,0.200,0.166,banana,fresh
1248496,1234,470.75,41.05,33.95,2.301,0.201,0.166,banana,fresh
1249507,1235,470.80,41.05,33.95,2.301,0.201,0.166,banana,fresh
1250519,1236,470.95,41.00,33.90,2.302,0.200,0.166,banana,fresh
1251529,1237,470.95,41.10,33.90,2.302,0.201,0.166,banana,fresh
1252540,1238,471.00,41.00,34.00,2.302,0.200,0.166,banana,fresh
1253552,1239,471.00,41.05,33.95,2.302,0.201,0.166,banana,fresh
1254562,1240,471.00,41.15,33.90,2.302,0.201,0.166,banana,fresh
1255573,1241,471.05,41.10,34.00,2.302,0.201,0.166,banana,fresh
1256584,1242,471.00,41.00,33.95,2.302,0.200,0.166,banana,fresh
1257595,1243,471.00,41.00,34.00,2.302,0.200,0.166,banana,fresh
1258606,1244,471.00,41.10,34.00,2.302,0.201,0.166,banana,fresh
1259617,1245,471.00,41.05,33.95,2.302,0.201,0.166,banana,fresh
1260628,1246,471.00,41.05,33.95,2.302,0.201,0.166,banana,fresh
1261639,1247,471.00,41.05,34.00,2.302,0.201,0.166,banana,fresh
1262650,1248,471.00,41.00,34.00,2.302,0.200,0.166,banana,fresh
1263662,1249,471.00,41.05,34.00,2.302,0.201,0.166,banana,fresh
1264672,1250,471.10,41.15,33.95,2.303,0.201,0.166,banana,fresh
1265683,1251,471.10,41.05,34.00,2.303,0.201,0.166,banana,fresh
1266695,1252,471.25,41.05,34.00,2.303,0.201,0.166,banana,fresh
1267705,1253,471.30,41.00,33.90,2.304,0.200,0.166,banana,fresh
1268716,1254,471.50,41.00,33.95,2.304,0.200,0.166,banana,fresh
1269728,1255,471.45,41.15,34.00,2.304,0.201,0.166,banana,fresh
1270738,1256,471.50,41.10,33.90,2.304,0.201,0.166,banana,fresh
1271749,1257,471.60,41.00,34.00,2.305,0.200,0.166,banana,fresh
1272761,1258,471.60,41.10,34.00,2.305,0.201,0.166,banana,fresh
1273772,1259,471.90,41.05,34.00,2.306,0.201,0.166,banana,fresh
1274782,1260,471.90,41.05,33.95,2.306,0.201,0.166,banana,fresh
1275794,1261,471.85,41.10,34.00,2.306,0.201,0.166,banana,fresh
1276805,1262,472.00,41.00,34.00,2.307,0.200,0.166,banana,fresh
1277815,1263,472.00,41.15,34.00,2.307,0.201,0.166,banana,fresh
1278826,1264,472.00,41.15,34.00,2.307,0.201,0.166,banana,fresh
1279838,1265,472.00,41.10,33.90,2.307,0.201,0.166,banana,fresh
1280848,1266,472.00,41.00,34.00,2.307,0.200,0.166,banana,fresh
1281859,1267,472.00,41.10,33.90,2.307,0.201,0.166,banana,fresh
1282871,1268,472.00,41.00,33.95,2.307,0.200,0.166,banana,fresh
1283881,1269,472.05,41.00,34.00,2.307,0.200,0.166,banana,fresh
1284892,1270,472.00,41.10,34.00,2.307,0.201,0.166,banana,fresh
1285904,1271,472.05,41.05,34.00,2.307,0.201,0.166,banana,fresh
1286915,1272,472.00,41.15,33.95,2.307,0.201,0.166,banana,fresh
1287925,1273,472.00,41.05,34.00,2.307,0.201,0.166,banana,fresh
1288937,1274,472.00,41.10,34.00,2.307,0.201,0.166,banana,fresh
1289948,1275,472.15,41.15,33.90,2.308,0.201,0.166,banana,fresh
1290958,1276,472.15,41.15,34.00,2.308,0.201,0.166,banana,fresh
1291970,1277,472.40,41.10,34.00,2.309,0.201,0.166,banana,fresh
1292981,1278,472.40,41.10,34.00,2.309,0.201,0.166,banana,fresh
1293991,1279,472.20,41.00,33.90,2.308,0.200,0.166,banana,fresh
1295003,1280,472.60,41.15,34.00,2.310,0.201,0.166,banana,fresh
1296014,1281,472.45,41.20,34.00,2.309,0.201,0.166,banana,fresh
1297025,1282,472.80,41.20,33.85,2.311,0.201,0.165,banana,fresh
1298036,1283,472.70,41.10,34.00,2.310,0.201,0.166,banana,fresh
1299047,1284,473.00,41.05,33.95,2.312,0.201,0.166,banana,fresh
1300058,1285,472.85,41.00,34.00,2.311,0.200,0.166,banana,fresh
1301069,1286,472.85,41.15,34.00,2.311,0.201,0.166,banana,fresh
1302080,1287,472.95,41.05,34.00,2.312,0.201,0.166,banana,fresh
1303091,1288,473.00,41.10,34.00,2.312,0.201,0.166,banana,fresh
1304102,1289,473.00,41.15,33.90,2.312,0.201,0.166,banana,fresh
1305113,1290,473.00,41.10,34.00,2.312,0.201,0.166,banana,fresh
1306124,1291,473.00,41.10,34.00,2.312,0.201,0.166,banana,fresh
1307136,1292,473.00,41.05,34.00,2.312,0.201,0.166,banana,fresh
1308146,1293,473.00,41.10,33.95,2.312,0.201,0.166,banana,fresh
1309157,1294,473.00,41.10,34.00,2.312,0.201,0.166,banana,fresh
1310169,1295,473.00,41.10,34.00,2.312,0.201,0.166,banana,fresh
1311179,1296,473.00,41.05,34.00,2.312,0.201,0.166,banana,fresh
1312190,1297,473.05,41.25,34.00,2.312,0.202,0.166,banana,fresh
1313202,1298,473.05,41.20,34.00,2.312,0.201,0.166,banana,fresh
1314212,1299,473.05,41.10,33.95,2.312,0.201,0.166,banana,fresh
1315223,1300,473.10,41.20,34.00,2.312,0.201,0.166,banana,fresh
1316235,1301,473.15,41.20,34.00,2.313,0.201,0.166,banana,fresh
1317245,1302,473.20,41.15,34.00,2.313,0.201,0.166,banana,fresh
1318256,1303,473.35,41.15,34.00,2.314,0.201,0.166,banana,fresh
1319268,1304,473.40,41.20,34.00,2.314,0.201,0.166,banana,fresh
1320279,1305,473.60,41.25,34.00,2.315,0.202,0.166,banana,fresh
1321289,1306,473.45,41.10,34.00,2.314,0.201,0.166,banana,fresh
1322300,1307,473.80,41.30,34.00,2.316,0.202,0.166,banana,fresh
1323312,1308,473.75,41.20,34.00,2.315,0.201,0.166,banana,fresh
1324322,1309,473.80,41.20,34.00,2.316,0.201,0.166,banana,fresh
1325333,1310,473.95,41.25,33.95,2.316,0.202,0.166,banana,fresh
1326345,1311,473.90,41.20,34.00,2.316,0.201,0.166,banana,fresh
1327355,1312,474.00,41.25,34.00,2.317,0.202,0.166,banana,fresh
1328366,1313,474.00,41.10,34.00,2.317,0.201,0.166,banana,fresh
1329378,1314,474.00,41.20,34.00,2.317,0.201,0.166,banana,fresh
1330388,1315,474.00,41.20,34.00,2.317,0.201,0.166,banana,fresh
1331399,1316,474.00,41.15,34.00,2.317,0.201,0.166,banana,fresh
1332411,1317,474.00,41.10,34.00,2.317,0.201,0.166,banana,fresh
1333422,1318,474.00,41.25,33.95,2.317,0.202,0.166,banana,fresh
1334432,1319,474.00,41.30,34.00,2.317,0.202,0.166,banana,fresh
1335444,1320,474.00,41.20,34.00,2.317,0.201,0.166,banana,fresh
1336455,1321,474.00,41.20,34.00,2.317,0.201,0.166,banana,fresh
1337465,1322,474.00,41.35,34.00,2.317,0.202,0.166,banana,fresh
1338477,1323,474.15,41.25,34.00,2.317,0.202,0.166,banana,fresh
1339488,1324,474.10,41.35,34.00,2.317,0.202,0.166,banana,fresh
1340498,1325,474.35,41.05,34.05,2.318,0.201,0.166,banana,fresh
1341510,1326,474.20,41.45,34.00,2.318,0.203,0.166,banana,fresh
1342521,1327,474.20,41.25,34.00,2.318,0.202,0.166,banana,fresh
1343532,1328,474.25,41.35,34.00,2.318,0.202,0.166,banana,fresh
1344543,1329,474.45,41.25,34.00,2.319,0.202,0.166,banana,fresh
1345554,1330,474.40,41.20,34.00,2.319,0.201,0.166,banana,fresh
1346565,1331,474.75,41.00,34.00,2.320,0.200,0.166,banana,fresh
1347576,1332,474.65,41.40,34.00,2.320,0.202,0.166,banana,fresh
1348587,1333,474.75,41.25,34.00,2.320,0.202,0.166,banana,fresh
1349598,1334,474.85,41.25,34.00,2.321,0.202,0.166,banana,fresh
1350609,1335,474.90,41.15,34.00,2.321,0.201,0.166,banana,fresh
1351620,1336,474.95,41.25,34.00,2.321,0.202,0.166,banana,fresh
1352631,1337,475.00,41.40,34.00,2.322,0.202,0.166,banana,fresh
1353643,1338,475.00,41.35,34.00,2.322,0.202,0.166,banana,fresh
1354653,1339,475.00,41.20,34.00,2.322,0.201,0.166,banana,fresh
1355664,1340,475.00,41.50,34.00,2.322,0.203,0.166,banana,fresh
1356676,1341,475.00,41.30,33.95,2.322,0.202,0.166,banana,fresh
1357686,1342,475.00,41.20,34.00,2.322,0.201,0.166,banana,fresh
1358697,1343,475.00,41.20,34.00,2.322,0.201,0.166,banana,fresh
1359709,1344,475.00,41.40,34.00,2.322,0.202,0.166,banana,fresh
1360719,1345,475.00,41.20,34.00,2.322,0.201,0.166,banana,fresh
1361730,1346,475.05,41.30,34.00,2.322,0.202,0.166,banana,fresh
1362741,1347,475.00,41.40,34.00,2.322,0.202,0.166,banana,fresh
1363752,1348,475.00,41.30,34.00,2.322,0.202,0.166,banana,fresh
1364763,1349,475.05,41.20,34.00,2.322,0.201,0.166,banana,fresh
1365774,1350,475.25,41.40,34.00,2.323,0.202,0.166,banana,fresh
1366786,1351,475.20,41.35,34.00,2.323,0.202,0.166,banana,fresh
1367796,1352,475.35,41.35,34.00,2.323,0.202,0.166,banana,fresh
1368807,1353,475.45,41.55,34.00,2.324,0.203,0.166,banana,fresh
1369819,1354,475.45,41.25,34.00,2.324,0.202,0.166,banana,fresh
1370829,1355,475.50,41.25,34.00,2.324,0.202,0.166,banana,fresh
1371840,1356,475.60,41.40,34.00,2.325,0.202,0.166,banana,fresh
1372852,1357,475.75,41.25,34.00,2.325,0.202,0.166,banana,fresh
1373862,1358,475.90,41.50,34.00,2.326,0.203,0.166,banana,fresh
1374873,1359,475.95,41.20,34.00,2.326,0.201,0.166,banana,fresh
1375885,1360,476.00,41.45,34.00,2.326,0.203,0.166,banana,fresh
1376896,1361,476.00,41.35,34.00,2.326,0.202,0.166,banana,fresh
1377906,1362,476.00,41.40,34.00,2.326,0.202,0.166,banana,fresh
1378918,1363,476.00,41.25,34.00,2.326,0.202,0.166,banana,fresh
1379929,1364,476.00,41.40,34.00,2.326,0.202,0.166,banana,fresh
1380939,1365,476.00,41.40,34.00,2.326,0.202,0.166,banana,fresh
1381951,1366,476.00,41.30,34.00,2.326,0.202,0.166,banana,fresh
1382962,1367,476.00,41.40,34.00,2.326,0.202,0.166,banana,fresh
1383972,1368,476.00,41.45,33.95,2.326,0.203,0.166,banana,fresh
1384984,1369,476.00,41.50,34.00,2.326,0.203,0.166,banana,fresh
1385995,1370,476.05,41.70,34.00,2.327,0.204,0.166,banana,fresh
1387005,1371,476.05,41.40,34.00,2.327,0.202,0.166,banana,fresh
1388017,1372,476.20,41.30,34.00,2.327,0.202,0.166,banana,fresh
1389028,1373,476.40,41.35,34.00,2.328,0.202,0.166,banana,fresh
1390039,1374,476.35,41.30,34.00,2.328,0.202,0.166,banana,fresh
1391050,1375,476.40,41.40,34.00,2.328,0.202,0.166,banana,fresh
1392061,1376,476.65,41.50,34.00,2.330,0.203,0.166,banana,fresh
1393072,1377,476.50,41.40,34.00,2.329,0.202,0.166,banana,fresh
1394083,1378,476.80,41.45,34.00,2.330,0.203,0.166,banana,fresh
1395094,1379,476.90,41.55,34.00,2.331,0.203,0.166,banana,fresh
1396105,1380,476.90,41.10,34.00,2.331,0.201,0.166,banana,fresh
1397115,1381,476.95,41.55,34.00,2.331,0.203,0.166,banana,fresh
1398127,1382,477.00,41.65,34.00,2.331,0.204,0.166,banana,fresh
1399138,1383,477.00,41.55,34.00,2.331,0.203,0.166,banana,fresh
1400148,1384,477.00,41.65,33.95,2.331,0.204,0.166,banana,fresh
1401160,1385,477.00,41.60,34.00,2.331,0.203,0.166,banana,fresh
1402171,1386,477.00,41.25,34.00,2.331,0.202,0.166,banana,fresh
1403182,1387,477.00,41.25,34.00,2.331,0.202,0.166,banana,fresh
1404193,1388,477.00,41.40,34.00,2.331,0.202,0.166,banana,fresh
1405204,1389,477.00,41.75,34.00,2.331,0.204,0.166,banana,fresh
1406215,1390,477.00,41.45,34.00,2.331,0.203,0.166,banana,fresh
1407226,1391,477.05,41.60,34.00,2.332,0.203,0.166,banana,fresh
1408237,1392,477.15,41.65,33.95,2.332,0.204,0.166,banana,fresh
1409248,1393,477.25,41.45,34.00,2.333,0.203,0.166,banana,fresh
1410259,1394,477.45,41.50,34.00,2.334,0.203,0.166,banana,fresh
1411270,1395,477.45,41.40,34.00,2.334,0.202,0.166,banana,fresh
1412281,1396,477.45,41.65,34.00,2.334,0.204,0.166,banana,fresh
1413293,1397,477.80,41.55,34.00,2.335,0.203,0.166,banana,fresh
1414303,1398,477.80,41.55,33.95,2.335,0.203,0.166,banana,fresh
1415314,1399,477.90,41.85,34.05,2.336,0.205,0.166,banana,fresh
1416326,1400,478.00,41.45,34.00,2.336,0.203,0.166,banana,fresh
1417336,1401,478.00,41.65,34.00,2.336,0.204,0.166,banana,fresh
1418347,1402,478.00,41.40,34.00,2.336,0.202,0.166,banana,fresh
1419359,1403,478.00,41.70,34.00,2.336,0.204,0.166,banana,fresh
1420369,1404,478.00,41.65,34.00,2.336,0.204,0.166,banana,fresh
1421380,1405,478.00,41.35,33.95,2.336,0.202,0.166,banana,fresh
1422392,1406,478.00,41.50,34.00,2.336,0.203,0.166,banana,fresh
1423403,1407,478.00,41.65,34.00,2.336,0.204,0.166,banana,fresh
1424413,1408,478.05,41.70,34.05,2.337,0.204,0.166,banana,fresh
1425425,1409,478.05,41.50,34.00,2.337,0.203,0.166,banana,fresh
1426436,1410,478.10,41.45,34.00,2.337,0.203,0.166,banana,fresh
1427446,1411,478.15,41.70,34.00,2.337,0.204,0.166,banana,fresh
1428458,1412,478.20,41.40,34.00,2.337,0.202,0.166,banana,fresh
1429469,1413,478.20,41.50,34.00,2.337,0.203,0.166,banana,fresh
1430479,1414,478.10,41.70,34.00,2.337,0.204,0.166,banana,fresh
1431491,1415,478.20,41.50,34.00,2.337,0.203,0.166,banana,fresh
1432502,1416,478.45,41.55,34.00,2.338,0.203,0.166,banana,fresh
1433512,1417,478.40,41.55,34.00,2.338,0.203,0.166,banana,fresh
1434524,1418,478.55,41.70,34.00,2.339,0.204,0.166,banana,fresh
1435535,1419,478.85,41.55,34.00,2.340,0.203,0.166,banana,fresh
1436546,1420,478.90,41.70,34.00,2.341,0.204,0.166,banana,fresh
1437557,1421,479.00,41.75,34.00,2.341,0.204,0.166,banana,fresh
1438568,1422,478.95,41.45,34.00,2.341,0.203,0.166,banana,fresh
1439579,1423,479.00,41.85,34.00,2.341,0.205,0.166,banana,fresh
1440590,1424,479.00,41.55,34.05,2.341,0.203,0.166,banana,fresh
1441601,1425,479.00,41.50,34.00,2.341,0.203,0.166,banana,fresh
1442612,1426,479.00,41.55,34.00,2.341,0.203,0.166,banana,fresh
1443623,1427,479.00,41.55,34.00,2.341,0.203,0.166,banana,fresh
1444634,1428,479.00,41.75,34.05,2.341,0.204,0.166,banana,fresh
1445645,1429,479.00,41.65,34.00,2.341,0.204,0.166,banana,fresh
1446657,1430,479.05,41.60,34.05,2.341,0.203,0.166,banana,fresh
1447667,1431,479.20,41.45,34.00,2.342,0.203,0.166,banana,fresh
1448678,1432,479.10,41.65,34.00,2.342,0.204,0.166,banana,fresh
1449690,1433,479.00,41.60,34.00,2.341,0.203,0.166,banana,fresh
1450700,1434,479.10,41.70,34.00,2.342,0.204,0.166,banana,fresh
1451711,1435,479.30,41.55,34.00,2.343,0.203,0.166,banana,fresh
1452722,1436,479.45,41.60,34.00,2.343,0.203,0.166,banana,fresh
1453733,1437,479.35,41.85,34.00,2.343,0.205,0.166,banana,fresh
1454744,1438,479.45,41.70,34.00,2.343,0.204,0.166,banana,fresh
1455756,1439,479.70,41.70,34.05,2.345,0.204,0.166,banana,fresh
1456766,1440,479.65,41.60,34.05,2.344,0.203,0.166,banana,fresh
1457777,1441,479.95,41.70,34.00,2.346,0.204,0.166,banana,fresh
1458789,1442,480.00,41.75,34.05,2.346,0.204,0.166,banana,fresh
1459800,1443,480.00,41.70,34.00,2.346,0.204,0.166,banana,fresh
1460810,1444,480.00,41.80,34.00,2.346,0.204,0.166,banana,fresh
1461821,1445,480.00,41.80,34.00,2.346,0.204,0.166,banana,fresh
1462833,1446,480.00,41.85,34.00,2.346,0.205,0.166,banana,fresh
1463843,1447,480.00,41.80,34.00,2.346,0.204,0.166,banana,fresh
1464854,1448,480.00,41.55,34.00,2.346,0.203,0.166,banana,fresh
1465866,1449,480.00,41.65,34.00,2.346,0.204,0.166,banana,fresh
1466876,1450,480.00,41.65,34.00,2.346,0.204,0.166,banana,fresh
1467887,1451,480.00,41.80,34.00,2.346,0.204,0.166,banana,fresh
1468899,1452,480.05,41.50,34.05,2.346,0.203,0.166,banana,fresh
1469910,1453,480.10,41.80,34.00,2.347,0.204,0.166,banana,fresh
1470920,1454,480.05,41.65,34.00,2.346,0.204,0.166,banana,fresh
1471932,1455,480.10,41.70,34.00,2.347,0.204,0.166,banana,fresh
1472943,1456,480.30,41.75,34.00,2.348,0.204,0.166,banana,fresh
1473953,1457,480.15,41.85,34.00,2.347,0.205,0.166,banana,fresh
1474965,1458,480.45,41.75,34.00,2.348,0.204,0.166,banana,fresh
1475976,1459,480.70,41.70,34.00,2.349,0.204,0.166,banana,fresh
1476986,1460,480.60,41.80,34.00,2.349,0.204,0.166,banana,fresh
1477998,1461,480.50,41.50,34.00,2.348,0.203,0.166,banana,fresh
1479009,1462,480.90,41.75,34.05,2.350,0.204,0.166,banana,fresh
1480019,1463,480.90,41.70,34.00,2.350,0.204,0.166,banana,fresh
1481031,1464,481.00,41.80,34.00,2.351,0.204,0.166,banana,fresh
1482042,1465,481.00,41.95,34.05,2.351,0.205,0.166,banana,fresh
1483053,1466,480.95,41.75,34.00,2.351,0.204,0.166,banana,fresh
1484063,1467,481.00,41.75,34.00,2.351,0.204,0.166,banana,fresh
1485075,1468,481.00,41.80,34.00,2.351,0.204,0.166,banana,fresh
1486086,1469,481.00,41.65,34.00,2.351,0.204,0.166,banana,fresh
1487096,1470,481.00,41.85,34.00,2.351,0.205,0.166,banana,fresh
1488108,1471,481.00,41.70,34.05,2.351,0.204,0.166,banana,fresh
1489119,1472,481.05,41.80,34.10,2.351,0.204,0.167,banana,fresh
1490129,1473,481.05,41.75,34.05,2.351,0.204,0.166,banana,fresh
1491141,1474,481.00,41.85,34.00,2.351,0.205,0.166,banana,fresh
1492152,1475,481.05,41.80,34.00,2.351,0.204,0.166,banana,fresh
1493163,1476,481.10,41.85,34.00,2.351,0.205,0.166,banana,fresh
1494174,1477,481.05,41.75,34.00,2.351,0.204,0.166,banana,fresh
1495185,1478,481.25,41.65,34.00,2.352,0.204,0.166,banana,fresh
1496196,1479,481.25,41.90,34.00,2.352,0.205,0.166,banana,fresh
1497207,1480,481.50,41.85,34.00,2.353,0.205,0.166,banana,fresh
1498218,1481,481.40,41.75,34.00,2.353,0.204,0.166,banana,fresh
1499229,1482,481.45,41.80,34.00,2.353,0.204,0.166,banana,fresh
1500240,1483,481.60,41.95,34.05,2.354,0.205,0.166,banana,fresh
1501251,1484,481.75,41.75,34.00,2.355,0.204,0.166,banana,fresh
1502262,1485,481.90,41.80,34.00,2.355,0.204,0.166,banana,fresh
1503273,1486,481.80,41.65,34.00,2.355,0.204,0.166,banana,fresh
1504284,1487,481.95,41.80,34.05,2.356,0.204,0.166,banana,fresh
1505295,1488,481.95,41.95,34.00,2.356,0.205,0.166,banana,fresh
1506307,1489,482.00,42.00,34.05,2.356,0.205,0.166,banana,fresh
1507317,1490,482.00,41.80,34.00,2.356,0.204,0.166,banana,fresh
1508328,1491,482.00,41.90,34.05,2.356,0.205,0.166,banana,fresh
1509340,1492,482.00,41.95,34.00,2.356,0.205,0.166,banana,fresh
1510350,1493,482.00,41.75,34.00,2.356,0.204,0.166,banana,fresh
1511361,1494,482.00,41.70,34.05,2.356,0.204,0.166,banana,fresh
1512373,1495,482.00,41.85,34.00,2.356,0.205,0.166,banana,fresh
1513383,1496,482.10,41.85,34.05,2.356,0.205,0.166,banana,fresh
1514394,1497,482.00,41.85,34.05,2.356,0.205,0.166,banana,fresh
1515406,1498,482.15,41.90,34.00,2.357,0.205,0.166,banana,fresh
1516417,1499,482.20,41.85,34.00,2.357,0.205,0.166,banana,fresh
1517427,1500,482.25,41.75,34.00,2.357,0.204,0.166,banana,fresh
1518439,1501,482.20,41.90,34.15,2.357,0.205,0.167,banana,fresh
1519450,1502,482.20,41.70,34.05,2.357,0.204,0.166,banana,fresh
1520460,1503,482.35,41.85,34.00,2.358,0.205,0.166,banana,fresh
1521472,1504,482.40,41.85,34.00,2.358,0.205,0.166,banana,fresh
1522483,1505,482.55,41.90,34.00,2.359,0.205,0.166,banana,fresh
1523493,1506,482.60,41.80,34.00,2.359,0.204,0.166,banana,fresh
1524505,1507,482.85,41.85,34.05,2.360,0.205,0.166,banana,fresh
1525516,1508,482.85,41.80,34.00,2.360,0.204,0.166,banana,fresh
1526526,1509,482.75,41.85,34.05,2.359,0.205,0.166,banana,fresh
1527538,1510,483.00,41.90,34.05,2.361,0.205,0.166,banana,fresh
1528549,1511,483.00,41.80,34.05,2.361,0.204,0.166,banana,fresh
1529560,1512,483.00,41.85,34.15,2.361,0.205,0.167,banana,fresh
1530571,1513,483.00,41.90,34.00,2.361,0.205,0.166,banana,fresh
1531582,1514,483.00,41.90,34.00,2.361,0.205,0.166,banana,fresh
1532593,1515,483.00,41.85,34.00,2.361,0.205,0.166,banana,fresh
1533604,1516,483.00,41.90,34.00,2.361,0.205,0.166,banana,fresh
1534615,1517,483.00,41.80,34.05,2.361,0.204,0.166,banana,fresh
1535626,1518,483.00,41.75,34.00,2.361,0.204,0.166,banana,fresh
1536637,1519,483.00,41.90,34.00,2.361,0.205,0.166,banana,fresh
1537648,1520,483.00,41.75,34.05,2.361,0.204,0.166,banana,fresh
1538659,1521,483.10,41.90,34.00,2.361,0.205,0.166,banana,fresh
1539670,1522,483.00,41.80,34.05,2.361,0.204,0.166,banana,fresh
1540681,1523,483.10,41.95,34.10,2.361,0.205,0.167,banana,fresh
1541692,1524,483.10,41.85,34.00,2.361,0.205,0.166,banana,fresh
1542703,1525,483.05,41.85,34.00,2.361,0.205,0.166,banana,fresh
1543714,1526,483.30,41.95,34.05,2.362,0.205,0.166,banana,fresh
1544725,1527,483.35,41.85,34.05,2.362,0.205,0.166,banana,fresh
1545736,1528,483.25,41.80,34.00,2.362,0.204,0.166,banana,fresh
1546747,1529,483.45,41.90,34.00,2.363,0.205,0.166,banana,fresh
1547758,1530,483.80,41.80,34.05,2.365,0.204,0.166,banana,fresh
1548769,1531,483.60,41.95,34.10,2.364,0.205,0.167,banana,fresh
1549780,1532,483.60,41.75,34.15,2.364,0.204,0.167,banana,fresh
1550791,1533,483.70,41.95,34.00,2.364,0.205,0.166,banana,fresh
1551802,1534,483.90,41.95,34.10,2.365,0.205,0.167,banana,fresh
1552814,1535,483.85,41.95,34.00,2.365,0.205,0.166,banana,fresh
1553824,1536,483.95,41.95,34.05,2.365,0.205,0.166,banana,fresh
1554836,1537,484.00,41.95,34.10,2.366,0.205,0.167,banana,fresh
1555847,1538,483.95,41.95,34.10,2.365,0.205,0.167,banana,fresh
1556857,1539,484.00,41.95,34.00,2.366,0.205,0.166,banana,fresh
1557869,1540,484.00,41.85,34.05,2.366,0.205,0.166,banana,fresh
1558880,1541,484.00,41.95,34.00,2.366,0.205,0.166,banana,fresh
1559890,1542,484.00,42.00,34.05,2.366,0.205,0.166,banana,fresh
1560902,1543,484.00,41.95,34.05,2.366,0.205,0.166,banana,fresh
1561913,1544,484.00,41.85,34.00,2.366,0.205,0.166,banana,fresh
1562924,1545,484.00,41.95,34.00,2.366,0.205,0.166,banana,fresh
1563935,1546,484.20,41.95,34.05,2.367,0.205,0.166,banana,fresh
1564946,1547,484.05,41.90,34.05,2.366,0.205,0.166,banana,fresh
1565957,1548,484.10,41.85,34.00,2.366,0.205,0.166,banana,fresh
1566968,1549,484.05,41.85,34.05,2.366,0.205,0.166,banana,fresh
1567979,1550,484.10,41.90,34.00,2.366,0.205,0.166,banana,fresh
1568990,1551,484.20,41.95,34.05,2.367,0.205,0.166,banana,fresh
1570001,1552,484.15,41.90,34.10,2.366,0.205,0.167,banana,fresh
1571012,1553,484.20,42.00,34.05,2.367,0.205,0.166,banana,fresh
1572023,1554,484.35,42.00,34.10,2.367,0.205,0.167,banana,fresh
1573035,1555,484.50,42.00,34.10,2.368,0.205,0.167,banana,fresh
1574045,1556,484.45,41.95,34.00,2.368,0.205,0.166,banana,fresh
1575056,1557,484.40,41.90,34.10,2.368,0.205,0.167,banana,fresh
1576068,1558,484.65,42.00,34.00,2.369,0.205,0.166,banana,fresh
1577078,1559,484.85,42.00,34.10,2.370,0.205,0.167,banana,fresh
1578089,1560,484.95,42.00,34.00,2.370,0.205,0.166,banana,fresh
1579101,1561,484.80,41.90,34.05,2.370,0.205,0.166,banana,fresh
1580111,1562,484.90,41.95,34.05,2.370,0.205,0.166,banana,fresh
1581122,1563,485.00,42.00,34.15,2.370,0.205,0.167,banana,fresh
1582134,1564,485.00,41.95,34.05,2.370,0.205,0.166,banana,fresh
1583144,1565,485.00,42.00,34.05,2.370,0.205,0.166,banana,fresh
1584155,1566,485.00,42.00,34.05,2.370,0.205,0.166,banana,fresh
1585166,1567,485.00,41.90,34.05,2.370,0.205,0.166,banana,fresh
1586178,1568,485.00,41.90,34.00,2.370,0.205,0.166,banana,fresh
1587188,1569,485.00,41.95,34.05,2.370,0.205,0.166,banana,fresh
1588199,1570,485.00,42.00,34.05,2.370,0.205,0.166,banana,fresh
1589211,1571,485.05,42.00,34.05,2.371,0.205,0.166,banana,fresh
1590221,1572,485.00,41.95,34.10,2.370,0.205,0.167,banana,fresh
1591232,1573,485.05,41.95,34.05,2.371,0.205,0.166,banana,fresh
1592244,1574,485.10,41.95,34.05,2.371,0.205,0.166,banana,fresh
1593254,1575,485.00,41.95,34.05,2.370,0.205,0.166,banana,fresh
1594265,1576,485.15,42.00,34.00,2.371,0.205,0.166,banana,fresh
1595277,1577,485.10,42.00,34.20,2.371,0.205,0.167,banana,fresh
1596288,1578,485.35,42.00,34.00,2.372,0.205,0.166,banana,fresh
1597298,1579,485.50,41.95,34.00,2.373,0.205,0.166,banana,fresh
1598310,1580,485.45,41.90,34.10,2.373,0.205,0.167,banana,fresh
1599321,1581,485.55,41.95,34.05,2.373,0.205,0.166,banana,fresh
1600331,1582,485.55,41.95,34.05,2.373,0.205,0.166,banana,fresh
1601343,1583,485.55,41.90,34.15,2.373,0.205,0.167,banana,fresh
1602354,1584,485.80,42.00,34.10,2.374,0.205,0.167,banana,fresh
1603364,1585,485.95,41.90,34.05,2.375,0.205,0.166,banana,fresh
1604376,1586,485.90,41.90,34.00,2.375,0.205,0.166,banana,fresh
1605387,1587,486.00,41.95,34.00,2.375,0.205,0.166,banana,fresh
1606397,1588,485.95,42.00,34.10,2.375,0.205,0.167,banana,fresh
1607409,1589,486.00,41.95,34.05,2.375,0.205,0.166,banana,fresh
1608420,1590,486.00,42.00,34.05,2.375,0.205,0.166,banana,fresh
1609431,1591,486.00,41.90,34.00,2.375,0.205,0.166,banana,fresh
1610442,1592,486.00,42.00,34.10,2.375,0.205,0.167,banana,fresh
1611453,1593,486.00,42.00,34.20,2.375,0.205,0.167,banana,fresh
1612464,1594,486.00,42.00,34.20,2.375,0.205,0.167,banana,fresh
1613474,1595,486.00,42.00,34.05,2.375,0.205,0.166,banana,fresh
1614486,1596,486.00,42.00,34.05,2.375,0.205,0.166,banana,fresh
1615497,1597,486.00,42.00,34.00,2.375,0.205,0.166,banana,fresh
1616507,1598,486.00,42.00,34.05,2.375,0.205,0.166,banana,fresh
1617519,1599,486.00,41.95,34.00,2.375,0.205,0.166,banana,fresh
1618530,1600,486.05,41.95,34.10,2.376,0.205,0.167,banana,fresh
1619540,1601,486.10,41.95,34.05,2.376,0.205,0.166,banana,fresh
1620552,1602,486.10,42.00,34.10,2.376,0.205,0.167,banana,fresh
1621563,1603,486.15,41.95,34.25,2.376,0.205,0.167,banana,fresh
1622574,1604,486.20,42.00,34.05,2.376,0.205,0.166,banana,fresh
1623585,1605,486.20,42.00,34.20,2.376,0.205,0.167,banana,fresh
1624596,1606,486.25,41.95,34.10,2.377,0.205,0.167,banana,fresh
1625607,1607,486.45,42.00,34.05,2.378,0.205,0.166,banana,fresh
1626618,1608,486.50,42.00,34.10,2.378,0.205,0.167,banana,fresh
1627629,1609,486.45,41.90,34.05,2.378,0.205,0.166,banana,fresh
1628640,1610,486.40,42.00,34.05,2.377,0.205,0.166,banana,fresh
1629651,1611,486.75,41.95,34.00,2.379,0.205,0.166,banana,fresh
1630662,1612,486.70,41.95,34.20,2.379,0.205,0.167,banana,fresh
1631673,1613,486.70,42.00,34.25,2.379,0.205,0.167,banana,fresh
1632685,1614,486.80,42.00,34.05,2.379,0.205,0.166,banana,fresh
1633695,1615,486.95,42.00,34.05,2.380,0.205,0.166,banana,fresh
1634706,1616,486.95,41.90,34.05,2.380,0.205,0.166,banana,fresh
1635718,1617,486.95,41.95,34.10,2.380,0.205,0.167,banana,fresh
1636728,1618,486.95,42.00,34.15,2.380,0.205,0.167,banana,fresh
1637739,1619,487.00,42.00,34.20,2.380,0.205,0.167,banana,fresh
1638751,1620,487.00,42.00,34.05,2.380,0.205,0.166,banana,fresh
1639761,1621,487.00,42.00,34.10,2.380,0.205,0.167,banana,fresh
1640772,1622,487.00,42.00,34.10,2.380,0.205,0.167,banana,fresh
1641784,1623,487.05,42.00,34.00,2.380,0.205,0.166,banana,fresh
1642795,1624,487.00,42.00,34.10,2.380,0.205,0.167,banana,fresh
1643805,1625,487.05,41.95,34.10,2.380,0.205,0.167,banana,fresh
1644817,1626,487.05,42.00,34.15,2.380,0.205,0.167,banana,fresh
1645828,1627,487.00,42.00,34.10,2.380,0.205,0.167,banana,fresh
1646838,1628,487.05,41.95,34.00,2.380,0.205,0.166,banana,fresh
1647850,1629,487.05,42.00,34.00,2.380,0.205,0.166,banana,fresh
1648861,1630,487.05,42.00,34.10,2.380,0.205,0.167,banana,fresh
1649871,1631,487.15,42.00,34.15,2.381,0.205,0.167,banana,fresh
1650882,1632,487.10,42.00,34.05,2.381,0.205,0.166,banana,fresh
1651894,1633,487.20,42.00,34.05,2.381,0.205,0.166,banana,fresh
1652904,1634,487.15,42.00,34.05,2.381,0.205,0.166,banana,fresh
1653915,1635,487.40,42.00,34.15,2.382,0.205,0.167,banana,fresh
1654927,1636,487.40,42.00,34.15,2.382,0.205,0.167,banana,fresh
1655938,1637,487.50,42.00,34.15,2.383,0.205,0.167,banana,fresh
1656948,1638,487.65,42.00,34.05,2.383,0.205,0.166,banana,fresh
1657960,1639,487.80,42.00,34.10,2.384,0.205,0.167,banana,fresh
1658971,1640,487.80,41.95,34.15,2.384,0.205,0.167,banana,fresh
1659981,1641,487.85,41.95,34.15,2.384,0.205,0.167,banana,fresh
1660993,1642,487.90,42.00,34.10,2.385,0.205,0.167,banana,fresh
1662004,1643,488.00,41.95,34.20,2.385,0.205,0.167,banana,fresh
1663014,1644,488.00,42.00,34.15,2.385,0.205,0.167,banana,fresh
1664026,1645,488.00,42.00,34.05,2.385,0.205,0.166,banana,fresh
1665037,1646,488.00,42.00,34.20,2.385,0.205,0.167,banana,fresh
1666048,1647,488.00,42.00,34.05,2.385,0.205,0.166,banana,fresh
1667059,1648,488.00,41.95,34.10,2.385,0.205,0.167,banana,fresh
1668070,1649,488.00,42.00,34.25,2.385,0.205,0.167,banana,fresh
1669081,1650,488.00,42.00,34.15,2.385,0.205,0.167,banana,fresh
1670092,1651,488.00,42.00,34.10,2.385,0.205,0.167,banana,fresh
1671103,1652,488.05,42.00,34.05,2.385,0.205,0.166,banana,fresh
1672114,1653,488.00,42.00,34.15,2.385,0.205,0.167,banana,fresh
1673125,1654,488.00,41.95,34.20,2.385,0.205,0.167,banana,fresh
1674136,1655,488.10,42.00,34.10,2.386,0.205,0.167,banana,fresh
1675147,1656,488.05,42.00,34.30,2.385,0.205,0.168,banana,fresh
1676158,1657,488.10,42.00,34.10,2.386,0.205,0.167,banana,fresh
1677169,1658,488.10,42.00,34.00,2.386,0.205,0.166,banana,fresh
1678180,1659,488.05,42.00,34.15,2.385,0.205,0.167,banana,fresh
1679191,1660,488.25,42.00,34.10,2.386,0.205,0.167,banana,fresh
1680202,1661,488.40,42.00,34.15,2.387,0.205,0.167,banana,fresh
1681213,1662,488.40,42.00,34.30,2.387,0.205,0.168,banana,fresh
1682224,1663,488.55,42.00,34.20,2.388,0.205,0.167,banana,fresh
1683235,1664,488.45,42.00,34.10,2.387,0.205,0.167,banana,fresh
1684246,1665,488.70,42.00,34.10,2.389,0.205,0.167,banana,fresh
1685257,1666,488.90,42.00,34.15,2.390,0.205,0.167,banana,fresh
1686268,1667,488.75,42.00,34.15,2.389,0.205,0.167,banana,fresh
1687279,1668,488.95,42.00,34.10,2.390,0.205,0.167,banana,fresh
1688290,1669,489.00,42.00,34.25,2.390,0.205,0.167,banana,fresh
1689302,1670,488.95,42.00,34.25,2.390,0.205,0.167,banana,fresh
1690312,1671,489.00,42.00,34.15,2.390,0.205,0.167,banana,fresh
1691323,1672,489.00,42.00,34.10,2.390,0.205,0.167,banana,fresh
1692335,1673,489.00,42.00,34.10,2.390,0.205,0.167,banana,fresh
1693345,1674,489.00,42.00,34.20,2.390,0.205,0.167,banana,fresh
1694356,1675,489.00,42.00,34.25,2.390,0.205,0.167,banana,fresh
1695368,1676,489.00,42.00,34.05,2.390,0.205,0.166,banana,fresh
1696378,1677,489.00,42.00,34.15,2.390,0.205,0.167,banana,fresh
1697389,1678,489.00,42.00,34.05,2.390,0.205,0.166,banana,fresh
1698400,1679,489.00,42.00,34.15,2.390,0.205,0.167,banana,fresh
1699411,1680,489.00,42.00,34.15,2.390,0.205,0.167,banana,fresh
1700422,1681,489.00,42.00,34.15,2.390,0.205,0.167,banana,fresh
1701433,1682,489.00,42.00,34.10,2.390,0.205,0.167,banana,fresh
1702445,1683,489.00,42.00,34.10,2.390,0.205,0.167,banana,fresh
1703455,1684,489.00,42.00,34.05,2.390,0.205,0.166,banana,fresh
1704466,1685,489.10,42.00,34.20,2.391,0.205,0.167,banana,fresh
1705478,1686,489.10,42.00,34.30,2.391,0.205,0.168,banana,fresh
1706488,1687,489.05,42.00,34.10,2.390,0.205,0.167,banana,fresh
1707499,1688,489.20,42.00,34.10,2.391,0.205,0.167,banana,fresh
1708511,1689,489.15,42.00,34.20,2.391,0.205,0.167,banana,fresh
1709521,1690,489.05,42.00,34.10,2.390,0.205,0.167,banana,fresh
1710532,1691,489.50,42.00,34.15,2.392,0.205,0.167,banana,fresh
1711544,1692,489.55,41.95,34.25,2.393,0.205,0.167,banana,fresh
1712555,1693,489.45,42.00,34.30,2.392,0.205,0.168,banana,fresh
1713565,1694,489.65,42.00,34.30,2.393,0.205,0.168,banana,fresh
1714577,1695,489.70,42.00,34.15,2.393,0.205,0.167,banana,fresh
1715588,1696,489.75,42.00,34.25,2.394,0.205,0.167,banana,fresh
1716598,1697,489.55,42.00,34.30,2.393,0.205,0.168,banana,fresh
1717610,1698,489.85,42.00,34.20,2.394,0.205,0.167,banana,fresh
1718621,1699,489.80,42.00,34.30,2.394,0.205,0.168,banana,fresh
1719631,1700,490.00,42.00,34.25,2.395,0.205,0.167,banana,fresh
1720643,1701,490.00,42.00,34.25,2.395,0.205,0.167,banana,fresh
1721654,1702,490.00,41.95,34.15,2.395,0.205,0.167,banana,fresh
1722664,1703,490.00,41.95,34.25,2.395,0.205,0.167,banana,fresh
1723676,1704,490.00,42.00,34.30,2.395,0.205,0.168,banana,fresh
1724687,1705,490.00,42.00,34.05,2.395,0.205,0.166,banana,fresh
1725698,1706,490.00,42.00,34.20,2.395,0.205,0.167,banana,fresh
1726708,1707,490.00,42.00,34.15,2.395,0.205,0.167,banana,fresh
1727720,1708,490.05,42.00,34.10,2.395,0.205,0.167,banana,fresh
1728731,1709,490.00,41.95,34.25,2.395,0.205,0.167,banana,fresh
1729741,1710,490.05,42.00,34.20,2.395,0.205,0.167,banana,fresh
1730753,1711,490.10,42.00,34.20,2.395,0.205,0.167,banana,fresh
1731764,1712,490.00,42.00,34.20,2.395,0.205,0.167,banana,fresh
1732774,1713,490.20,42.05,34.25,2.396,0.206,0.167,banana,fresh
1733786,1714,490.10,42.00,34.30,2.395,0.205,0.168,banana,fresh
1734797,1715,490.15,42.05,34.20,2.396,0.206,0.167,banana,fresh
1735808,1716,490.10,42.00,34.15,2.395,0.205,0.167,banana,fresh
1736819,1717,490.25,42.00,34.25,2.396,0.205,0.167,banana,fresh
1737830,1718,490.15,42.00,34.35,2.396,0.205,0.168,banana,fresh
1738841,1719,490.40,42.00,34.00,2.397,0.205,0.166,banana,fresh
1739852,1720,490.30,42.00,34.25,2.396,0.205,0.167,banana,fresh
1740863,1721,490.35,42.00,34.15,2.397,0.205,0.167,banana,fresh
1741874,1722,490.60,42.00,34.10,2.398,0.205,0.167,banana,fresh
1742885,1723,490.80,42.00,34.30,2.399,0.205,0.168,banana,fresh
1743896,1724,490.55,42.00,34.00,2.398,0.205,0.166,banana,fresh
1744907,1725,490.85,42.00,34.30,2.399,0.205,0.168,banana,fresh
1745918,1726,490.90,42.00,34.25,2.399,0.205,0.167,banana,fresh
1746929,1727,491.00,42.00,34.25,2.400,0.205,0.167,banana,fresh
1747940,1728,491.00,42.00,34.30,2.400,0.205,0.168,banana,fresh
1748952,1729,491.00,42.00,34.35,2.400,0.205,0.168,banana,fresh
1749962,1730,491.00,42.10,34.40,2.400,0.206,0.168,banana,fresh
1750973,1731,491.00,42.05,34.15,2.400,0.206,0.167,banana,fresh
1751985,1732,491.00,42.00,34.15,2.400,0.205,0.167,banana,fresh
1752995,1733,491.00,42.05,34.25,2.400,0.206,0.167,banana,fresh
1754006,1734,491.00,42.10,34.10,2.400,0.206,0.167,banana,fresh
1755018,1735,491.00,42.00,34.25,2.400,0.205,0.167,banana,fresh
1756028,1736,491.00,42.05,34.15,2.400,0.206,0.167,banana,fresh
1757039,1737,491.00,42.00,34.45,2.400,0.205,0.168,banana,fresh
1758051,1738,491.00,42.00,34.15,2.400,0.205,0.167,banana,fresh
1759062,1739,491.05,42.05,34.25,2.400,0.206,0.167,banana,fresh
1760072,1740,491.05,42.00,34.35,2.400,0.205,0.168,banana,fresh
1761083,1741,491.05,42.00,34.15,2.400,0.205,0.167,banana,fresh
1762095,1742,491.10,42.05,34.20,2.400,0.206,0.167,banana,fresh
1763105,1743,491.05,42.00,34.30,2.400,0.205,0.168,banana,fresh
1764116,1744,491.20,42.00,34.30,2.401,0.205,0.168,banana,fresh
1765128,1745,491.35,42.05,34.30,2.402,0.206,0.168,banana,fresh
1766138,1746,491.25,42.10,34.15,2.401,0.206,0.167,banana,fresh
1767149,1747,491.40,42.05,34.15,2.402,0.206,0.167,banana,fresh
1768161,1748,491.50,42.00,34.25,2.402,0.205,0.167,banana,fresh
1769171,1749,491.65,42.00,34.20,2.403,0.205,0.167,banana,fresh
1770182,1750,491.80,42.00,34.20,2.404,0.205,0.167,banana,fresh
1771194,1751,491.70,42.00,34.25,2.403,0.205,0.167,banana,fresh
1772205,1752,491.80,42.00,34.45,2.404,0.205,0.168,banana,fresh
1773215,1753,491.95,42.10,34.35,2.404,0.206,0.168,banana,fresh
1774227,1754,491.90,42.05,34.35,2.404,0.206,0.168,banana,fresh
1775238,1755,491.90,42.05,34.25,2.404,0.206,0.167,banana,fresh
1776248,1756,492.00,42.00,34.25,2.405,0.205,0.167,banana,fresh
1777260,1757,492.00,42.00,34.40,2.405,0.205,0.168,banana,fresh
1778271,1758,492.00,42.00,34.40,2.405,0.205,0.168,banana,fresh
1779281,1759,492.00,42.05,34.25,2.405,0.206,0.167,banana,fresh
1780293,1760,492.00,42.00,34.30,2.405,0.205,0.168,banana,fresh
1781304,1761,492.00,42.00,34.35,2.405,0.205,0.168,banana,fresh
1782315,1762,492.00,42.05,34.30,2.405,0.206,0.168,banana,fresh
1783325,1763,492.00,42.00,34.30,2.405,0.205,0.168,banana,fresh
1784337,1764,492.00,42.05,34.25,2.405,0.206,0.167,banana,fresh
1785348,1765,492.00,42.15,34.25,2.405,0.206,0.167,banana,fresh
1786358,1766,492.10,42.00,34.35,2.405,0.205,0.168,banana,fresh
1787370,1767,492.05,42.00,34.30,2.405,0.205,0.168,banana,fresh
1788381,1768,492.05,42.00,34.45,2.405,0.205,0.168,banana,fresh
1789391,1769,492.20,42.00,34.25,2.406,0.205,0.167,banana,fresh
1790403,1770,492.15,42.00,34.60,2.405,0.205,0.169,banana,fresh
1791414,1771,492.15,42.00,34.40,2.405,0.205,0.168,banana,fresh
1792424,1772,492.25,42.05,34.40,2.406,0.206,0.168,banana,fresh
1793436,1773,492.50,42.05,34.35,2.407,0.206,0.168,banana,fresh
1794447,1774,492.45,42.15,34.05,2.407,0.206,0.166,banana,fresh
1795458,1775,492.35,42.00,34.40,2.406,0.205,0.168,banana,fresh
1796469,1776,492.40,42.05,34.45,2.407,0.206,0.168,banana,fresh
1797480,1777,492.70,42.00,34.50,2.408,0.205,0.169,banana,fresh
1798491,1778,492.70,42.05,34.40,2.408,0.206,0.168,banana,fresh
1799502,1779,492.80,42.00,34.35,2.409,0.205,0.168,banana,fresh
1800513,1780,492.75,42.00,34.40,2.408,0.205,0.168,banana,fresh
1801524,1781,492.85,42.10,34.20,2.409,0.206,0.167,banana,fresh
1802535,1782,492.90,42.05,34.45,2.409,0.206,0.168,banana,fresh
1803546,1783,493.00,42.00,34.45,2.410,0.205,0.168,banana,fresh
1804557,1784,492.95,42.00,34.35,2.409,0.205,0.168,banana,fresh
1805569,1785,493.00,42.05,34.55,2.410,0.206,0.169,banana,fresh
1806579,1786,493.00,42.00,34.30,2.410,0.205,0.168,banana,fresh
1807590,1787,493.00,42.00,34.25,2.410,0.205,0.167,banana,fresh
1808602,1788,493.00,42.00,34.65,2.410,0.205,0.169,banana,fresh
1809612,1789,493.00,42.00,34.40,2.410,0.205,0.168,banana,fresh
1810623,1790,493.00,42.05,34.35,2.410,0.206,0.168,banana,fresh
1811634,1791,493.00,42.05,34.35,2.410,0.206,0.168,banana,fresh
1812645,1792,493.00,42.05,34.45,2.410,0.206,0.168,banana,fresh
1813656,1793,493.00,42.10,34.65,2.410,0.206,0.169,banana,fresh
1814667,1794,493.00,42.05,34.45,2.410,0.206,0.168,banana,fresh
1815678,1795,493.00,42.10,34.45,2.410,0.206,0.168,banana,fresh
1816689,1796,493.00,42.00,34.40,2.410,0.205,0.168,banana,fresh
1817700,1797,493.05,42.00,34.25,2.410,0.205,0.167,banana,fresh
1818712,1798,493.20,42.00,34.40,2.411,0.205,0.168,banana,fresh
1819722,1799,493.15,42.10,34.40,2.410,0.206,0.168,banana,fresh
1820733,1800,493.20,42.10,34.35,2.411,0.206,0.168,banana,fresh
1821745,1801,493.15,42.05,34.45,2.410,0.206,0.168,banana,fresh
1822755,1802,493.35,42.00,34.50,2.411,0.205,0.169,banana,fresh
1823766,1803,493.40,42.10,34.35,2.412,0.206,0.168,banana,fresh
1824778,1804,493.75,42.05,34.60,2.413,0.206,0.169,banana,fresh
1825788,1805,493.60,42.00,34.40,2.413,0.205,0.168,banana,fresh
1826799,1806,493.75,42.00,34.45,2.413,0.205,0.168,banana,fresh
1827811,1807,493.75,42.00,34.55,2.413,0.205,0.169,banana,fresh
1828822,1808,493.90,42.10,34.50,2.414,0.206,0.169,banana,fresh
1829832,1809,493.90,42.00,34.45,2.414,0.205,0.168,banana,fresh
1830844,1810,493.95,42.05,34.65,2.414,0.206,0.169,banana,fresh
1831855,1811,494.00,42.10,34.30,2.414,0.206,0.168,banana,fresh
1832866,1812,494.00,42.00,34.35,2.414,0.205,0.168,banana,fresh
1833877,1813,494.00,42.15,34.40,2.414,0.206,0.168,banana,fresh
1834888,1814,493.95,42.15,34.55,2.414,0.206,0.169,banana,fresh
1835899,1815,494.00,42.15,34.40,2.414,0.206,0.168,banana,fresh
1836910,1816,494.00,42.15,34.50,2.414,0.206,0.169,banana,fresh
1837921,1817,494.00,42.05,34.45,2.414,0.206,0.168,banana,fresh
1838931,1818,494.00,42.05,34.40,2.414,0.206,0.168,banana,fresh
1839943,1819,494.00,42.00,34.55,2.414,0.205,0.169,banana,fresh
1840954,1820,494.00,42.05,34.45,2.414,0.206,0.168,banana,fresh
1841965,1821,494.05,42.05,34.55,2.415,0.206,0.169,banana,fresh
1842976,1822,494.05,42.15,34.55,2.415,0.206,0.169,banana,fresh
1843987,1823,494.10,42.00,34.40,2.415,0.205,0.168,banana,fresh
1844998,1824,494.15,42.15,34.55,2.415,0.206,0.169,banana,fresh
1846009,1825,494.15,42.05,34.55,2.415,0.206,0.169,banana,fresh
1847020,1826,494.10,42.05,34.45,2.415,0.206,0.168,banana,fresh
1848032,1827,494.20,42.15,34.65,2.415,0.206,0.169,banana,fresh
1849042,1828,494.35,42.00,34.65,2.416,0.205,0.169,banana,fresh
1850053,1829,494.35,42.15,34.60,2.416,0.206,0.169,banana,fresh
1851065,1830,494.45,42.15,34.50,2.417,0.206,0.169,banana,fresh
1852076,1831,494.55,42.20,34.45,2.417,0.206,0.168,banana,fresh
1853086,1832,494.40,42.15,34.65,2.416,0.206,0.169,banana,fresh
1854098,1833,494.55,42.20,34.55,2.417,0.206,0.169,banana,fresh
1855109,1834,494.55,42.10,34.50,2.417,0.206,0.169,banana,fresh
1856119,1835,494.60,42.05,34.65,2.417,0.206,0.169,banana,fresh
1857131,1836,494.85,42.05,34.65,2.419,0.206,0.169,banana,fresh
1858142,1837,494.65,42.10,34.50,2.418,0.206,0.169,banana,fresh
1859152,1838,494.90,42.20,34.45,2.419,0.206,0.168,banana,fresh
1860164,1839,494.95,42.20,34.75,2.419,0.206,0.170,banana,fresh
1861175,1840,494.95,42.05,34.60,2.419,0.206,0.169,banana,fresh
1862185,1841,494.90,42.10,34.50,2.419,0.206,0.169,banana,fresh
1863197,1842,495.00,42.10,34.70,2.419,0.206,0.170,banana,fresh
1864208,1843,495.00,42.05,34.60,2.419,0.206,0.169,banana,fresh
1865219,1844,495.00,42.15,34.65,2.419,0.206,0.169,banana,fresh
1866230,1845,495.00,42.30,34.55,2.419,0.207,0.169,banana,fresh
1867241,1846,495.00,42.10,34.65,2.419,0.206,0.169,banana,fresh
1868252,1847,495.00,42.05,34.65,2.419,0.206,0.169,banana,fresh
1869263,1848,495.00,42.15,34.55,2.419,0.206,0.169,banana,fresh
1870274,1849,495.00,42.05,34.55,2.419,0.206,0.169,banana,fresh
1871285,1850,495.05,42.20,34.55,2.420,0.206,0.169,banana,fresh
1872296,1851,495.00,42.10,34.75,2.419,0.206,0.170,banana,fresh
1873307,1852,495.00,42.15,34.60,2.419,0.206,0.169,banana,fresh
1874318,1853,495.00,42.10,34.60,2.419,0.206,0.169,banana,fresh
1875330,1854,495.00,42.10,34.45,2.419,0.206,0.168,banana,fresh
1876340,1855,495.00,42.10,34.65,2.419,0.206,0.169,banana,fresh
1877351,1856,495.00,42.25,34.65,2.419,0.207,0.169,banana,fresh
1878363,1857,495.10,42.15,34.75,2.420,0.206,0.170,banana,fresh
1879373,1858,495.10,42.20,34.75,2.420,0.206,0.170,banana,fresh
1880384,1859,495.20,42.05,34.70,2.420,0.206,0.170,banana,fresh
1881396,1860,495.20,42.20,34.70,2.420,0.206,0.170,banana,fresh
1882406,1861,495.40,42.10,34.70,2.421,0.206,0.170,banana,fresh
1883417,1862,495.45,42.00,34.75,2.422,0.205,0.170,banana,fresh
1884429,1863,495.65,42.05,34.65,2.423,0.206,0.169,banana,fresh
1885440,1864,495.60,42.10,34.60,2.422,0.206,0.169,banana,fresh
1886450,1865,495.50,42.25,34.75,2.422,0.207,0.170,banana,fresh
1887462,1866,495.95,42.10,34.65,2.424,0.206,0.169,banana,fresh
1888473,1867,495.85,42.20,34.75,2.424,0.206,0.170,banana,fresh
1889483,1868,495.90,42.20,34.70,2.424,0.206,0.170,banana,fresh
1890495,1869,496.00,42.15,34.70,2.424,0.206,0.170,banana,fresh
1891506,1870,495.95,42.10,34.65,2.424,0.206,0.169,banana,fresh
1892516,1871,496.00,42.20,34.65,2.424,0.206,0.169,banana,fresh
1893528,1872,496.00,42.10,34.70,2.424,0.206,0.170,banana,fresh
1894539,1873,496.00,42.00,34.85,2.424,0.205,0.170,banana,fresh
1895549,1874,496.00,42.30,34.70,2.424,0.207,0.170,banana,fresh
1896561,1875,496.00,42.10,34.55,2.424,0.206,0.169,banana,fresh
1897572,1876,496.00,42.20,34.85,2.424,0.206,0.170,banana,fresh
1898583,1877,496.05,42.15,34.90,2.424,0.206,0.171,banana,fresh
1899594,1878,496.00,42.15,34.65,2.424,0.206,0.169,banana,fresh
1900605,1879,496.00,42.05,34.85,2.424,0.206,0.170,banana,fresh
1901616,1880,496.00,42.20,34.75,2.424,0.206,0.170,banana,fresh
1902627,1881,496.05,42.00,34.70,2.424,0.205,0.170,banana,fresh
1903638,1882,496.05,42.20,34.85,2.424,0.206,0.170,banana,fresh
1904649,1883,496.00,42.20,34.75,2.424,0.206,0.170,banana,fresh
1905660,1884,496.10,42.40,34.75,2.425,0.207,0.170,banana,fresh
1906671,1885,496.05,42.30,34.55,2.424,0.207,0.169,banana,fresh
1907682,1886,496.15,42.15,34.75,2.425,0.206,0.170,banana,fresh
1908694,1887,496.15,42.35,34.60,2.425,0.207,0.169,banana,fresh
1909704,1888,496.40,42.20,34.90,2.426,0.206,0.171,banana,fresh
1910716,1889,496.30,42.20,34.90,2.426,0.206,0.171,banana,fresh
1911727,1890,496.45,42.35,34.65,2.426,0.207,0.169,banana,fresh
1912737,1891,496.50,42.35,34.65,2.427,0.207,0.169,banana,fresh
1913749,1892,496.40,42.30,34.85,2.426,0.207,0.170,banana,fresh
1914760,1893,496.60,42.15,34.70,2.427,0.206,0.170,banana,fresh
1915770,1894,496.75,42.20,34.75,2.428,0.206,0.170,banana,fresh
1916782,1895,496.85,42.35,34.90,2.428,0.207,0.171,banana,fresh
1917793,1896,496.75,42.25,34.65,2.428,0.207,0.169,banana,fresh
1918803,1897,496.85,42.30,34.80,2.428,0.207,0.170,banana,fresh
1919815,1898,497.00,42.25,34.80,2.429,0.207,0.170,banana,fresh
1920826,1899,497.00,42.15,34.85,2.429,0.206,0.170,banana,fresh
1921837,1900,497.00,42.15,34.80,2.429,0.206,0.170,banana,fresh
1922848,1901,497.00,42.15,34.75,2.429,0.206,0.170,banana,fresh
1923859,1902,497.00,42.25,34.85,2.429,0.207,0.170,banana,fresh
1924870,1903,497.00,42.25,34.80,2.429,0.207,0.170,banana,fresh
1925881,1904,497.05,42.15,34.80,2.429,0.206,0.170,banana,fresh
1926892,1905,497.00,42.35,34.85,2.429,0.207,0.170,banana,fresh
1927903,1906,497.00,42.25,34.80,2.429,0.207,0.170,banana,fresh
1928914,1907,497.00,42.05,34.80,2.429,0.206,0.170,banana,fresh
1929925,1908,497.00,42.20,34.90,2.429,0.206,0.171,banana,fresh
1930936,1909,497.00,42.40,34.95,2.429,0.207,0.171,banana,fresh
1931948,1910,497.00,42.20,34.80,2.429,0.206,0.170,banana,fresh
1932958,1911,497.00,42.20,34.80,2.429,0.206,0.170,banana,fresh
1933969,1912,497.05,42.30,34.90,2.429,0.207,0.171,banana,fresh
1934981,1913,497.10,42.30,34.85,2.430,0.207,0.170,banana,fresh
1935991,1914,497.10,42.20,34.75,2.430,0.206,0.170,banana,fresh
1937002,1915,497.25,42.25,34.95,2.430,0.207,0.171,banana,fresh
1938014,1916,497.25,42.45,34.75,2.430,0.207,0.170,banana,fresh
1939024,1917,497.20,42.35,34.80,2.430,0.207,0.170,banana,fresh
1940035,1918,497.20,42.25,34.75,2.430,0.207,0.170,banana,fresh
1941047,1919,497.35,42.35,34.80,2.431,0.207,0.170,banana,fresh
1942057,1920,497.50,42.40,34.85,2.432,0.207,0.170,banana,fresh
1943068,1921,497.70,42.25,34.95,2.433,0.207,0.171,banana,fresh
1944080,1922,497.70,42.50,34.85,2.433,0.208,0.170,banana,fresh
1945091,1923,497.60,42.55,34.75,2.432,0.208,0.170,banana,fresh
1946101,1924,497.75,42.45,34.90,2.433,0.207,0.171,banana,fresh
1947113,1925,497.90,42.55,34.90,2.434,0.208,0.171,banana,fresh
1948124,1926,497.85,42.25,34.75,2.433,0.207,0.170,banana,fresh
1949134,1927,498.00,42.45,34.80,2.434,0.207,0.170,banana,fresh
1950146,1928,498.00,42.30,34.70,2.434,0.207,0.170,banana,fresh
1951157,1929,498.00,42.25,35.00,2.434,0.207,0.171,banana,fresh
1952167,1930,498.00,42.50,34.95,2.434,0.208,0.171,banana,fresh
1953179,1931,498.00,42.45,35.00,2.434,0.207,0.171,banana,fresh
1954190,1932,498.00,42.30,34.80,2.434,0.207,0.170,banana,fresh
1955201,1933,498.00,42.25,34.80,2.434,0.207,0.170,banana,fresh
1956212,1934,498.00,42.30,34.90,2.434,0.207,0.171,banana,fresh
1957223,1935,498.00,42.40,35.00,2.434,0.207,0.171,banana,fresh
1958234,1936,498.00,42.20,34.80,2.434,0.206,0.170,banana,fresh
1959245,1937,498.00,42.40,34.90,2.434,0.207,0.171,banana,fresh
1960256,1938,498.00,42.40,34.85,2.434,0.207,0.170,banana,fresh
1961267,1939,498.00,42.35,34.85,2.434,0.207,0.170,banana,fresh
1962278,1940,498.00,42.50,34.90,2.434,0.208,0.171,banana,fresh
1963289,1941,498.00,42.35,34.90,2.434,0.207,0.171,banana,fresh
1964300,1942,498.00,42.35,35.00,2.434,0.207,0.171,banana,fresh
1965312,1943,498.00,42.15,34.90,2.434,0.206,0.171,banana,fresh
1966322,1944,498.05,42.55,34.95,2.434,0.208,0.171,banana,fresh
1967333,1945,498.05,42.55,34.85,2.434,0.208,0.170,banana,fresh
1968345,1946,498.10,42.40,34.85,2.435,0.207,0.170,banana,fresh
1969355,1947,498.15,42.50,35.00,2.435,0.208,0.171,banana,fresh
1970366,1948,498.10,42.45,34.95,2.435,0.207,0.171,banana,fresh
1971378,1949,498.15,42.60,34.85,2.435,0.208,0.170,banana,fresh
1972388,1950,498.25,42.55,35.00,2.435,0.208,0.171,banana,fresh
1973399,1951,498.30,42.60,34.85,2.435,0.208,0.170,banana,fresh
1974411,1952,498.40,42.45,34.80,2.436,0.207,0.170,banana,fresh
1975421,1953,498.55,42.30,35.00,2.437,0.207,0.171,banana,fresh
1976432,1954,498.70,42.40,34.95,2.437,0.207,0.171,banana,fresh
1977444,1955,498.50,42.40,35.00,2.436,0.207,0.171,banana,fresh
1978455,1956,498.70,42.50,34.85,2.437,0.208,0.170,banana,fresh
1979465,1957,498.75,42.50,34.85,2.438,0.208,0.170,banana,fresh
1980477,1958,498.70,42.35,34.90,2.437,0.207,0.171,banana,fresh
1981488,1959,498.90,42.65,34.90,2.438,0.208,0.171,banana,fresh
1982498,1960,498.90,42.45,34.80,2.438,0.207,0.170,banana,fresh
1983510,1961,498.95,42.40,34.95,2.439,0.207,0.171,banana,fresh
1984521,1962,498.95,42.30,34.85,2.439,0.207,0.170,banana,fresh
1985531,1963,499.00,42.70,34.95,2.439,0.209,0.171,banana,fresh
1986543,1964,499.00,42.40,34.90,2.439,0.207,0.171,banana,fresh
1987554,1965,499.00,42.50,34.80,2.439,0.208,0.170,banana,fresh
1988564,1966,499.00,42.50,34.85,2.439,0.208,0.170,banana,fresh
1989576,1967,499.00,42.55,34.95,2.439,0.208,0.171,banana,fresh
1990587,1968,499.00,42.45,34.95,2.439,0.207,0.171,banana,fresh
1991598,1969,499.00,42.70,34.95,2.439,0.209,0.171,banana,fresh
1992609,1970,499.00,42.50,35.00,2.439,0.208,0.171,banana,fresh
1993620,1971,499.00,42.35,34.95,2.439,0.207,0.171,banana,fresh
1994631,1972,499.00,42.60,34.90,2.439,0.208,0.171,banana,fresh
1995642,1973,499.00,42.50,34.95,2.439,0.208,0.171,banana,fresh
1996653,1974,499.00,42.60,35.00,2.439,0.208,0.171,banana,fresh
1997664,1975,499.00,42.40,34.85,2.439,0.207,0.170,banana,fresh
1998675,1976,499.00,42.65,34.95,2.439,0.208,0.171,banana,fresh
1999686,1977,499.10,42.55,34.90,2.439,0.208,0.171,banana,fresh
2000697,1978,499.00,42.70,34.80,2.439,0.209,0.170,banana,fresh
2001709,1979,499.10,42.65,34.95,2.439,0.208,0.171,banana,fresh
2002719,1980,499.00,42.60,34.95,2.439,0.208,0.171,banana,fresh
2003730,1981,499.15,42.65,35.00,2.440,0.208,0.171,banana,fresh
2004742,1982,499.25,42.55,34.95,2.440,0.208,0.171,banana,fresh
2005752,1983,499.20,42.70,34.90,2.440,0.209,0.171,banana,fresh
2006763,1984,499.15,42.40,34.90,2.440,0.207,0.171,banana,fresh
2007775,1985,499.25,42.60,34.90,2.440,0.208,0.171,banana,fresh
2008785,1986,499.20,42.40,34.90,2.440,0.207,0.171,banana,fresh
2009796,1987,499.30,42.65,34.90,2.440,0.208,0.171,banana,fresh
2010808,1988,499.35,42.30,34.90,2.441,0.207,0.171,banana,fresh
2011819,1989,499.40,42.40,34.85,2.441,0.207,0.170,banana,fresh
2012829,1990,499.80,42.60,34.90,2.443,0.208,0.171,banana,fresh
2013841,1991,499.65,42.45,34.85,2.442,0.207,0.170,banana,fresh
2014852,1992,499.80,42.50,34.85,2.443,0.208,0.170,banana,fresh
2015862,1993,499.65,42.55,35.00,2.442,0.208,0.171,banana,fresh
2016874,1994,500.00,42.60,34.95,2.444,0.208,0.171,banana,fresh
2017885,1995,499.90,42.55,34.85,2.443,0.208,0.170,banana,fresh
2018895,1996,499.95,42.70,34.95,2.444,0.209,0.171,banana,fresh
2019907,1997,499.95,42.60,35.00,2.444,0.208,0.171,banana,fresh
2020918,1998,500.00,42.75,34.95,2.444,0.209,0.171,banana,fresh
2021928,1999,500.00,42.70,34.90,2.444,0.209,0.171,banana,fresh
2022940,2000,500.00,42.60,34.95,2.444,0.208,0.171,banana,fresh
2023951,2001,500.00,42.50,34.90,2.444,0.208,0.171,banana,fresh
2024962,2002,500.00,42.65,34.90,2.444,0.208,0.171,banana,fresh
2025973,2003,500.10,42.65,35.00,2.444,0.208,0.171,banana,fresh
2026984,2004,500.15,42.70,34.90,2.445,0.209,0.171,banana,fresh
2027995,2005,500.25,42.70,34.95,2.445,0.209,0.171,banana,fresh
2029006,2006,500.40,42.90,34.95,2.446,0.210,0.171,banana,fresh
2030017,2007,500.70,42.75,34.95,2.447,0.209,0.171,banana,fresh
2031028,2008,500.80,42.85,34.95,2.448,0.209,0.171,banana,fresh
2032039,2009,501.00,42.65,34.95,2.449,0.208,0.171,banana,fresh
2033050,2010,501.00,42.85,35.00,2.449,0.209,0.171,banana,fresh
2034061,2011,501.00,42.75,35.00,2.449,0.209,0.171,banana,fresh
2035073,2012,501.00,42.90,34.95,2.449,0.210,0.171,banana,fresh
2036083,2013,501.00,42.75,35.00,2.449,0.209,0.171,banana,fresh
2037094,2014,501.00,42.85,34.95,2.449,0.209,0.171,banana,fresh
2038106,2015,501.00,42.75,35.00,2.449,0.209,0.171,banana,fresh
2039116,2016,501.00,42.85,34.95,2.449,0.209,0.171,banana,fresh
2040127,2017,501.00,42.95,35.00,2.449,0.210,0.171,banana,fresh
2041139,2018,501.05,42.90,35.00,2.449,0.210,0.171,banana,fresh
2042149,2019,501.05,42.90,35.00,2.449,0.210,0.171,banana,fresh
2043160,2020,501.10,42.90,34.95,2.449,0.210,0.171,banana,fresh
2044172,2021,501.25,42.80,35.00,2.450,0.209,0.171,banana,fresh
2045182,2022,501.50,42.85,35.00,2.451,0.209,0.171,banana,fresh
2046193,2023,501.40,42.90,35.00,2.451,0.210,0.171,banana,fresh
2047205,2024,501.55,42.90,35.00,2.451,0.210,0.171,banana,fresh
2048216,2025,501.55,42.90,35.00,2.451,0.210,0.171,banana,fresh
2049226,2026,501.75,42.95,35.00,2.452,0.210,0.171,banana,fresh
2050238,2027,501.90,42.95,35.00,2.453,0.210,0.171,banana,fresh
2051249,2028,501.80,42.85,34.95,2.453,0.209,0.171,banana,fresh
2052259,2029,501.95,42.95,35.00,2.453,0.210,0.171,banana,fresh
2053271,2030,501.95,42.90,35.00,2.453,0.210,0.171,banana,fresh
2054282,2031,502.00,42.90,35.00,2.454,0.210,0.171,banana,fresh
2055292,2032,502.00,42.95,35.00,2.454,0.210,0.171,banana,fresh
2056304,2033,502.00,42.90,35.00,2.454,0.210,0.171,banana,fresh
2057315,2034,502.00,42.95,34.95,2.454,0.210,0.171,banana,fresh
2058326,2035,502.00,42.90,35.00,2.454,0.210,0.171,banana,fresh
2059337,2036,502.00,43.00,35.00,2.454,0.210,0.171,banana,fresh
2060348,2037,502.00,43.00,35.00,2.454,0.210,0.171,banana,fresh
2061359,2038,502.10,42.85,34.95,2.454,0.209,0.171,banana,fresh
2062370,2039,502.00,42.95,35.00,2.454,0.210,0.171,banana,fresh
2063381,2040,502.05,42.95,34.95,2.454,0.210,0.171,banana,fresh
2064392,2041,502.20,42.95,35.00,2.455,0.210,0.171,banana,fresh
2065403,2042,502.15,42.95,35.00,2.454,0.210,0.171,banana,fresh
2066414,2043,502.25,42.90,35.00,2.455,0.210,0.171,banana,fresh
2067425,2044,502.40,42.85,35.00,2.456,0.209,0.171,banana,fresh
2068436,2045,502.50,43.00,34.95,2.456,0.210,0.171,banana,fresh
2069447,2046,502.40,43.00,35.00,2.456,0.210,0.171,banana,fresh
2070458,2047,502.70,43.00,35.00,2.457,0.210,0.171,banana,fresh
2071470,2048,502.75,42.95,35.00,2.457,0.210,0.171,banana,fresh
2072480,2049,502.80,43.00,34.95,2.457,0.210,0.171,banana,fresh
2073491,2050,502.95,42.95,35.00,2.458,0.210,0.171,banana,fresh
2074503,2051,502.95,42.95,35.00,2.458,0.210,0.171,banana,fresh
2075513,2052,502.95,42.95,35.00,2.458,0.210,0.171,banana,fresh
2076524,2053,502.90,43.00,35.00,2.458,0.210,0.171,banana,fresh
2077536,2054,502.95,43.00,35.00,2.458,0.210,0.171,banana,fresh
2078546,2055,502.95,42.95,35.00,2.458,0.210,0.171,banana,fresh
2079557,2056,502.95,43.00,35.00,2.458,0.210,0.171,banana,fresh
2080569,2057,502.10,43.00,35.15,2.454,0.210,0.172,banana,fresh
2081580,2058,501.05,43.00,36.25,2.449,0.210,0.177,banana,fresh
2082590,2059,496.80,42.50,37.00,2.428,0.208,0.181,banana,fresh
2083602,2060,479.30,42.05,37.50,2.343,0.206,0.183,banana,fresh
2084613,2061,458.10,41.95,34.80,2.239,0.205,0.170,banana,fresh
2085623,2062,439.90,41.20,33.40,2.150,0.201,0.163,banana,fresh
2086635,2063,426.50,40.95,33.15,2.085,0.200,0.162,banana,fresh
2087646,2064,415.10,40.20,33.05,2.029,0.196,0.162,banana,fresh
2088656,2065,407.90,40.10,33.00,1.994,0.196,0.161,banana,fresh
2089668,2066,393.40,39.50,32.90,1.923,0.193,0.161,banana,fresh
2090679,2067,384.35,39.00,33.00,1.879,0.191,0.161,banana,fresh
2091689,2068,394.05,38.40,32.95,1.926,0.188,0.161,banana,fresh
2092701,2069,391.90,38.05,32.95,1.915,0.186,0.161,banana,fresh
2093712,2070,380.25,38.00,32.90,1.859,0.186,0.161,banana,fresh
2094724,2071,379.90,37.80,33.00,1.857,0.185,0.161,banana,fresh
2095734,2072,380.25,37.30,33.00,1.859,0.182,0.161,banana,fresh
2096745,2073,383.65,38.05,35.20,1.875,0.186,0.172,banana,fresh
2097757,2074,391.95,38.05,37.55,1.916,0.186,0.184,banana,fresh
2098767,2075,399.60,38.00,35.45,1.953,0.186,0.173,banana,fresh
2099778,2076,407.55,38.05,35.65,1.992,0.186,0.174,banana,fresh
2100790,2077,418.50,38.10,35.60,2.045,0.186,0.174,banana,fresh
2101800,2078,426.65,38.25,35.30,2.085,0.187,0.173,banana,fresh
2102811,2079,428.00,38.50,35.45,2.092,0.188,0.173,banana,fresh
2103823,2080,433.80,38.40,35.05,2.120,0.188,0.171,banana,fresh