timestamp_ms,sample_id,mq3_adc,mq5_adc,mq135_adc,mq3_volts,mq5_volts,mq135_volts,fruit,label
2009,1,469.15,50.00,41.00,2.293,0.244,0.200,banana,fresh
3019,2,469.40,50.00,41.00,2.294,0.244,0.200,banana,fresh
4031,3,469.00,50.00,41.05,2.292,0.244,0.201,banana,fresh
5042,4,469.15,50.00,41.00,2.293,0.244,0.200,banana,fresh
6052,5,469.05,50.00,41.00,2.293,0.244,0.200,banana,fresh
7063,6,469.05,50.00,41.00,2.293,0.244,0.200,banana,fresh
8074,7,469.15,50.00,41.00,2.293,0.244,0.200,banana,fresh
9084,8,469.20,50.05,41.00,2.293,0.245,0.200,banana,fresh
10095,9,469.15,50.00,41.00,2.293,0.244,0.200,banana,fresh
11106,10,469.20,50.00,41.00,2.293,0.244,0.200,banana,fresh
12116,11,469.10,50.00,41.00,2.293,0.244,0.200,banana,fresh
13127,12,469.10,50.00,41.05,2.293,0.244,0.201,banana,fresh
14138,13,469.30,50.00,41.00,2.294,0.244,0.200,banana,fresh
15149,14,469.20,50.00,41.00,2.293,0.244,0.200,banana,fresh
16159,15,469.25,50.00,41.00,2.293,0.244,0.200,banana,fresh
17171,16,469.35,50.00,41.00,2.294,0.244,0.200,banana,fresh
18182,17,469.25,50.00,41.00,2.293,0.244,0.200,banana,fresh
19192,18,469.50,50.00,41.00,2.295,0.244,0.200,banana,fresh
20203,19,469.50,50.00,41.00,2.295,0.244,0.200,banana,fresh
21214,20,469.40,50.00,41.00,2.294,0.244,0.200,banana,fresh
22224,21,469.60,50.00,41.00,2.295,0.244,0.200,banana,fresh
23235,22,469.65,50.00,41.00,2.295,0.244,0.200,banana,fresh
24246,23,469.55,50.00,41.00,2.295,0.244,0.200,banana,fresh
25257,24,469.50,50.00,41.00,2.295,0.244,0.200,banana,fresh
26268,25,469.75,50.00,41.05,2.296,0.244,0.201,banana,fresh
27279,26,469.80,50.00,41.00,2.296,0.244,0.200,banana,fresh
28290,27,469.85,50.00,41.00,2.296,0.244,0.200,banana,fresh
29300,28,469.80,50.00,41.00,2.296,0.244,0.200,banana,fresh
30311,29,469.90,50.00,41.00,2.297,0.244,0.200,banana,fresh
31322,30,470.00,50.00,41.00,2.297,0.244,0.200,banana,fresh
32332,31,469.90,50.00,41.00,2.297,0.244,0.200,banana,fresh
33343,32,469.80,50.00,41.00,2.296,0.244,0.200,banana,fresh
34355,33,469.90,50.00,41.00,2.297,0.244,0.200,banana,fresh
35365,34,469.90,50.05,41.00,2.297,0.245,0.200,banana,fresh
36376,35,469.95,50.00,41.00,2.297,0.244,0.200,banana,fresh
37387,36,469.90,50.00,41.00,2.297,0.244,0.200,banana,fresh
38397,37,469.85,50.00,41.00,2.296,0.244,0.200,banana,fresh
39408,38,469.90,50.00,41.00,2.297,0.244,0.200,banana,fresh
40419,39,469.95,50.00,41.00,2.297,0.244,0.200,banana,fresh
41431,40,469.85,50.00,41.00,2.296,0.244,0.200,banana,fresh
42441,41,469.50,50.00,41.00,2.295,0.244,0.200,banana,fresh
43452,42,469.65,50.00,41.00,2.295,0.244,0.200,banana,fresh
44463,43,469.50,50.00,41.00,2.295,0.244,0.200,banana,fresh
45473,44,469.20,50.00,41.00,2.293,0.244,0.200,banana,fresh
46484,45,469.15,50.00,41.00,2.293,0.244,0.200,banana,fresh
47495,46,469.15,50.00,41.00,2.293,0.244,0.200,banana,fresh
48505,47,469.15,50.00,41.05,2.293,0.244,0.201,banana,fresh
49517,48,469.15,50.00,41.00,2.293,0.244,0.200,banana,fresh
50528,49,469.10,50.00,41.00,2.293,0.244,0.200,banana,fresh
51538,50,469.10,50.00,41.00,2.293,0.244,0.200,banana,fresh
52549,51,469.15,50.00,41.00,2.293,0.244,0.200,banana,fresh
53560,52,469.15,50.00,41.00,2.293,0.244,0.200,banana,fresh
54571,53,469.20,50.00,41.00,2.293,0.244,0.200,banana,fresh
55581,54,469.15,50.00,41.00,2.293,0.244,0.200,banana,fresh
56592,55,469.05,50.00,41.00,2.293,0.244,0.200,banana,fresh
57604,56,469.10,50.00,41.00,2.293,0.244,0.200,banana,fresh
58614,57,469.15,50.00,41.00,2.293,0.244,0.200,banana,fresh
59625,58,469.10,50.05,41.00,2.293,0.245,0.200,banana,fresh
60636,59,469.10,50.00,41.00,2.293,0.244,0.200,banana,fresh
61646,60,469.25,50.00,41.00,2.293,0.244,0.200,banana,fresh
62657,61,469.15,50.00,41.00,2.293,0.244,0.200,banana,fresh
63668,62,469.15,50.00,41.00,2.293,0.244,0.200,banana,fresh
64678,63,469.15,50.00,41.00,2.293,0.244,0.200,banana,fresh
65690,64,469.20,50.00,41.00,2.293,0.244,0.200,banana,fresh
66701,65,469.10,50.00,41.00,2.293,0.244,0.200,banana,fresh
67712,66,469.35,50.00,41.00,2.294,0.244,0.200,banana,fresh
68722,67,469.20,50.05,41.00,2.293,0.245,0.200,banana,fresh
69733,68,469.25,50.00,41.00,2.293,0.244,0.200,banana,fresh
70744,69,469.20,50.00,41.00,2.293,0.244,0.200,banana,fresh
71754,70,469.25,50.00,41.00,2.293,0.244,0.200,banana,fresh
72765,71,469.35,50.00,41.00,2.294,0.244,0.200,banana,fresh
73777,72,469.15,50.00,41.00,2.293,0.244,0.200,banana,fresh
74787,73,469.25,50.00,41.00,2.293,0.244,0.200,banana,fresh
75798,74,469.40,50.00,41.00,2.294,0.244,0.200,banana,fresh
76809,75,469.40,50.00,41.00,2.294,0.244,0.200,banana,fresh
77819,76,469.30,50.00,41.00,2.294,0.244,0.200,banana,fresh
78830,77,469.40,50.00,41.00,2.294,0.244,0.200,banana,fresh
79841,78,469.35,50.00,41.00,2.294,0.244,0.200,banana,fresh
80851,79,469.85,50.00,41.00,2.296,0.244,0.200,banana,fresh
81863,80,469.85,50.00,41.00,2.296,0.244,0.200,banana,fresh
82874,81,469.90,50.00,41.00,2.297,0.244,0.200,banana,fresh
83885,82,469.85,50.00,41.00,2.296,0.244,0.200,banana,fresh
84895,83,469.80,50.00,41.00,2.296,0.244,0.200,banana,fresh
85906,84,469.85,50.00,41.00,2.296,0.244,0.200,banana,fresh
86917,85,469.90,50.00,41.00,2.297,0.244,0.200,banana,fresh
87927,86,469.95,50.00,41.00,2.297,0.244,0.200,banana,fresh
88938,87,470.00,50.00,41.00,2.297,0.244,0.200,banana,fresh
89949,88,469.90,50.00,41.05,2.297,0.244,0.201,banana,fresh
90960,89,469.95,50.00,41.00,2.297,0.244,0.200,banana,fresh
91971,90,469.95,50.00,41.00,2.297,0.244,0.200,banana,fresh
92982,91,469.95,50.00,41.05,2.297,0.244,0.201,banana,fresh
93992,92,470.00,50.00,41.00,2.297,0.244,0.200,banana,fresh
95003,93,470.00,50.00,41.00,2.297,0.244,0.200,banana,fresh
96014,94,470.00,50.00,41.00,2.297,0.244,0.200,banana,fresh
97025,95,470.00,50.00,41.00,2.297,0.244,0.200,banana,fresh
98035,96,470.00,50.00,41.00,2.297,0.244,0.200,banana,fresh
99046,97,470.00,50.00,41.00,2.297,0.244,0.200,banana,fresh
100058,98,470.00,50.00,41.00,2.297,0.244,0.200,banana,fresh
101068,99,470.00,50.00,41.00,2.297,0.244,0.200,banana,fresh
102079,100,470.00,50.00,41.00,2.297,0.244,0.200,banana,fresh
103090,101,470.00,50.00,41.00,2.297,0.244,0.200,banana,fresh
104100,102,470.00,50.00,41.00,2.297,0.244,0.200,banana,fresh
105112,103,470.00,50.00,41.00,2.297,0.244,0.200,banana,fresh
106123,104,470.00,50.00,41.00,2.297,0.244,0.200,banana,fresh
107133,105,470.00,50.00,41.00,2.297,0.244,0.200,banana,fresh
108144,106,470.00,50.00,41.00,2.297,0.244,0.200,banana,fresh
109155,107,470.00,50.00,41.00,2.297,0.244,0.200,banana,fresh
110167,108,470.00,50.00,41.00,2.297,0.244,0.200,banana,fresh
111177,109,470.00,50.00,41.05,2.297,0.244,0.201,banana,fresh
112188,110,470.00,50.00,41.00,2.297,0.244,0.200,banana,fresh
113199,111,470.00,50.00,41.00,2.297,0.244,0.200,banana,fresh
114209,112,470.00,50.00,41.00,2.297,0.244,0.200,banana,fresh
115221,113,470.00,50.00,41.00,2.297,0.244,0.200,banana,fresh
116232,114,470.00,50.00,41.05,2.297,0.244,0.201,banana,fresh
117242,115,470.00,50.00,41.00,2.297,0.244,0.200,banana,fresh
118253,116,470.00,50.00,41.00,2.297,0.244,0.200,banana,fresh
119264,117,470.00,50.00,41.00,2.297,0.244,0.200,banana,fresh
120275,118,470.00,50.00,41.00,2.297,0.244,0.200,banana,fresh
121286,119,470.00,50.00,41.00,2.297,0.244,0.200,banana,fresh
122297,120,470.00,50.00,41.00,2.297,0.244,0.200,banana,fresh
123308,121,470.05,50.00,41.00,2.297,0.244,0.200,banana,fresh
124319,122,470.00,50.00,41.00,2.297,0.244,0.200,banana,fresh
125330,123,470.00,50.00,41.00,2.297,0.244,0.200,banana,fresh
126341,124,470.00,50.00,41.00,2.297,0.244,0.200,banana,fresh
127351,125,470.00,50.00,41.00,2.297,0.244,0.200,banana,fresh
128362,126,470.00,50.00,41.00,2.297,0.244,0.200,banana,fresh
129374,127,470.00,50.00,41.00,2.297,0.244,0.200,banana,fresh
130384,128,470.00,50.00,41.00,2.297,0.244,0.200,banana,fresh
131395,129,470.00,50.00,41.00,2.297,0.244,0.200,banana,fresh
132406,130,470.00,50.00,41.00,2.297,0.244,0.200,banana,fresh
133416,131,470.00,50.00,41.00,2.297,0.244,0.200,banana,fresh
134428,132,470.00,50.00,41.00,2.297,0.244,0.200,banana,fresh
135439,133,470.00,50.00,41.00,2.297,0.244,0.200,banana,fresh
136450,134,470.05,50.00,41.00,2.297,0.244,0.200,banana,fresh
137460,135,470.00,50.00,41.00,2.297,0.244,0.200,banana,fresh
138472,136,470.00,50.00,41.00,2.297,0.244,0.200,banana,fresh
139483,137,470.00,50.00,41.00,2.297,0.244,0.200,banana,fresh
140493,138,470.00,50.00,41.00,2.297,0.244,0.200,banana,fresh
141504,139,470.00,50.00,41.00,2.297,0.244,0.200,banana,fresh
142515,140,470.00,50.00,41.00,2.297,0.244,0.200,banana,fresh
143526,141,470.00,50.00,41.00,2.297,0.244,0.200,banana,fresh
144537,142,470.00,50.00,41.00,2.297,0.244,0.200,banana,fresh
145548,143,470.05,50.00,41.00,2.297,0.244,0.200,banana,fresh
146558,144,470.00,50.00,41.00,2.297,0.244,0.200,banana,fresh
147569,145,470.00,50.00,41.00,2.297,0.244,0.200,banana,fresh
148581,146,470.05,50.00,41.00,2.297,0.244,0.200,banana,fresh
149592,147,470.00,50.00,41.00,2.297,0.244,0.200,banana,fresh
150602,148,470.00,50.00,41.00,2.297,0.244,0.200,banana,fresh
151613,149,470.00,50.00,41.00,2.297,0.244,0.200,banana,fresh
152625,150,470.00,50.00,41.00,2.297,0.244,0.200,banana,fresh
153635,151,470.20,50.00,41.00,2.298,0.244,0.200,banana,fresh
154646,152,470.05,50.00,41.00,2.297,0.244,0.200,banana,fresh
155657,153,470.00,50.00,41.00,2.297,0.244,0.200,banana,fresh
156667,154,470.00,50.00,41.00,2.297,0.244,0.200,banana,fresh
157679,155,470.10,50.00,41.00,2.298,0.244,0.200,banana,fresh
158690,156,470.10,50.00,41.00,2.298,0.244,0.200,banana,fresh
159700,157,470.00,50.00,41.00,2.297,0.244,0.200,banana,fresh
160711,158,470.05,50.00,41.00,2.297,0.244,0.200,banana,fresh
161722,159,470.05,50.00,41.00,2.297,0.244,0.200,banana,fresh
162734,160,470.00,50.00,41.00,2.297,0.244,0.200,banana,fresh
163744,161,470.05,49.95,41.00,2.297,0.244,0.200,banana,fresh
164755,162,470.00,50.00,41.00,2.297,0.244,0.200,banana,fresh
165766,163,470.00,50.00,41.00,2.297,0.244,0.200,banana,fresh
166777,164,470.05,50.00,41.00,2.297,0.244,0.200,banana,fresh
167788,165,470.00,50.00,41.00,2.297,0.244,0.200,banana,fresh
168799,166,470.00,50.00,41.00,2.297,0.244,0.200,banana,fresh
169809,167,470.00,50.00,41.00,2.297,0.244,0.200,banana,fresh
170820,168,470.00,50.00,41.00,2.297,0.244,0.200,banana,fresh
171832,169,470.00,50.00,41.00,2.297,0.244,0.200,banana,fresh
172843,170,470.00,50.00,41.00,2.297,0.244,0.200,banana,fresh
173853,171,470.00,50.00,41.00,2.297,0.244,0.200,banana,fresh
174864,172,470.00,50.00,41.00,2.297,0.244,0.200,banana,fresh
175875,173,470.00,50.00,41.00,2.297,0.244,0.200,banana,fresh
176886,174,470.00,50.00,41.00,2.297,0.244,0.200,banana,fresh
177897,175,469.95,50.00,41.00,2.297,0.244,0.200,banana,fresh
178908,176,470.00,50.00,41.00,2.297,0.244,0.200,banana,fresh
179918,177,470.00,50.00,41.00,2.297,0.244,0.200,banana,fresh
180929,178,470.00,50.00,41.00,2.297,0.244,0.200,banana,fresh
181941,179,469.95,50.00,41.00,2.297,0.244,0.200,banana,fresh
182951,180,470.00,50.00,41.05,2.297,0.244,0.201,banana,fresh
183962,181,469.90,50.00,41.00,2.297,0.244,0.200,banana,fresh
184973,182,469.90,50.00,41.00,2.297,0.244,0.200,banana,fresh
185985,183,469.85,50.00,41.00,2.296,0.244,0.200,banana,fresh
186995,184,469.95,50.00,41.00,2.297,0.244,0.200,banana,fresh
188006,185,470.00,50.00,41.00,2.297,0.244,0.200,banana,fresh
189017,186,469.80,50.00,41.00,2.296,0.244,0.200,banana,fresh
190027,187,469.75,50.00,41.00,2.296,0.244,0.200,banana,fresh
191039,188,469.70,50.00,41.00,2.296,0.244,0.200,banana,fresh
192050,189,469.65,50.00,41.00,2.295,0.244,0.200,banana,fresh
193060,190,469.70,50.00,41.00,2.296,0.244,0.200,banana,fresh
194071,191,469.50,50.00,41.00,2.295,0.244,0.200,banana,fresh
195083,192,469.65,50.00,41.00,2.295,0.244,0.200,banana,fresh
196093,193,469.60,50.00,41.00,2.295,0.244,0.200,banana,fresh
197104,194,469.45,50.00,41.00,2.294,0.244,0.200,banana,fresh
198115,195,469.65,50.00,41.00,2.295,0.244,0.200,banana,fresh
199126,196,469.60,50.00,41.00,2.295,0.244,0.200,banana,fresh
200137,197,469.60,50.00,41.00,2.295,0.244,0.200,banana,fresh
201148,198,469.55,50.00,41.00,2.295,0.244,0.200,banana,fresh
202159,199,469.80,49.95,41.00,2.296,0.244,0.200,banana,fresh
203169,200,469.50,50.00,41.00,2.295,0.244,0.200,banana,fresh
204181,201,469.85,50.00,41.00,2.296,0.244,0.200,banana,fresh
205192,202,469.70,50.00,41.00,2.296,0.244,0.200,banana,fresh
206202,203,469.75,50.00,41.00,2.296,0.244,0.200,banana,fresh
207213,204,469.70,50.00,41.00,2.296,0.244,0.200,banana,fresh
208224,205,469.70,49.95,41.00,2.296,0.244,0.200,banana,fresh
209235,206,469.60,50.00,41.00,2.295,0.244,0.200,banana,fresh
210246,207,469.60,50.00,41.00,2.295,0.244,0.200,banana,fresh
211257,208,469.45,50.00,41.00,2.294,0.244,0.200,banana,fresh
212268,209,469.65,50.00,41.00,2.295,0.244,0.200,banana,fresh
213279,210,469.70,50.00,41.00,2.296,0.244,0.200,banana,fresh
214290,211,469.65,49.95,41.00,2.295,0.244,0.200,banana,fresh
215301,212,469.40,50.00,41.00,2.294,0.244,0.200,banana,fresh
216311,213,469.30,50.00,41.00,2.294,0.244,0.200,banana,fresh
217322,214,469.30,50.00,41.00,2.294,0.244,0.200,banana,fresh
218334,215,469.20,50.00,41.00,2.293,0.244,0.200,banana,fresh
219344,216,469.10,50.00,41.00,2.293,0.244,0.200,banana,fresh
220355,217,469.00,50.00,41.00,2.292,0.244,0.200,banana,fresh
221366,218,469.20,50.00,41.00,2.293,0.244,0.200,banana,fresh
222377,219,469.15,50.00,41.00,2.293,0.244,0.200,banana,fresh
223388,220,469.05,50.00,41.00,2.293,0.244,0.200,banana,fresh
224399,221,469.00,50.00,40.95,2.292,0.244,0.200,banana,fresh
225410,222,469.10,50.00,41.00,2.293,0.244,0.200,banana,fresh
226420,223,469.00,50.00,41.00,2.292,0.244,0.200,banana,fresh
227432,224,469.00,50.00,41.00,2.292,0.244,0.200,banana,fresh
228443,225,469.00,50.00,41.00,2.292,0.244,0.200,banana,fresh
229453,226,469.00,50.00,41.00,2.292,0.244,0.200,banana,fresh
230464,227,469.00,50.00,41.00,2.292,0.244,0.200,banana,fresh
231475,228,469.00,50.00,41.00,2.292,0.244,0.200,banana,fresh
232486,229,469.00,49.95,41.00,2.292,0.244,0.200,banana,fresh
233497,230,469.00,49.95,41.00,2.292,0.244,0.200,banana,fresh
234508,231,469.00,50.00,41.00,2.292,0.244,0.200,banana,fresh
235518,232,469.00,50.00,41.00,2.292,0.244,0.200,banana,fresh
236530,233,469.00,49.95,41.00,2.292,0.244,0.200,banana,fresh
237541,234,469.00,50.00,41.00,2.292,0.244,0.200,banana,fresh
238552,235,469.00,50.00,41.00,2.292,0.244,0.200,banana,fresh
239562,236,469.00,50.00,41.00,2.292,0.244,0.200,banana,fresh
240573,237,469.00,50.00,41.00,2.292,0.244,0.200,banana,fresh
241585,238,469.00,50.00,41.00,2.292,0.244,0.200,banana,fresh
242595,239,469.00,49.95,41.00,2.292,0.244,0.200,banana,fresh
243606,240,469.00,49.95,41.00,2.292,0.244,0.200,banana,fresh
244617,241,469.00,49.95,41.00,2.292,0.244,0.200,banana,fresh
245627,242,469.00,50.00,41.00,2.292,0.244,0.200,banana,fresh
246639,243,469.00,50.00,41.00,2.292,0.244,0.200,banana,fresh
247650,244,469.00,50.00,41.00,2.292,0.244,0.200,banana,fresh
248660,245,468.95,49.95,41.00,2.292,0.244,0.200,banana,fresh
249671,246,468.75,50.00,41.00,2.291,0.244,0.200,banana,fresh
250683,247,468.85,50.00,41.00,2.292,0.244,0.200,banana,fresh
251694,248,468.70,49.95,41.00,2.291,0.244,0.200,banana,fresh
252704,249,468.80,49.95,41.00,2.291,0.244,0.200,banana,fresh
253715,250,468.70,50.00,41.00,2.291,0.244,0.200,banana,fresh
254726,251,468.70,49.95,41.00,2.291,0.244,0.200,banana,fresh
255737,252,468.70,50.00,41.00,2.291,0.244,0.200,banana,fresh
256748,253,468.65,49.95,41.00,2.291,0.244,0.200,banana,fresh
257759,254,468.75,50.00,41.00,2.291,0.244,0.200,banana,fresh
258769,255,468.55,49.95,41.00,2.290,0.244,0.200,banana,fresh
259781,256,468.45,50.00,41.00,2.290,0.244,0.200,banana,fresh
260792,257,468.30,50.00,41.00,2.289,0.244,0.200,banana,fresh
261803,258,468.30,50.00,41.00,2.289,0.244,0.200,banana,fresh
262813,259,468.35,50.00,41.00,2.289,0.244,0.200,banana,fresh
263825,260,468.15,50.00,41.00,2.288,0.244,0.200,banana,fresh
264836,261,468.35,50.00,41.00,2.289,0.244,0.200,banana,fresh
265846,262,468.45,50.00,41.00,2.290,0.244,0.200,banana,fresh
266857,263,468.25,50.00,41.00,2.289,0.244,0.200,banana,fresh
267868,264,468.45,50.00,41.00,2.290,0.244,0.200,banana,fresh
268879,265,468.15,50.00,41.00,2.288,0.244,0.200,banana,fresh
269890,266,468.35,49.95,41.00,2.289,0.244,0.200,banana,fresh
270901,267,468.45,50.00,41.00,2.290,0.244,0.200,banana,fresh
271911,268,468.40,49.95,41.00,2.289,0.244,0.200,banana,fresh
272922,269,468.15,49.95,41.00,2.288,0.244,0.200,banana,fresh
273934,270,468.15,50.00,41.00,2.288,0.244,0.200,banana,fresh
274945,271,468.05,49.95,41.00,2.288,0.244,0.200,banana,fresh
275955,272,468.00,49.95,41.00,2.287,0.244,0.200,banana,fresh
276966,273,468.00,50.00,41.00,2.287,0.244,0.200,banana,fresh
277978,274,468.05,49.90,41.00,2.288,0.244,0.200,banana,fresh
278988,275,468.00,49.95,41.00,2.287,0.244,0.200,banana,fresh
279999,276,468.00,49.95,41.00,2.287,0.244,0.200,banana,fresh
281010,277,468.00,50.00,41.00,2.287,0.244,0.200,banana,fresh
282020,278,468.00,50.00,41.00,2.287,0.244,0.200,banana,fresh
283032,279,468.00,49.95,41.00,2.287,0.244,0.200,banana,fresh
284043,280,468.00,49.95,41.00,2.287,0.244,0.200,banana,fresh
285053,281,468.00,49.95,41.00,2.287,0.244,0.200,banana,fresh
286064,282,468.00,50.00,40.95,2.287,0.244,0.200,banana,fresh
287076,283,468.05,50.00,41.00,2.288,0.244,0.200,banana,fresh
288087,284,468.00,49.95,41.00,2.287,0.244,0.200,banana,fresh
289097,285,468.00,50.00,41.00,2.287,0.244,0.200,banana,fresh
290108,286,468.00,49.95,41.00,2.287,0.244,0.200,banana,fresh
291119,287,468.00,49.85,41.00,2.287,0.244,0.200,banana,fresh
292130,288,468.00,49.90,41.00,2.287,0.244,0.200,banana,fresh
293141,289,468.00,49.90,41.00,2.287,0.244,0.200,banana,fresh
294152,290,468.00,50.00,41.00,2.287,0.244,0.200,banana,fresh
295162,291,468.00,49.95,41.00,2.287,0.244,0.200,banana,fresh
296174,292,468.00,50.00,41.00,2.287,0.244,0.200,banana,fresh
297185,293,468.00,49.90,41.00,2.287,0.244,0.200,banana,fresh
298195,294,468.00,49.95,41.00,2.287,0.244,0.200,banana,fresh
299206,295,468.00,49.95,41.00,2.287,0.244,0.200,banana,fresh
300217,296,468.00,50.00,41.00,2.287,0.244,0.200,banana,fresh
301229,297,468.00,49.95,41.00,2.287,0.244,0.200,banana,fresh
302239,298,468.00,50.00,41.00,2.287,0.244,0.200,banana,fresh
303250,299,468.00,49.90,41.00,2.287,0.244,0.200,banana,fresh
304261,300,468.00,49.95,41.00,2.287,0.244,0.200,banana,fresh
305271,301,468.00,49.90,41.00,2.287,0.244,0.200,banana,fresh
306283,302,468.00,49.85,41.00,2.287,0.244,0.200,banana,fresh
307294,303,468.00,49.95,41.00,2.287,0.244,0.200,banana,fresh
308304,304,468.00,49.90,41.00,2.287,0.244,0.200,banana,fresh
309315,305,468.00,49.90,41.00,2.287,0.244,0.200,banana,fresh
310327,306,468.00,49.90,41.00,2.287,0.244,0.200,banana,fresh
311337,307,468.00,49.80,41.00,2.287,0.243,0.200,banana,fresh
312348,308,468.00,49.95,41.00,2.287,0.244,0.200,banana,fresh
313359,309,468.00,50.00,41.00,2.287,0.244,0.200,banana,fresh
314370,310,468.00,49.95,41.00,2.287,0.244,0.200,banana,fresh
315381,311,468.00,49.95,41.00,2.287,0.244,0.200,banana,fresh
316392,312,468.00,49.85,41.00,2.287,0.244,0.200,banana,fresh
317403,313,468.00,49.95,41.00,2.287,0.244,0.200,banana,fresh
318413,314,468.00,49.75,41.00,2.287,0.243,0.200,banana,fresh
319425,315,468.00,49.90,41.00,2.287,0.244,0.200,banana,fresh
320436,316,468.00,49.70,41.00,2.287,0.243,0.200,banana,fresh
321446,317,468.00,49.90,41.00,2.287,0.244,0.200,banana,fresh
322457,318,468.00,49.80,41.00,2.287,0.243,0.200,banana,fresh
323468,319,468.00,49.90,41.00,2.287,0.244,0.200,banana,fresh
324480,320,468.00,49.75,41.00,2.287,0.243,0.200,banana,fresh
325490,321,468.00,49.95,41.00,2.287,0.244,0.200,banana,fresh
326501,322,468.00,49.90,41.00,2.287,0.244,0.200,banana,fresh
327512,323,468.00,50.00,41.00,2.287,0.244,0.200,banana,fresh
328522,324,468.00,50.00,41.00,2.287,0.244,0.200,banana,fresh
329534,325,468.00,49.75,41.00,2.287,0.243,0.200,banana,fresh
330545,326,468.00,49.90,41.00,2.287,0.244,0.200,banana,fresh
331555,327,468.00,49.85,40.95,2.287,0.244,0.200,banana,fresh
332566,328,468.00,49.65,41.00,2.287,0.243,0.200,banana,fresh
333578,329,467.95,49.80,41.00,2.287,0.243,0.200,banana,fresh
334588,330,468.00,49.85,41.00,2.287,0.244,0.200,banana,fresh
335599,331,468.00,49.70,41.00,2.287,0.243,0.200,banana,fresh
336610,332,468.00,49.75,41.00,2.287,0.243,0.200,banana,fresh
337620,333,468.00,49.90,41.00,2.287,0.244,0.200,banana,fresh
338632,334,468.00,49.70,41.00,2.287,0.243,0.200,banana,fresh
339643,335,468.00,49.75,41.00,2.287,0.243,0.200,banana,fresh
340654,336,468.00,49.85,41.00,2.287,0.244,0.200,banana,fresh
341664,337,468.00,49.80,41.00,2.287,0.243,0.200,banana,fresh
342676,338,468.00,49.85,41.00,2.287,0.244,0.200,banana,fresh
343687,339,468.00,49.95,41.00,2.287,0.244,0.200,banana,fresh
344697,340,468.00,49.80,41.00,2.287,0.243,0.200,banana,fresh
345708,341,468.00,49.80,41.00,2.287,0.243,0.200,banana,fresh
346719,342,468.00,49.85,41.00,2.287,0.244,0.200,banana,fresh
347730,343,468.00,49.90,41.00,2.287,0.244,0.200,banana,fresh
348741,344,468.00,49.80,41.00,2.287,0.243,0.200,banana,fresh
349752,345,468.00,49.80,41.00,2.287,0.243,0.200,banana,fresh
350763,346,468.00,49.80,41.00,2.287,0.243,0.200,banana,fresh
351774,347,468.00,49.75,41.00,2.287,0.243,0.200,banana,fresh
352785,348,468.00,49.90,41.00,2.287,0.244,0.200,banana,fresh
353796,349,468.00,49.80,41.00,2.287,0.243,0.200,banana,fresh
354806,350,468.00,49.90,41.00,2.287,0.244,0.200,banana,fresh
355817,351,468.00,49.65,40.95,2.287,0.243,0.200,banana,fresh
356829,352,468.00,49.80,41.00,2.287,0.243,0.200,banana,fresh
357839,353,468.00,49.65,41.00,2.287,0.243,0.200,banana,fresh
358850,354,468.00,49.70,41.00,2.287,0.243,0.200,banana,fresh
359861,355,468.00,49.85,41.00,2.287,0.244,0.200,banana,fresh
360872,356,468.00,49.90,41.00,2.287,0.244,0.200,banana,fresh
361883,357,468.00,49.95,41.00,2.287,0.244,0.200,banana,fresh
362894,358,468.00,49.85,41.00,2.287,0.244,0.200,banana,fresh
363905,359,468.00,49.90,41.00,2.287,0.244,0.200,banana,fresh
364915,360,468.05,49.70,41.00,2.288,0.243,0.200,banana,fresh
365927,361,468.00,49.75,41.00,2.287,0.243,0.200,banana,fresh
366938,362,468.00,49.80,41.00,2.287,0.243,0.200,banana,fresh
367948,363,468.00,49.95,41.00,2.287,0.244,0.200,banana,fresh
368959,364,468.00,49.85,41.00,2.287,0.244,0.200,banana,fresh
369970,365,468.00,49.90,41.00,2.287,0.244,0.200,banana,fresh
370981,366,468.00,49.80,41.00,2.287,0.243,0.200,banana,fresh
371992,367,468.00,49.90,41.00,2.287,0.244,0.200,banana,fresh
373003,368,468.05,49.85,41.00,2.288,0.244,0.200,banana,fresh
374013,369,468.00,49.75,41.00,2.287,0.243,0.200,banana,fresh
375025,370,468.00,49.90,41.00,2.287,0.244,0.200,banana,fresh
376036,371,468.00,49.65,41.00,2.287,0.243,0.200,banana,fresh
377047,372,468.00,49.90,41.00,2.287,0.244,0.200,banana,fresh
378057,373,468.00,49.75,41.00,2.287,0.243,0.200,banana,fresh
379068,374,468.05,49.70,41.00,2.288,0.243,0.200,banana,fresh
380080,375,468.10,49.75,41.00,2.288,0.243,0.200,banana,fresh
381090,376,468.00,49.95,41.00,2.287,0.244,0.200,banana,fresh
382101,377,468.00,49.85,41.00,2.287,0.244,0.200,banana,fresh
383112,378,468.10,49.90,41.00,2.288,0.244,0.200,banana,fresh
384123,379,468.00,49.80,41.00,2.287,0.243,0.200,banana,fresh
385134,380,468.00,49.95,41.00,2.287,0.244,0.200,banana,fresh
386145,381,468.00,49.80,41.00,2.287,0.243,0.200,banana,fresh
387155,382,468.15,49.85,41.00,2.288,0.244,0.200,banana,fresh
388166,383,468.05,49.80,41.00,2.288,0.243,0.200,banana,fresh
389178,384,468.15,49.90,41.00,2.288,0.244,0.200,banana,fresh
390189,385,468.05,49.95,41.00,2.288,0.244,0.200,banana,fresh
391199,386,468.05,49.85,41.00,2.288,0.244,0.200,banana,fresh
392210,387,468.00,49.85,41.00,2.287,0.244,0.200,banana,fresh
393222,388,468.15,49.75,41.00,2.288,0.243,0.200,banana,fresh
394232,389,468.20,49.85,41.00,2.288,0.244,0.200,banana,fresh
395243,390,468.25,49.80,41.00,2.289,0.243,0.200,banana,fresh
396254,391,468.10,49.90,41.00,2.288,0.244,0.200,banana,fresh
397264,392,468.20,49.90,41.00,2.288,0.244,0.200,banana,fresh
398276,393,468.10,49.70,41.00,2.288,0.243,0.200,banana,fresh
399287,394,468.15,49.85,41.00,2.288,0.244,0.200,banana,fresh
400297,395,468.10,49.85,41.00,2.288,0.244,0.200,banana,fresh
401308,396,468.10,49.80,41.00,2.288,0.243,0.200,banana,fresh
402320,397,468.10,49.80,41.00,2.288,0.243,0.200,banana,fresh
403331,398,468.15,49.80,41.00,2.288,0.243,0.200,banana,fresh
404341,399,468.35,49.95,41.00,2.289,0.244,0.200,banana,fresh
405352,400,468.40,49.70,41.00,2.289,0.243,0.200,banana,fresh
406363,401,468.25,49.70,41.00,2.289,0.243,0.200,banana,fresh
407374,402,468.05,49.85,41.00,2.288,0.244,0.200,banana,fresh
408385,403,468.20,49.90,41.00,2.288,0.244,0.200,banana,fresh
409396,404,468.10,49.90,41.00,2.288,0.244,0.200,banana,fresh
410406,405,468.05,49.80,41.00,2.288,0.243,0.200,banana,fresh
411418,406,468.05,49.85,41.00,2.288,0.244,0.200,banana,fresh
412429,407,468.20,49.75,41.00,2.288,0.243,0.200,banana,fresh
413440,408,468.30,49.85,41.00,2.289,0.244,0.200,banana,fresh
414450,409,468.50,49.85,41.00,2.290,0.244,0.200,banana,fresh
415461,410,468.30,49.90,41.00,2.289,0.244,0.200,banana,fresh
416473,411,468.45,49.75,41.00,2.290,0.243,0.200,banana,fresh
417483,412,468.25,49.80,41.00,2.289,0.243,0.200,banana,fresh
418494,413,468.10,49.65,41.00,2.288,0.243,0.200,banana,fresh
419505,414,468.15,49.90,41.00,2.288,0.244,0.200,banana,fresh
420516,415,468.20,49.80,41.00,2.288,0.243,0.200,banana,fresh
421527,416,468.05,49.65,41.00,2.288,0.243,0.200,banana,fresh
422538,417,468.15,49.75,41.00,2.288,0.243,0.200,banana,fresh
423548,418,468.15,49.85,41.00,2.288,0.244,0.200,banana,fresh
424559,419,468.15,49.85,41.00,2.288,0.244,0.200,banana,fresh
425571,420,468.05,49.90,41.00,2.288,0.244,0.200,banana,fresh
426582,421,468.10,49.75,41.00,2.288,0.243,0.200,banana,fresh
427592,422,468.10,49.85,41.00,2.288,0.244,0.200,banana,fresh
428603,423,468.00,49.95,41.00,2.287,0.244,0.200,banana,fresh
429615,424,468.00,49.70,41.00,2.287,0.243,0.200,banana,fresh
430625,425,468.00,49.90,41.00,2.287,0.244,0.200,banana,fresh
431636,426,468.10,49.75,40.95,2.288,0.243,0.200,banana,fresh
432647,427,468.00,49.65,41.00,2.287,0.243,0.200,banana,fresh
433657,428,468.00,49.75,41.00,2.287,0.243,0.200,banana,fresh
434669,429,468.05,49.85,41.00,2.288,0.244,0.200,banana,fresh
435680,430,468.00,49.80,41.00,2.287,0.243,0.200,banana,fresh
436690,431,468.00,49.60,41.00,2.287,0.242,0.200,banana,fresh
437701,432,468.10,49.80,41.00,2.288,0.243,0.200,banana,fresh
438713,433,468.15,49.75,41.05,2.288,0.243,0.201,banana,fresh
439724,434,468.05,49.80,41.00,2.288,0.243,0.200,banana,fresh
440734,435,468.00,49.80,41.00,2.287,0.243,0.200,banana,fresh
441745,436,468.05,49.75,41.00,2.288,0.243,0.200,banana,fresh
442756,437,468.10,49.85,41.00,2.288,0.244,0.200,banana,fresh
443767,438,468.00,49.95,41.00,2.287,0.244,0.200,banana,fresh
444778,439,468.05,49.85,41.00,2.288,0.244,0.200,banana,fresh
445789,440,468.05,49.65,41.00,2.288,0.243,0.200,banana,fresh
446799,441,468.00,49.80,41.00,2.287,0.243,0.200,banana,fresh
447811,442,468.00,49.85,41.00,2.287,0.244,0.200,banana,fresh
448822,443,468.05,49.75,41.00,2.288,0.243,0.200,banana,fresh
449832,444,468.00,49.90,41.00,2.287,0.244,0.200,banana,fresh
450843,445,468.00,49.85,41.00,2.287,0.244,0.200,banana,fresh
451855,446,468.00,49.55,41.00,2.287,0.242,0.200,banana,fresh
452866,447,468.00,49.70,41.00,2.287,0.243,0.200,banana,fresh
453876,448,468.00,49.85,41.00,2.287,0.244,0.200,banana,fresh
454887,449,468.00,49.70,40.95,2.287,0.243,0.200,banana,fresh
455898,450,468.00,49.75,41.00,2.287,0.243,0.200,banana,fresh
456909,451,468.00,49.80,41.00,2.287,0.243,0.200,banana,fresh
457920,452,468.00,49.70,41.00,2.287,0.243,0.200,banana,fresh
458931,453,468.00,49.80,41.00,2.287,0.243,0.200,banana,fresh
459941,454,468.00,49.60,40.95,2.287,0.242,0.200,banana,fresh
460952,455,468.00,49.75,41.00,2.287,0.243,0.200,banana,fresh
461964,456,468.00,49.70,41.00,2.287,0.243,0.200,banana,fresh
462974,457,468.00,49.85,41.00,2.287,0.244,0.200,banana,fresh
463985,458,468.00,49.95,41.00,2.287,0.244,0.200,banana,fresh
464996,459,468.00,49.60,41.00,2.287,0.242,0.200,banana,fresh
466008,460,468.00,49.75,41.00,2.287,0.243,0.200,banana,fresh
467018,461,468.00,49.70,41.00,2.287,0.243,0.200,banana,fresh
468029,462,468.00,49.80,41.00,2.287,0.243,0.200,banana,fresh
469040,463,468.00,49.55,41.00,2.287,0.242,0.200,banana,fresh
470050,464,468.00,49.70,41.00,2.287,0.243,0.200,banana,fresh
471062,465,468.00,49.60,41.00,2.287,0.242,0.200,banana,fresh
472073,466,468.00,49.70,41.00,2.287,0.243,0.200,banana,fresh
473083,467,468.00,49.90,41.00,2.287,0.244,0.200,banana,fresh
474094,468,468.00,49.65,41.00,2.287,0.243,0.200,banana,fresh
475106,469,468.00,49.90,41.00,2.287,0.244,0.200,banana,fresh
476116,470,468.00,49.80,41.00,2.287,0.243,0.200,banana,fresh
477127,471,468.00,49.85,41.00,2.287,0.244,0.200,banana,fresh
478138,472,468.00,49.75,41.00,2.287,0.243,0.200,banana,fresh
479149,473,468.00,49.70,41.00,2.287,0.243,0.200,banana,fresh
480160,474,468.00,49.65,41.00,2.287,0.243,0.200,banana,fresh
481171,475,468.00,49.65,41.00,2.287,0.243,0.200,banana,fresh
482182,476,468.00,49.55,41.00,2.287,0.242,0.200,banana,fresh
483192,477,468.00,49.70,41.00,2.287,0.243,0.200,banana,fresh
484204,478,468.00,49.90,41.00,2.287,0.244,0.200,banana,fresh
485215,479,468.00,49.75,41.00,2.287,0.243,0.200,banana,fresh
486225,480,468.00,49.50,41.00,2.287,0.242,0.200,banana,fresh
487236,481,468.00,49.60,41.00,2.287,0.242,0.200,banana,fresh
488247,482,468.00,49.70,41.00,2.287,0.243,0.200,banana,fresh
489259,483,468.05,49.75,41.00,2.288,0.243,0.200,banana,fresh
490269,484,468.00,49.65,41.00,2.287,0.243,0.200,banana,fresh
491280,485,468.00,49.60,41.00,2.287,0.242,0.200,banana,fresh
492291,486,468.00,49.55,41.00,2.287,0.242,0.200,banana,fresh
493302,487,468.00,49.70,41.00,2.287,0.243,0.200,banana,fresh
494313,488,468.00,49.55,41.00,2.287,0.242,0.200,banana,fresh
495324,489,468.00,49.60,41.00,2.287,0.242,0.200,banana,fresh
496334,490,468.05,49.80,41.00,2.288,0.243,0.200,banana,fresh
497345,491,468.00,49.75,41.00,2.287,0.243,0.200,banana,fresh
498357,492,468.00,49.80,41.00,2.287,0.243,0.200,banana,fresh
499367,493,468.00,49.65,41.00,2.287,0.243,0.200,banana,fresh
500378,494,468.05,49.75,41.00,2.288,0.243,0.200,banana,fresh
501389,495,468.10,49.60,41.00,2.288,0.242,0.200,banana,fresh
502401,496,468.00,49.75,40.95,2.287,0.243,0.200,banana,fresh
503411,497,468.00,49.30,41.00,2.287,0.241,0.200,banana,fresh
504422,498,468.00,49.50,41.00,2.287,0.242,0.200,banana,fresh
505433,499,468.00,49.35,41.00,2.287,0.241,0.200,banana,fresh
506443,500,468.05,49.35,41.00,2.288,0.241,0.200,banana,fresh
507455,501,468.00,49.40,41.00,2.287,0.241,0.200,banana,fresh
508466,502,468.10,49.55,40.95,2.288,0.242,0.200,banana,fresh
509476,503,468.00,49.35,41.00,2.287,0.241,0.200,banana,fresh
510487,504,468.05,49.45,40.95,2.288,0.242,0.200,banana,fresh
511499,505,468.05,49.60,41.00,2.288,0.242,0.200,banana,fresh
512509,506,468.00,49.30,41.00,2.287,0.241,0.200,banana,fresh
513520,507,468.00,49.35,41.00,2.287,0.241,0.200,banana,fresh
514531,508,468.10,49.35,41.00,2.288,0.241,0.200,banana,fresh
515542,509,468.05,49.50,41.00,2.288,0.242,0.200,banana,fresh
516553,510,468.00,49.25,41.00,2.287,0.241,0.200,banana,fresh
517564,511,468.05,49.25,41.00,2.288,0.241,0.200,banana,fresh
518575,512,468.15,49.30,41.00,2.288,0.241,0.200,banana,fresh
519585,513,468.05,49.35,41.00,2.288,0.241,0.200,banana,fresh
520597,514,468.20,49.30,41.00,2.288,0.241,0.200,banana,fresh
521608,515,468.10,49.60,40.95,2.288,0.242,0.200,banana,fresh
522618,516,468.10,49.35,40.95,2.288,0.241,0.200,banana,fresh
523629,517,468.05,49.45,41.00,2.288,0.242,0.200,banana,fresh
524640,518,468.00,49.45,41.00,2.287,0.242,0.200,banana,fresh
525651,519,468.10,49.30,41.00,2.288,0.241,0.200,banana,fresh
526662,520,468.00,49.25,41.00,2.287,0.241,0.200,banana,fresh
527673,521,468.05,49.25,41.00,2.288,0.241,0.200,banana,fresh
528684,522,468.25,49.45,40.90,2.289,0.242,0.200,banana,fresh
529695,523,468.10,49.40,41.00,2.288,0.241,0.200,banana,fresh
530706,524,468.10,49.30,40.95,2.288,0.241,0.200,banana,fresh
531717,525,468.35,49.35,40.95,2.289,0.241,0.200,banana,fresh
532727,526,468.20,49.55,41.00,2.288,0.242,0.200,banana,fresh
533738,527,468.35,49.35,41.00,2.289,0.241,0.200,banana,fresh
534750,528,468.35,49.30,41.00,2.289,0.241,0.200,banana,fresh
535760,529,468.60,49.45,41.00,2.290,0.242,0.200,banana,fresh
536771,530,468.40,49.30,41.00,2.289,0.241,0.200,banana,fresh
537782,531,468.60,49.25,41.00,2.290,0.241,0.200,banana,fresh
538793,532,468.65,49.35,41.00,2.291,0.241,0.200,banana,fresh
539804,533,468.80,49.30,41.00,2.291,0.241,0.200,banana,fresh
540815,534,468.55,49.25,41.00,2.290,0.241,0.200,banana,fresh
541826,535,468.90,49.20,40.95,2.292,0.240,0.200,banana,fresh
542837,536,468.95,49.25,40.95,2.292,0.241,0.200,banana,fresh
543848,537,469.00,49.20,40.95,2.292,0.240,0.200,banana,fresh
544859,538,468.80,49.45,41.00,2.291,0.242,0.200,banana,fresh
545869,539,468.80,49.40,40.95,2.291,0.241,0.200,banana,fresh
546880,540,468.80,49.25,41.00,2.291,0.241,0.200,banana,fresh
547892,541,468.90,49.20,41.00,2.292,0.240,0.200,banana,fresh
548902,542,469.00,49.30,41.00,2.292,0.241,0.200,banana,fresh
549913,543,468.95,49.10,40.95,2.292,0.240,0.200,banana,fresh
550924,544,468.95,49.35,41.00,2.292,0.241,0.200,banana,fresh
551936,545,469.00,49.35,41.00,2.292,0.241,0.200,banana,fresh
552946,546,469.00,49.15,40.95,2.292,0.240,0.200,banana,fresh
553957,547,469.00,49.15,41.00,2.292,0.240,0.200,banana,fresh
554968,548,469.00,49.15,41.00,2.292,0.240,0.200,banana,fresh
555978,549,469.00,49.15,40.95,2.292,0.240,0.200,banana,fresh
556990,550,469.00,49.10,40.95,2.292,0.240,0.200,banana,fresh
558001,551,469.00,49.20,41.00,2.292,0.240,0.200,banana,fresh
559011,552,469.00,49.20,40.95,2.292,0.240,0.200,banana,fresh
560022,553,469.00,49.30,41.00,2.292,0.241,0.200,banana,fresh
561034,554,469.00,49.15,41.00,2.292,0.240,0.200,banana,fresh
562044,555,469.00,49.10,41.00,2.292,0.240,0.200,banana,fresh
563055,556,469.00,49.05,41.00,2.292,0.240,0.200,banana,fresh
564066,557,469.00,49.05,40.95,2.292,0.240,0.200,banana,fresh
565076,558,469.00,49.30,40.95,2.292,0.241,0.200,banana,fresh
566088,559,469.00,49.10,40.95,2.292,0.240,0.200,banana,fresh
567099,560,469.00,49.15,40.95,2.292,0.240,0.200,banana,fresh
568110,561,469.00,49.25,41.00,2.292,0.241,0.200,banana,fresh
569120,562,469.00,49.20,40.95,2.292,0.240,0.200,banana,fresh
570132,563,469.00,49.20,41.00,2.292,0.240,0.200,banana,fresh
571143,564,469.00,49.20,41.00,2.292,0.240,0.200,banana,fresh
572153,565,469.00,49.20,40.95,2.292,0.240,0.200,banana,fresh
573164,566,469.00,49.35,41.00,2.292,0.241,0.200,banana,fresh
574175,567,469.00,49.15,40.95,2.292,0.240,0.200,banana,fresh
575186,568,469.00,49.10,41.00,2.292,0.240,0.200,banana,fresh
576197,569,469.00,49.05,41.00,2.292,0.240,0.200,banana,fresh
577208,570,469.00,49.15,40.95,2.292,0.240,0.200,banana,fresh
578219,571,469.00,49.10,40.90,2.292,0.240,0.200,banana,fresh
579230,572,469.00,49.15,40.90,2.292,0.240,0.200,banana,fresh
580241,573,469.00,49.05,41.00,2.292,0.240,0.200,banana,fresh
581252,574,469.00,49.15,41.00,2.292,0.240,0.200,banana,fresh
582262,575,469.00,49.15,41.00,2.292,0.240,0.200,banana,fresh
583273,576,469.00,49.05,41.00,2.292,0.240,0.200,banana,fresh
584285,577,469.00,49.05,41.00,2.292,0.240,0.200,banana,fresh
585295,578,469.00,49.20,40.95,2.292,0.240,0.200,banana,fresh
586306,579,469.05,49.10,40.95,2.293,0.240,0.200,banana,fresh
587317,580,469.00,49.10,41.00,2.292,0.240,0.200,banana,fresh
588328,581,469.00,49.15,40.95,2.292,0.240,0.200,banana,fresh
589339,582,469.00,49.05,41.00,2.292,0.240,0.200,banana,fresh
590350,583,469.00,49.25,41.00,2.292,0.241,0.200,banana,fresh
591361,584,469.00,49.10,41.00,2.292,0.240,0.200,banana,fresh
592371,585,469.00,49.10,40.95,2.292,0.240,0.200,banana,fresh
593383,586,469.00,49.10,40.95,2.292,0.240,0.200,banana,fresh
594394,587,469.00,49.15,40.90,2.292,0.240,0.200,banana,fresh
595404,588,469.00,49.10,40.95,2.292,0.240,0.200,banana,fresh
596415,589,469.00,49.15,40.90,2.292,0.240,0.200,banana,fresh
597427,590,469.00,49.10,41.00,2.292,0.240,0.200,banana,fresh
598437,591,469.00,49.05,40.90,2.292,0.240,0.200,banana,fresh
599448,592,469.00,49.15,41.00,2.292,0.240,0.200,banana,fresh
600459,593,469.00,49.10,40.90,2.292,0.240,0.200,banana,fresh
601469,594,469.00,49.10,40.95,2.292,0.240,0.200,banana,fresh
602481,595,469.00,49.20,40.90,2.292,0.240,0.200,banana,fresh
603492,596,469.00,49.25,40.95,2.292,0.241,0.200,banana,fresh
604503,597,469.00,49.15,40.95,2.292,0.240,0.200,banana,fresh
605513,598,469.05,49.10,41.00,2.293,0.240,0.200,banana,fresh
606525,599,469.00,49.25,41.00,2.292,0.241,0.200,banana,fresh
607536,600,469.00,49.30,41.00,2.292,0.241,0.200,banana,fresh
608546,601,469.05,49.10,41.00,2.293,0.240,0.200,banana,fresh
609557,602,469.00,49.15,41.00,2.292,0.240,0.200,banana,fresh
610568,603,469.05,49.10,40.95,2.293,0.240,0.200,banana,fresh
611579,604,469.10,49.05,40.95,2.293,0.240,0.200,banana,fresh
612590,605,469.00,49.10,41.00,2.292,0.240,0.200,banana,fresh
613601,606,469.05,49.00,40.90,2.293,0.239,0.200,banana,fresh
614611,607,469.10,49.05,40.85,2.293,0.240,0.200,banana,fresh
615623,608,469.20,49.05,40.95,2.293,0.240,0.200,banana,fresh
616634,609,469.05,49.05,41.00,2.293,0.240,0.200,banana,fresh
617645,610,469.00,49.25,40.95,2.292,0.241,0.200,banana,fresh
618655,611,469.25,49.20,41.00,2.293,0.240,0.200,banana,fresh
619667,612,469.10,49.15,41.00,2.293,0.240,0.200,banana,fresh
620678,613,469.35,49.05,41.00,2.294,0.240,0.200,banana,fresh
621688,614,469.30,49.05,40.95,2.294,0.240,0.200,banana,fresh
622699,615,469.20,49.20,41.00,2.293,0.240,0.200,banana,fresh
623710,616,469.50,49.15,40.95,2.295,0.240,0.200,banana,fresh
624721,617,469.55,49.15,40.95,2.295,0.240,0.200,banana,fresh
625732,618,469.50,49.15,40.95,2.295,0.240,0.200,banana,fresh
626743,619,469.60,49.15,40.90,2.295,0.240,0.200,banana,fresh
627753,620,469.75,49.10,40.85,2.296,0.240,0.200,banana,fresh
628765,621,469.75,49.10,40.95,2.296,0.240,0.200,banana,fresh
629776,622,469.80,49.10,40.85,2.296,0.240,0.200,banana,fresh
630787,623,469.80,49.05,40.95,2.296,0.240,0.200,banana,fresh
631797,624,469.65,49.15,40.95,2.295,0.240,0.200,banana,fresh
632809,625,469.85,49.15,41.00,2.296,0.240,0.200,banana,fresh
633820,626,469.90,49.05,40.95,2.297,0.240,0.200,banana,fresh
634830,627,469.70,49.05,40.95,2.296,0.240,0.200,banana,fresh
635841,628,469.95,49.00,41.00,2.297,0.239,0.200,banana,fresh
636852,629,470.00,49.05,41.00,2.297,0.240,0.200,banana,fresh
637863,630,469.85,49.10,40.90,2.296,0.240,0.200,banana,fresh
638874,631,469.95,49.00,41.00,2.297,0.239,0.200,banana,fresh
639885,632,469.95,49.05,41.00,2.297,0.240,0.200,banana,fresh
640896,633,469.75,49.10,40.90,2.296,0.240,0.200,banana,fresh
641906,634,469.95,49.00,41.00,2.297,0.239,0.200,banana,fresh
642918,635,469.80,49.10,40.85,2.296,0.240,0.200,banana,fresh
643929,636,469.85,49.10,40.95,2.296,0.240,0.200,banana,fresh
644939,637,469.90,49.00,40.95,2.297,0.239,0.200,banana,fresh
645950,638,469.90,49.00,40.95,2.297,0.239,0.200,banana,fresh
646962,639,469.75,49.15,40.95,2.296,0.240,0.200,banana,fresh
647972,640,469.95,49.00,40.90,2.297,0.239,0.200,banana,fresh
648983,641,469.90,49.10,40.85,2.297,0.240,0.200,banana,fresh
649994,642,469.95,49.00,40.95,2.297,0.239,0.200,banana,fresh
651005,643,470.00,49.05,40.95,2.297,0.240,0.200,banana,fresh
652016,644,469.75,49.00,41.00,2.296,0.239,0.200,banana,fresh
653027,645,469.75,49.05,40.95,2.296,0.240,0.200,banana,fresh
654038,646,469.75,49.00,40.95,2.296,0.239,0.200,banana,fresh
655048,647,469.80,49.10,41.00,2.296,0.240,0.200,banana,fresh
656060,648,469.70,49.05,40.95,2.296,0.240,0.200,banana,fresh
657071,649,469.85,49.05,41.00,2.296,0.240,0.200,banana,fresh
658081,650,469.85,49.00,40.90,2.296,0.239,0.200,banana,fresh
659092,651,469.95,49.10,40.85,2.297,0.240,0.200,banana,fresh
660104,652,469.90,49.00,40.90,2.297,0.239,0.200,banana,fresh
661114,653,469.95,49.10,40.95,2.297,0.240,0.200,banana,fresh
662125,654,469.95,49.00,40.95,2.297,0.239,0.200,banana,fresh
663136,655,469.90,49.05,40.90,2.297,0.240,0.200,banana,fresh
664147,656,469.95,49.15,40.95,2.297,0.240,0.200,banana,fresh
665158,657,469.90,49.00,40.95,2.297,0.239,0.200,banana,fresh
666169,658,469.95,49.05,40.95,2.297,0.240,0.200,banana,fresh
667180,659,469.95,49.25,40.90,2.297,0.241,0.200,banana,fresh
668190,660,470.00,49.00,40.90,2.297,0.239,0.200,banana,fresh
669202,661,470.00,49.00,41.00,2.297,0.239,0.200,banana,fresh
670213,662,470.00,49.00,40.90,2.297,0.239,0.200,banana,fresh
671223,663,470.00,49.00,40.90,2.297,0.239,0.200,banana,fresh
672234,664,470.00,49.00,40.85,2.297,0.239,0.200,banana,fresh
673246,665,470.00,49.05,41.00,2.297,0.240,0.200,banana,fresh
674256,666,470.00,49.05,40.90,2.297,0.240,0.200,banana,fresh
675267,667,470.00,49.00,40.95,2.297,0.239,0.200,banana,fresh
676278,668,470.00,49.00,40.90,2.297,0.239,0.200,banana,fresh
677288,669,469.95,49.00,40.85,2.297,0.239,0.200,banana,fresh
678300,670,470.00,49.00,40.95,2.297,0.239,0.200,banana,fresh
679311,671,470.00,49.05,40.90,2.297,0.240,0.200,banana,fresh
680322,672,469.95,49.00,40.90,2.297,0.239,0.200,banana,fresh
681332,673,470.00,49.00,40.90,2.297,0.239,0.200,banana,fresh
682344,674,470.00,49.00,40.95,2.297,0.239,0.200,banana,fresh
683355,675,470.00,49.00,40.85,2.297,0.239,0.200,banana,fresh
684365,676,470.00,49.05,40.95,2.297,0.240,0.200,banana,fresh
685376,677,470.00,49.00,40.75,2.297,0.239,0.199,banana,fresh
686387,678,470.00,49.05,40.90,2.297,0.240,0.200,banana,fresh
687398,679,470.00,49.05,40.95,2.297,0.240,0.200,banana,fresh
688409,680,470.00,49.00,40.95,2.297,0.239,0.200,banana,fresh
689420,681,469.95,49.05,40.95,2.297,0.240,0.200,banana,fresh
690430,682,469.95,49.05,40.85,2.297,0.240,0.200,banana,fresh
691442,683,470.00,49.05,40.95,2.297,0.240,0.200,banana,fresh
692453,684,469.95,49.00,40.85,2.297,0.239,0.200,banana,fresh
693464,685,470.00,49.00,40.85,2.297,0.239,0.200,banana,fresh
694474,686,469.90,49.05,40.85,2.297,0.240,0.200,banana,fresh
695485,687,469.95,49.00,40.90,2.297,0.239,0.200,banana,fresh
696497,688,470.00,49.00,41.00,2.297,0.239,0.200,banana,fresh
697507,689,470.00,49.00,40.95,2.297,0.239,0.200,banana,fresh
698518,690,470.00,49.00,41.00,2.297,0.239,0.200,banana,fresh
699529,691,470.00,49.00,40.85,2.297,0.239,0.200,banana,fresh
700540,692,470.00,49.05,40.90,2.297,0.240,0.200,banana,fresh
701551,693,470.00,49.05,40.90,2.297,0.240,0.200,banana,fresh
702562,694,470.00,49.00,40.85,2.297,0.239,0.200,banana,fresh
703572,695,470.00,49.10,40.85,2.297,0.240,0.200,banana,fresh
704583,696,469.95,49.05,40.75,2.297,0.240,0.199,banana,fresh
705595,697,470.00,49.00,40.85,2.297,0.239,0.200,banana,fresh
706606,698,470.00,49.00,40.80,2.297,0.239,0.199,banana,fresh
707616,699,469.95,49.05,40.90,2.297,0.240,0.200,banana,fresh
708627,700,470.00,49.00,40.85,2.297,0.239,0.200,banana,fresh
709639,701,469.95,49.00,40.90,2.297,0.239,0.200,banana,fresh
710649,702,470.00,49.00,40.85,2.297,0.239,0.200,banana,fresh
711660,703,470.00,49.00,40.85,2.297,0.239,0.200,banana,fresh
712671,704,470.00,49.05,40.95,2.297,0.240,0.200,banana,fresh
713681,705,469.95,49.05,40.80,2.297,0.240,0.199,banana,fresh
714693,706,470.00,49.05,41.00,2.297,0.240,0.200,banana,fresh
715704,707,470.00,49.05,40.95,2.297,0.240,0.200,banana,fresh
716715,708,470.00,49.00,40.90,2.297,0.239,0.200,banana,fresh
717725,709,470.00,49.00,40.75,2.297,0.239,0.199,banana,fresh
718737,710,470.00,49.05,40.80,2.297,0.240,0.199,banana,fresh
719748,711,470.00,49.05,40.75,2.297,0.240,0.199,banana,fresh
720758,712,470.00,49.00,40.75,2.297,0.239,0.199,banana,fresh
721769,713,470.00,49.10,41.00,2.297,0.240,0.200,banana,fresh
722780,714,469.95,49.00,40.90,2.297,0.239,0.200,banana,fresh
723791,715,470.00,49.00,40.95,2.297,0.239,0.200,banana,fresh
724802,716,470.00,49.00,40.90,2.297,0.239,0.200,banana,fresh
725813,717,470.00,49.05,40.95,2.297,0.240,0.200,banana,fresh
726823,718,470.00,49.00,40.80,2.297,0.239,0.199,banana,fresh
727835,719,470.00,49.00,40.90,2.297,0.239,0.200,banana,fresh
728846,720,470.00,49.05,40.75,2.297,0.240,0.199,banana,fresh
729857,721,470.00,49.00,40.85,2.297,0.239,0.200,banana,fresh
730867,722,469.95,49.00,40.80,2.297,0.239,0.199,banana,fresh
731878,723,470.00,49.05,40.90,2.297,0.240,0.200,banana,fresh
732890,724,470.00,49.00,40.90,2.297,0.239,0.200,banana,fresh
733900,725,470.00,49.05,41.00,2.297,0.240,0.200,banana,fresh
734911,726,470.00,49.00,40.95,2.297,0.239,0.200,banana,fresh
735922,727,470.00,49.00,40.95,2.297,0.239,0.200,banana,fresh
736933,728,470.00,49.00,40.95,2.297,0.239,0.200,banana,fresh
737944,729,470.00,49.00,40.90,2.297,0.239,0.200,banana,fresh
738955,730,470.00,49.10,40.70,2.297,0.240,0.199,banana,fresh
739965,731,470.00,49.00,40.80,2.297,0.239,0.199,banana,fresh
740976,732,470.00,49.10,40.80,2.297,0.240,0.199,banana,fresh
741988,733,470.00,49.05,40.90,2.297,0.240,0.200,banana,fresh
742999,734,470.00,49.05,40.90,2.297,0.240,0.200,banana,fresh
744009,735,470.00,49.05,40.85,2.297,0.240,0.200,banana,fresh
745020,736,470.00,49.05,40.85,2.297,0.240,0.200,banana,fresh
746032,737,470.00,49.00,40.80,2.297,0.239,0.199,banana,fresh
747042,738,470.00,49.00,40.80,2.297,0.239,0.199,banana,fresh
748053,739,470.00,49.00,40.95,2.297,0.239,0.200,banana,fresh
749064,740,470.00,49.00,40.90,2.297,0.239,0.200,banana,fresh
750074,741,470.00,49.05,40.90,2.297,0.240,0.200,banana,fresh
751086,742,470.00,49.05,40.95,2.297,0.240,0.200,banana,fresh
752097,743,470.00,49.00,40.80,2.297,0.239,0.199,banana,fresh
753107,744,470.00,49.00,40.95,2.297,0.239,0.200,banana,fresh
754118,745,470.00,49.05,40.75,2.297,0.240,0.199,banana,fresh
755130,746,470.00,49.05,40.85,2.297,0.240,0.200,banana,fresh
756141,747,470.00,49.05,40.90,2.297,0.240,0.200,banana,fresh
757151,748,470.00,49.05,40.80,2.297,0.240,0.199,banana,fresh
758162,749,470.00,49.10,40.60,2.297,0.240,0.198,banana,fresh
759173,750,470.00,49.00,40.85,2.297,0.239,0.200,banana,fresh
760184,751,470.00,49.00,40.70,2.297,0.239,0.199,banana,fresh
761195,752,470.00,49.00,40.85,2.297,0.239,0.200,banana,fresh
762206,753,470.00,49.00,40.90,2.297,0.239,0.200,banana,fresh
763216,754,470.00,49.00,40.80,2.297,0.239,0.199,banana,fresh
764228,755,470.00,49.00,40.85,2.297,0.239,0.200,banana,fresh
765239,756,470.00,49.00,40.85,2.297,0.239,0.200,banana,fresh
766249,757,470.00,49.05,40.70,2.297,0.240,0.199,banana,fresh
767260,758,470.00,49.00,40.95,2.297,0.239,0.200,banana,fresh
768271,759,470.00,49.05,41.00,2.297,0.240,0.200,banana,fresh
769283,760,470.00,49.00,40.80,2.297,0.239,0.199,banana,fresh
770293,761,470.00,49.05,40.85,2.297,0.240,0.200,banana,fresh
771304,762,470.00,49.05,40.85,2.297,0.240,0.200,banana,fresh
772315,763,470.00,49.00,40.95,2.297,0.239,0.200,banana,fresh
773326,764,470.00,49.00,40.85,2.297,0.239,0.200,banana,fresh
774337,765,470.00,49.05,40.80,2.297,0.240,0.199,banana,fresh
775348,766,470.00,49.00,41.00,2.297,0.239,0.200,banana,fresh
776358,767,470.00,49.05,40.90,2.297,0.240,0.200,banana,fresh
777369,768,470.00,49.00,40.85,2.297,0.239,0.200,banana,fresh
778381,769,470.00,49.00,40.75,2.297,0.239,0.199,banana,fresh
779392,770,470.00,49.00,40.85,2.297,0.239,0.200,banana,fresh
780402,771,469.95,49.00,40.70,2.297,0.239,0.199,banana,fresh
781413,772,469.95,49.00,40.90,2.297,0.239,0.200,banana,fresh
782425,773,470.00,49.00,40.85,2.297,0.239,0.200,banana,fresh
783435,774,469.95,49.00,40.70,2.297,0.239,0.199,banana,fresh
784446,775,469.90,49.00,40.90,2.297,0.239,0.200,banana,fresh
785457,776,469.85,49.00,40.75,2.296,0.239,0.199,banana,fresh
786467,777,469.90,49.00,40.75,2.297,0.239,0.199,banana,fresh
787479,778,469.90,49.00,40.85,2.297,0.239,0.200,banana,fresh
788490,779,469.85,49.00,40.50,2.296,0.239,0.198,banana,fresh
789500,780,469.90,49.05,40.75,2.297,0.240,0.199,banana,fresh
790511,781,469.95,49.00,40.65,2.297,0.239,0.199,banana,fresh
791523,782,469.95,49.00,40.70,2.297,0.239,0.199,banana,fresh
792534,783,470.00,49.00,40.70,2.297,0.239,0.199,banana,fresh
793544,784,470.00,49.00,40.65,2.297,0.239,0.199,banana,fresh
794555,785,469.90,49.00,40.65,2.297,0.239,0.199,banana,fresh
795567,786,470.00,49.10,40.80,2.297,0.240,0.199,banana,fresh
796577,787,470.00,49.00,40.90,2.297,0.239,0.200,banana,fresh
797588,788,469.95,49.00,40.75,2.297,0.239,0.199,banana,fresh
798599,789,469.80,49.05,40.80,2.296,0.240,0.199,banana,fresh
799609,790,470.00,49.00,40.80,2.297,0.239,0.199,banana,fresh
800621,791,469.90,49.00,40.75,2.297,0.239,0.199,banana,fresh
801632,792,470.00,49.00,40.95,2.297,0.239,0.200,banana,fresh
802642,793,469.95,49.10,40.70,2.297,0.240,0.199,banana,fresh
803653,794,470.00,49.05,40.80,2.297,0.240,0.199,banana,fresh
804665,795,470.00,49.00,40.85,2.297,0.239,0.200,banana,fresh
805676,796,470.00,49.00,40.80,2.297,0.239,0.199,banana,fresh
806686,797,470.00,49.00,40.80,2.297,0.239,0.199,banana,fresh
807697,798,470.00,49.00,40.75,2.297,0.239,0.199,banana,fresh
808708,799,469.95,49.00,40.65,2.297,0.239,0.199,banana,fresh
809719,800,470.00,49.00,40.75,2.297,0.239,0.199,banana,fresh
810730,801,469.90,49.00,40.55,2.297,0.239,0.198,banana,fresh
811741,802,470.00,49.05,40.85,2.297,0.240,0.200,banana,fresh
812751,803,470.00,49.00,40.65,2.297,0.239,0.199,banana,fresh
813763,804,470.00,49.05,40.85,2.297,0.240,0.200,banana,fresh
814774,805,470.00,49.00,40.70,2.297,0.239,0.199,banana,fresh
815784,806,469.95,49.00,40.70,2.297,0.239,0.199,banana,fresh
816795,807,469.90,49.00,40.75,2.297,0.239,0.199,banana,fresh
817807,808,469.85,49.00,40.70,2.296,0.239,0.199,banana,fresh
818818,809,469.75,49.00,40.60,2.296,0.239,0.198,banana,fresh
819828,810,469.90,49.00,40.55,2.297,0.239,0.198,banana,fresh
820839,811,469.75,49.05,40.75,2.296,0.240,0.199,banana,fresh
821851,812,469.90,49.00,40.75,2.297,0.239,0.199,banana,fresh
822861,813,469.75,49.00,40.75,2.296,0.239,0.199,banana,fresh
823872,814,469.75,49.00,40.75,2.296,0.239,0.199,banana,fresh
824883,815,469.70,49.05,40.80,2.296,0.240,0.199,banana,fresh
825893,816,469.85,49.00,40.70,2.296,0.239,0.199,banana,fresh
826905,817,469.85,49.00,40.75,2.296,0.239,0.199,banana,fresh
827916,818,469.65,49.00,40.60,2.295,0.239,0.198,banana,fresh
828926,819,469.50,49.00,40.65,2.295,0.239,0.199,banana,fresh
829937,820,469.45,49.00,40.65,2.294,0.239,0.199,banana,fresh
830949,821,469.65,49.00,40.70,2.295,0.239,0.199,banana,fresh
831960,822,469.65,49.00,40.85,2.295,0.239,0.200,banana,fresh
832970,823,469.50,49.00,40.65,2.295,0.239,0.199,banana,fresh
833981,824,469.40,49.00,40.70,2.294,0.239,0.199,banana,fresh
834993,825,469.45,49.00,40.75,2.294,0.239,0.199,banana,fresh
836003,826,469.40,49.05,40.75,2.294,0.240,0.199,banana,fresh
837014,827,469.40,49.00,40.75,2.294,0.239,0.199,banana,fresh
838025,828,469.65,49.00,40.65,2.295,0.239,0.199,banana,fresh
839036,829,469.50,49.00,40.60,2.295,0.239,0.198,banana,fresh
840047,830,469.60,49.00,40.65,2.295,0.239,0.199,banana,fresh
841058,831,469.70,49.00,40.65,2.296,0.239,0.199,banana,fresh
842068,832,469.80,49.00,40.65,2.296,0.239,0.199,banana,fresh
843079,833,469.75,49.00,40.35,2.296,0.239,0.197,banana,fresh
844091,834,469.70,49.05,40.80,2.296,0.240,0.199,banana,fresh
845102,835,469.80,49.00,40.70,2.296,0.239,0.199,banana,fresh
846112,836,469.80,49.00,40.65,2.296,0.239,0.199,banana,fresh
847123,837,469.55,49.00,40.55,2.295,0.239,0.198,banana,fresh
848135,838,469.55,49.00,40.60,2.295,0.239,0.198,banana,fresh
849145,839,469.70,49.00,40.70,2.296,0.239,0.199,banana,fresh
850156,840,469.55,49.00,40.50,2.295,0.239,0.198,banana,fresh
851167,841,469.60,49.00,40.75,2.295,0.239,0.199,banana,fresh
852178,842,469.70,49.05,40.50,2.296,0.240,0.198,banana,fresh
853189,843,469.70,49.00,40.70,2.296,0.239,0.199,banana,fresh
854200,844,469.75,49.00,40.65,2.296,0.239,0.199,banana,fresh
855211,845,469.55,49.00,40.55,2.295,0.239,0.198,banana,fresh
856222,846,469.50,49.00,40.60,2.295,0.239,0.198,banana,fresh
857233,847,469.70,49.00,40.75,2.296,0.239,0.199,banana,fresh
858244,848,469.75,49.05,40.75,2.296,0.240,0.199,banana,fresh
859254,849,469.50,49.00,40.50,2.295,0.239,0.198,banana,fresh
860265,850,469.55,49.05,40.65,2.295,0.240,0.199,banana,fresh
861277,851,469.30,49.00,40.70,2.294,0.239,0.199,banana,fresh
862287,852,469.25,49.00,40.40,2.293,0.239,0.197,banana,fresh
863298,853,469.30,49.00,40.85,2.294,0.239,0.200,banana,fresh
864309,854,469.15,49.00,40.50,2.293,0.239,0.198,banana,fresh
865320,855,469.05,49.00,40.65,2.293,0.239,0.199,banana,fresh
866331,856,469.15,49.00,40.45,2.293,0.239,0.198,banana,fresh
867342,857,469.15,49.00,40.55,2.293,0.239,0.198,banana,fresh
868353,858,469.05,49.00,40.60,2.293,0.239,0.198,banana,fresh
869364,859,469.25,49.00,40.55,2.293,0.239,0.198,banana,fresh
870375,860,469.10,49.00,40.55,2.293,0.239,0.198,banana,fresh
871386,861,469.10,49.00,40.75,2.293,0.239,0.199,banana,fresh
872396,862,469.10,49.00,40.55,2.293,0.239,0.198,banana,fresh
873408,863,469.10,49.00,40.45,2.293,0.239,0.198,banana,fresh
874419,864,469.05,49.00,40.65,2.293,0.239,0.199,banana,fresh
875429,865,469.10,49.00,40.70,2.293,0.239,0.199,banana,fresh
876440,866,469.05,49.00,40.50,2.293,0.239,0.198,banana,fresh
877452,867,469.15,49.00,40.40,2.293,0.239,0.197,banana,fresh
878462,868,469.10,49.00,40.65,2.293,0.239,0.199,banana,fresh
879473,869,469.10,49.00,40.65,2.293,0.239,0.199,banana,fresh
880484,870,469.00,49.00,40.60,2.292,0.239,0.198,banana,fresh
881496,871,469.00,49.00,40.75,2.292,0.239,0.199,banana,fresh
882506,872,469.05,49.00,40.50,2.293,0.239,0.198,banana,fresh
883517,873,469.00,49.00,40.45,2.292,0.239,0.198,banana,fresh
884528,874,469.10,49.00,40.55,2.293,0.239,0.198,banana,fresh
885539,875,469.15,49.05,40.65,2.293,0.240,0.199,banana,fresh
886550,876,469.05,49.00,40.55,2.293,0.239,0.198,banana,fresh
887561,877,469.05,49.00,40.60,2.293,0.239,0.198,banana,fresh
888571,878,469.10,49.00,40.55,2.293,0.239,0.198,banana,fresh
889583,879,469.10,49.00,40.40,2.293,0.239,0.197,banana,fresh
890594,880,469.10,49.00,40.30,2.293,0.239,0.197,banana,fresh
891604,881,469.25,49.00,40.65,2.293,0.239,0.199,banana,fresh
892615,882,469.15,49.00,40.65,2.293,0.239,0.199,banana,fresh
893626,883,469.25,49.00,40.50,2.293,0.239,0.198,banana,fresh
894638,884,469.20,49.00,40.55,2.293,0.239,0.198,banana,fresh
895648,885,469.15,49.00,40.70,2.293,0.239,0.199,banana,fresh
896659,886,469.30,49.00,40.75,2.294,0.239,0.199,banana,fresh
897670,887,469.15,49.05,40.80,2.293,0.240,0.199,banana,fresh
898681,888,469.25,49.00,40.50,2.293,0.239,0.198,banana,fresh
899692,889,469.20,49.00,40.65,2.293,0.239,0.199,banana,fresh
900703,890,469.50,49.00,40.35,2.295,0.239,0.197,banana,fresh
901713,891,469.45,49.00,40.70,2.294,0.239,0.199,banana,fresh
902725,892,469.40,49.00,40.60,2.294,0.239,0.198,banana,fresh
903736,893,469.35,49.00,40.65,2.294,0.239,0.199,banana,fresh
904747,894,469.45,49.00,40.55,2.294,0.239,0.198,banana,fresh
905757,895,469.40,49.00,40.60,2.294,0.239,0.198,banana,fresh
906769,896,469.60,49.00,40.65,2.295,0.239,0.199,banana,fresh
907780,897,469.25,49.00,40.40,2.293,0.239,0.197,banana,fresh
908790,898,469.45,49.00,40.85,2.294,0.239,0.200,banana,fresh
909801,899,469.35,49.00,40.65,2.294,0.239,0.199,banana,fresh
910812,900,469.15,49.00,40.60,2.293,0.239,0.198,banana,fresh
911823,901,469.00,49.00,40.70,2.292,0.239,0.199,banana,fresh
912834,902,469.05,49.00,40.65,2.293,0.239,0.199,banana,fresh
913845,903,469.00,49.00,40.75,2.292,0.239,0.199,banana,fresh
914855,904,469.05,49.05,40.40,2.293,0.240,0.197,banana,fresh
915867,905,469.10,49.00,40.60,2.293,0.239,0.198,banana,fresh
916878,906,469.10,49.00,40.65,2.293,0.239,0.199,banana,fresh
917889,907,469.05,49.00,40.60,2.293,0.239,0.198,banana,fresh
918899,908,469.05,49.00,40.60,2.293,0.239,0.198,banana,fresh
919911,909,469.00,49.00,40.60,2.292,0.239,0.198,banana,fresh
920922,910,469.00,49.00,40.45,2.292,0.239,0.198,banana,fresh
921932,911,469.05,49.00,40.35,2.293,0.239,0.197,banana,fresh
922943,912,469.05,49.05,40.60,2.293,0.240,0.198,banana,fresh
923954,913,469.00,49.00,40.60,2.292,0.239,0.198,banana,fresh
924965,914,469.00,49.00,40.40,2.292,0.239,0.197,banana,fresh
925976,915,469.00,49.00,40.35,2.292,0.239,0.197,banana,fresh
926987,916,469.00,49.00,40.75,2.292,0.239,0.199,banana,fresh
927997,917,469.00,49.00,40.45,2.292,0.239,0.198,banana,fresh
929009,918,469.00,49.00,40.55,2.292,0.239,0.198,banana,fresh
930020,919,469.00,49.00,40.45,2.292,0.239,0.198,banana,fresh
931031,920,469.00,49.00,40.50,2.292,0.239,0.198,banana,fresh
932041,921,469.00,49.00,40.55,2.292,0.239,0.198,banana,fresh
933053,922,469.00,49.00,40.55,2.292,0.239,0.198,banana,fresh
934064,923,469.00,49.00,40.50,2.292,0.239,0.198,banana,fresh
935074,924,469.00,49.00,40.50,2.292,0.239,0.198,banana,fresh
936085,925,469.05,49.05,40.50,2.293,0.240,0.198,banana,fresh
937096,926,469.00,49.00,40.60,2.292,0.239,0.198,banana,fresh
938107,927,469.00,49.00,40.60,2.292,0.239,0.198,banana,fresh
939118,928,469.00,49.00,40.60,2.292,0.239,0.198,banana,fresh
940129,929,469.10,49.00,40.55,2.293,0.239,0.198,banana,fresh
941139,930,469.05,49.00,40.60,2.293,0.239,0.198,banana,fresh
942151,931,469.05,49.00,40.40,2.293,0.239,0.197,banana,fresh
943162,932,469.05,49.00,40.70,2.293,0.239,0.199,banana,fresh
944173,933,469.10,49.00,40.40,2.293,0.239,0.197,banana,fresh
945183,934,469.05,49.00,40.50,2.293,0.239,0.198,banana,fresh
946194,935,469.05,49.05,40.65,2.293,0.240,0.199,banana,fresh
947206,936,469.05,49.00,40.60,2.293,0.239,0.198,banana,fresh
948216,937,469.10,49.00,40.75,2.293,0.239,0.199,banana,fresh
949227,938,469.10,49.00,40.55,2.293,0.239,0.198,banana,fresh
950238,939,469.20,49.05,40.40,2.293,0.240,0.197,banana,fresh
951249,940,469.10,49.00,40.45,2.293,0.239,0.198,banana,fresh
952260,941,469.10,49.00,40.45,2.293,0.239,0.198,banana,fresh
953271,942,469.10,49.00,40.60,2.293,0.239,0.198,banana,fresh
954281,943,469.10,49.00,40.55,2.293,0.239,0.198,banana,fresh
955293,944,469.10,49.00,40.60,2.293,0.239,0.198,banana,fresh
956304,945,469.10,49.00,40.65,2.293,0.239,0.199,banana,fresh
957315,946,469.05,49.00,40.70,2.293,0.239,0.199,banana,fresh
958325,947,469.10,49.00,40.40,2.293,0.239,0.197,banana,fresh
959337,948,469.10,49.00,40.70,2.293,0.239,0.199,banana,fresh
960348,949,469.10,49.00,40.75,2.293,0.239,0.199,banana,fresh
961358,950,469.05,49.00,40.75,2.293,0.239,0.199,banana,fresh
962369,951,469.10,49.05,40.60,2.293,0.240,0.198,banana,fresh
963381,952,469.10,49.00,40.80,2.293,0.239,0.199,banana,fresh
964391,953,469.15,49.00,40.65,2.293,0.239,0.199,banana,fresh
965402,954,469.05,49.00,40.65,2.293,0.239,0.199,banana,fresh
966413,955,469.05,49.00,40.65,2.293,0.239,0.199,banana,fresh
967425,956,469.05,49.00,40.65,2.293,0.239,0.199,banana,fresh
968435,957,469.00,49.00,40.85,2.292,0.239,0.200,banana,fresh
969446,958,469.00,49.00,40.65,2.292,0.239,0.199,banana,fresh
970457,959,469.00,49.00,40.65,2.292,0.239,0.199,banana,fresh
971467,960,469.00,49.00,40.75,2.292,0.239,0.199,banana,fresh
972479,961,469.00,49.00,40.65,2.292,0.239,0.199,banana,fresh
973490,962,469.10,49.00,40.55,2.293,0.239,0.198,banana,fresh
974500,963,469.00,49.00,40.60,2.292,0.239,0.198,banana,fresh
975511,964,469.05,49.00,40.75,2.293,0.239,0.199,banana,fresh
976523,965,469.10,49.05,40.60,2.293,0.240,0.198,banana,fresh
977533,966,469.00,49.00,40.70,2.292,0.239,0.199,banana,fresh
978544,967,469.10,49.05,40.45,2.293,0.240,0.198,banana,fresh
979555,968,469.05,49.05,40.65,2.293,0.240,0.199,banana,fresh
980567,969,469.10,49.00,40.70,2.293,0.239,0.199,banana,fresh
981577,970,469.15,49.00,40.65,2.293,0.239,0.199,banana,fresh
982588,971,469.10,49.00,40.60,2.293,0.239,0.198,banana,fresh
983599,972,469.10,49.00,40.75,2.293,0.239,0.199,banana,fresh
984609,973,469.05,49.00,40.55,2.293,0.239,0.198,banana,fresh
985621,974,469.05,49.00,40.55,2.293,0.239,0.198,banana,fresh
986632,975,469.00,49.00,40.60,2.292,0.239,0.198,banana,fresh
987642,976,469.15,49.00,40.70,2.293,0.239,0.199,banana,fresh
988653,977,469.25,49.00,40.70,2.293,0.239,0.199,banana,fresh
989665,978,469.15,49.00,40.50,2.293,0.239,0.198,banana,fresh
990675,979,469.05,49.00,40.65,2.293,0.239,0.199,banana,fresh
991686,980,469.10,49.00,40.60,2.293,0.239,0.198,banana,fresh
992697,981,469.00,49.00,40.70,2.292,0.239,0.199,banana,fresh
993709,982,469.10,49.00,40.60,2.293,0.239,0.198,banana,fresh
994719,983,469.05,49.00,40.60,2.293,0.239,0.198,banana,fresh
995730,984,469.05,49.00,40.70,2.293,0.239,0.199,banana,fresh
996741,985,469.00,49.00,40.70,2.292,0.239,0.199,banana,fresh
997751,986,469.00,49.00,40.55,2.292,0.239,0.198,banana,fresh
998763,987,469.05,49.00,40.65,2.293,0.239,0.199,banana,fresh
999774,988,469.05,49.00,40.75,2.293,0.239,0.199,banana,fresh
1000784,989,469.00,49.00,40.60,2.292,0.239,0.198,banana,fresh
1001795,990,469.10,49.00,40.50,2.293,0.239,0.198,banana,fresh
1002807,991,469.10,49.00,40.65,2.293,0.239,0.199,banana,fresh
1003817,992,469.15,49.05,40.70,2.293,0.240,0.199,banana,fresh
1004828,993,469.10,49.00,40.70,2.293,0.239,0.199,banana,fresh
1005840,994,469.10,49.00,40.60,2.293,0.239,0.198,banana,fresh
1006851,995,469.10,49.00,40.65,2.293,0.239,0.199,banana,fresh
1007861,996,469.10,49.00,40.45,2.293,0.239,0.198,banana,fresh
1008872,997,469.15,49.00,40.65,2.293,0.239,0.199,banana,fresh
1009884,998,469.15,49.00,40.60,2.293,0.239,0.198,banana,fresh
1010894,999,469.10,49.00,40.55,2.293,0.239,0.198,banana,fresh
1011905,1000,469.10,49.00,40.65,2.293,0.239,0.199,banana,fresh
1012917,1001,469.05,49.00,40.65,2.293,0.239,0.199,banana,fresh
1013927,1002,469.10,49.00,40.55,2.293,0.239,0.198,banana,fresh
1014938,1003,469.00,49.00,40.60,2.292,0.239,0.198,banana,fresh
1015950,1004,469.05,49.00,40.65,2.293,0.239,0.199,banana,fresh
1016961,1005,469.15,49.00,40.70,2.293,0.239,0.199,banana,fresh
1017971,1006,469.05,49.00,40.70,2.293,0.239,0.199,banana,fresh
1018983,1007,469.15,49.00,40.65,2.293,0.239,0.199,banana,fresh
1019994,1008,469.15,49.00,40.55,2.293,0.239,0.198,banana,fresh
1021004,1009,469.10,49.00,40.65,2.293,0.239,0.199,banana,fresh
1022016,1010,469.20,49.00,40.65,2.293,0.239,0.199,banana,fresh
1023027,1011,469.10,49.00,40.60,2.293,0.239,0.198,banana,fresh
1024037,1012,469.00,49.00,40.70,2.292,0.239,0.199,banana,fresh
1025049,1013,469.05,49.00,40.60,2.293,0.239,0.198,banana,fresh
1026060,1014,469.05,49.00,40.65,2.293,0.239,0.199,banana,fresh
1027070,1015,469.00,49.00,40.50,2.292,0.239,0.198,banana,fresh
1028082,1016,469.00,49.00,40.55,2.292,0.239,0.198,banana,fresh
1029093,1017,469.00,49.00,40.65,2.292,0.239,0.199,banana,fresh
1030104,1018,469.00,49.00,40.60,2.292,0.239,0.198,banana,fresh
1031115,1019,469.05,49.00,40.55,2.293,0.239,0.198,banana,fresh
1032126,1020,469.10,49.00,40.55,2.293,0.239,0.198,banana,fresh
1033137,1021,469.10,49.00,40.70,2.293,0.239,0.199,banana,fresh
1034148,1022,469.10,49.00,40.60,2.293,0.239,0.198,banana,fresh
1035159,1023,469.20,49.00,40.80,2.293,0.239,0.199,banana,fresh
1036170,1024,469.25,49.00,40.75,2.293,0.239,0.199,banana,fresh
1037181,1025,469.20,49.00,40.75,2.293,0.239,0.199,banana,fresh
1038192,1026,469.15,49.00,40.45,2.293,0.239,0.198,banana,fresh
1039203,1027,469.20,49.00,40.55,2.293,0.239,0.198,banana,fresh
1040215,1028,469.10,49.00,40.65,2.293,0.239,0.199,banana,fresh
1041225,1029,469.10,49.00,40.65,2.293,0.239,0.199,banana,fresh
1042236,1030,469.10,49.00,40.65,2.293,0.239,0.199,banana,fresh
1043248,1031,469.10,49.00,40.75,2.293,0.239,0.199,banana,fresh
1044258,1032,469.10,49.00,40.80,2.293,0.239,0.199,banana,fresh
1045269,1033,469.20,49.00,40.75,2.293,0.239,0.199,banana,fresh
1046281,1034,469.25,49.00,40.55,2.293,0.239,0.198,banana,fresh
1047291,1035,469.15,49.00,40.65,2.293,0.239,0.199,banana,fresh
1048302,1036,469.05,49.00,40.50,2.293,0.239,0.198,banana,fresh
1049314,1037,469.10,49.00,40.60,2.293,0.239,0.198,banana,fresh
1050324,1038,469.15,49.00,40.60,2.293,0.239,0.198,banana,fresh
1051335,1039,469.05,49.00,40.75,2.293,0.239,0.199,banana,fresh
1052347,1040,469.30,49.00,40.60,2.294,0.239,0.198,banana,fresh
1053358,1041,469.15,49.00,40.85,2.293,0.239,0.200,banana,fresh
1054368,1042,469.10,49.00,40.65,2.293,0.239,0.199,banana,fresh
1055380,1043,469.10,49.00,40.60,2.293,0.239,0.198,banana,fresh
1056391,1044,469.15,49.00,40.50,2.293,0.239,0.198,banana,fresh
1057401,1045,469.15,49.00,40.70,2.293,0.239,0.199,banana,fresh
1058413,1046,469.15,49.00,40.60,2.293,0.239,0.198,banana,fresh
1059424,1047,469.25,49.00,40.75,2.293,0.239,0.199,banana,fresh
1060434,1048,469.15,49.00,40.60,2.293,0.239,0.198,banana,fresh
1061446,1049,469.15,49.00,40.60,2.293,0.239,0.198,banana,fresh
1062457,1050,469.15,49.00,40.65,2.293,0.239,0.199,banana,fresh
1063468,1051,469.20,49.00,40.40,2.293,0.239,0.197,banana,fresh
1064479,1052,469.25,49.00,40.45,2.293,0.239,0.198,banana,fresh
1065490,1053,469.25,49.00,40.65,2.293,0.239,0.199,banana,fresh
1066501,1054,469.30,49.00,40.75,2.294,0.239,0.199,banana,fresh
1067512,1055,469.05,49.00,40.60,2.293,0.239,0.198,banana,fresh
1068523,1056,469.45,49.00,40.40,2.294,0.239,0.197,banana,fresh
1069534,1057,469.15,49.00,40.55,2.293,0.239,0.198,banana,fresh
1070545,1058,469.15,49.00,40.45,2.293,0.239,0.198,banana,fresh
1071556,1059,469.20,49.00,40.45,2.293,0.239,0.198,banana,fresh
1072568,1060,469.15,49.00,40.55,2.293,0.239,0.198,banana,fresh
1073579,1061,469.10,49.00,40.40,2.293,0.239,0.197,banana,fresh
1074589,1062,469.20,49.00,40.70,2.293,0.239,0.199,banana,fresh
1075601,1063,469.00,49.00,40.50,2.292,0.239,0.198,banana,fresh
1076612,1064,469.10,49.00,40.55,2.293,0.239,0.198,banana,fresh
1077622,1065,469.30,49.00,40.45,2.294,0.239,0.198,banana,fresh
1078634,1066,469.10,49.00,40.40,2.293,0.239,0.197,banana,fresh
1079645,1067,469.00,49.00,40.70,2.292,0.239,0.199,banana,fresh
1080655,1068,469.05,49.00,40.50,2.293,0.239,0.198,banana,fresh
1081667,1069,469.00,49.00,40.45,2.292,0.239,0.198,banana,fresh
1082678,1070,469.00,49.00,40.75,2.292,0.239,0.199,banana,fresh
1083688,1071,469.00,49.00,40.45,2.292,0.239,0.198,banana,fresh
1084700,1072,469.10,49.00,40.40,2.293,0.239,0.197,banana,fresh
1085711,1073,469.25,49.00,40.50,2.293,0.239,0.198,banana,fresh
1086722,1074,469.25,49.00,40.50,2.293,0.239,0.198,banana,fresh
1087733,1075,469.15,49.00,40.55,2.293,0.239,0.198,banana,fresh
1088744,1076,469.20,49.00,40.65,2.293,0.239,0.199,banana,fresh
1089755,1077,469.25,49.00,40.55,2.293,0.239,0.198,banana,fresh
1090766,1078,469.25,49.00,40.50,2.293,0.239,0.198,banana,fresh
1091777,1079,469.25,49.00,40.65,2.293,0.239,0.199,banana,fresh
1092788,1080,469.25,49.00,40.55,2.293,0.239,0.198,banana,fresh
1093799,1081,469.20,49.00,40.60,2.293,0.239,0.198,banana,fresh
1094810,1082,469.20,49.00,40.55,2.293,0.239,0.198,banana,fresh
1095821,1083,469.25,49.00,40.50,2.293,0.239,0.198,banana,fresh
1096833,1084,469.25,49.00,40.55,2.293,0.239,0.198,banana,fresh
1097843,1085,469.15,49.00,40.50,2.293,0.239,0.198,banana,fresh
1098854,1086,469.35,49.00,40.45,2.294,0.239,0.198,banana,fresh
1099866,1087,469.40,49.00,40.50,2.294,0.239,0.198,banana,fresh
1100876,1088,469.65,49.00,40.40,2.295,0.239,0.197,banana,fresh
1101887,1089,469.45,49.00,40.50,2.294,0.239,0.198,banana,fresh
1102899,1090,469.60,49.00,40.60,2.295,0.239,0.198,banana,fresh
1103909,1091,469.65,49.00,40.40,2.295,0.239,0.197,banana,fresh
1104920,1092,469.45,49.00,40.45,2.294,0.239,0.198,banana,fresh
1105932,1093,469.50,49.00,40.40,2.295,0.239,0.197,banana,fresh
1106942,1094,469.60,49.00,40.50,2.295,0.239,0.198,banana,fresh
1107953,1095,469.45,49.00,40.45,2.294,0.239,0.198,banana,fresh
1108965,1096,469.35,49.00,40.50,2.294,0.239,0.198,banana,fresh
1109976,1097,469.25,49.00,40.50,2.293,0.239,0.198,banana,fresh
1110986,1098,469.20,49.00,40.60,2.293,0.239,0.198,banana,fresh
1111998,1099,469.15,49.00,40.45,2.293,0.239,0.198,banana,fresh
1113009,1100,469.25,49.00,40.50,2.293,0.239,0.198,banana,fresh
1114019,1101,469.20,49.00,40.55,2.293,0.239,0.198,banana,fresh
1115031,1102,469.45,49.00,40.30,2.294,0.239,0.197,banana,fresh
1116042,1103,469.55,49.00,40.50,2.295,0.239,0.198,banana,fresh
1117052,1104,469.60,49.00,40.45,2.295,0.239,0.198,banana,fresh
1118064,1105,469.40,49.00,40.35,2.294,0.239,0.197,banana,fresh
1119075,1106,469.40,49.00,40.50,2.294,0.239,0.198,banana,fresh
1120086,1107,469.45,49.00,40.55,2.294,0.239,0.198,banana,fresh
1121097,1108,469.30,49.05,40.30,2.294,0.240,0.197,banana,fresh
1122108,1109,469.40,49.00,40.45,2.294,0.239,0.198,banana,fresh
1123119,1110,469.45,49.00,40.45,2.294,0.239,0.198,banana,fresh
1124130,1111,469.30,49.00,40.55,2.294,0.239,0.198,banana,fresh
1125141,1112,469.40,49.00,40.45,2.294,0.239,0.198,banana,fresh
1126152,1113,469.25,49.00,40.45,2.293,0.239,0.198,banana,fresh
1127163,1114,469.15,49.00,40.35,2.293,0.239,0.197,banana,fresh
1128174,1115,469.25,49.00,40.45,2.293,0.239,0.198,banana,fresh
1129185,1116,469.25,49.00,40.30,2.293,0.239,0.197,banana,fresh
1130196,1117,469.25,49.00,40.35,2.293,0.239,0.197,banana,fresh
1131207,1118,469.20,49.00,40.35,2.293,0.239,0.197,banana,fresh
1132218,1119,469.30,49.00,40.15,2.294,0.239,0.196,banana,fresh
1133230,1120,469.35,49.00,40.40,2.294,0.239,0.197,banana,fresh
1134240,1121,469.10,49.00,40.35,2.293,0.239,0.197,banana,fresh
1135251,1122,469.20,49.00,40.35,2.293,0.239,0.197,banana,fresh
1136263,1123,469.15,49.00,40.25,2.293,0.239,0.197,banana,fresh
1137273,1124,469.30,49.00,40.60,2.294,0.239,0.198,banana,fresh
1138285,1125,469.20,49.00,40.40,2.293,0.239,0.197,banana,fresh
1139296,1126,469.15,49.00,40.35,2.293,0.239,0.197,banana,fresh
1140306,1127,469.15,49.00,40.50,2.293,0.239,0.198,banana,fresh
1141318,1128,469.35,49.00,40.45,2.294,0.239,0.198,banana,fresh
1142329,1129,469.20,49.00,40.35,2.293,0.239,0.197,banana,fresh
1143340,1130,469.20,49.00,40.35,2.293,0.239,0.197,banana,fresh
1144351,1131,469.20,49.00,40.40,2.293,0.239,0.197,banana,fresh
1145362,1132,469.15,49.00,40.35,2.293,0.239,0.197,banana,fresh
1146373,1133,469.20,49.00,40.45,2.293,0.239,0.198,banana,fresh
1147384,1134,469.15,49.00,40.30,2.293,0.239,0.197,banana,fresh
1148395,1135,469.15,49.00,40.45,2.293,0.239,0.198,banana,fresh
1149406,1136,469.15,49.00,40.45,2.293,0.239,0.198,banana,fresh
1150417,1137,469.15,49.00,40.25,2.293,0.239,0.197,banana,fresh
1151428,1138,469.20,49.00,40.35,2.293,0.239,0.197,banana,fresh
1152439,1139,469.20,49.00,40.50,2.293,0.239,0.198,banana,fresh
1153451,1140,469.20,49.00,40.40,2.293,0.239,0.197,banana,fresh
1154461,1141,469.10,49.00,40.35,2.293,0.239,0.197,banana,fresh
1155472,1142,469.25,49.00,40.45,2.293,0.239,0.198,banana,fresh
1156484,1143,469.15,49.00,40.40,2.293,0.239,0.197,banana,fresh
1157494,1144,469.35,49.00,40.40,2.294,0.239,0.197,banana,fresh
1158505,1145,469.35,49.00,40.20,2.294,0.239,0.196,banana,fresh
1159517,1146,469.45,49.00,40.35,2.294,0.239,0.197,banana,fresh
1160527,1147,469.45,49.00,40.25,2.294,0.239,0.197,banana,fresh
1161538,1148,469.45,49.00,40.40,2.294,0.239,0.197,banana,fresh
1162550,1149,469.60,49.00,40.55,2.295,0.239,0.198,banana,fresh
1163560,1150,469.75,49.00,40.40,2.296,0.239,0.197,banana,fresh
1164571,1151,469.80,49.00,40.35,2.296,0.239,0.197,banana,fresh
1165583,1152,469.80,49.00,40.40,2.296,0.239,0.197,banana,fresh
1166594,1153,469.80,49.00,40.35,2.296,0.239,0.197,banana,fresh
1167604,1154,469.40,49.00,40.25,2.294,0.239,0.197,banana,fresh
1168616,1155,469.50,49.00,40.40,2.295,0.239,0.197,banana,fresh
1169627,1156,469.50,49.00,40.40,2.295,0.239,0.197,banana,fresh
1170637,1157,469.55,49.00,40.35,2.295,0.239,0.197,banana,fresh
1171649,1158,469.30,49.00,40.35,2.294,0.239,0.197,banana,fresh
1172660,1159,469.50,49.00,40.30,2.295,0.239,0.197,banana,fresh
1173670,1160,469.60,49.00,40.35,2.295,0.239,0.197,banana,fresh
1174682,1161,469.65,49.00,40.35,2.295,0.239,0.197,banana,fresh
1175693,1162,469.45,49.00,40.25,2.294,0.239,0.197,banana,fresh
1176704,1163,469.55,49.00,40.35,2.295,0.239,0.197,banana,fresh
1177715,1164,469.10,49.00,40.05,2.293,0.239,0.196,banana,fresh
1178726,1165,469.15,49.00,40.30,2.293,0.239,0.197,banana,fresh
1179737,1166,469.10,49.00,40.50,2.293,0.239,0.198,banana,fresh
1180748,1167,469.00,49.00,40.35,2.292,0.239,0.197,banana,fresh
1181759,1168,469.05,49.00,40.20,2.293,0.239,0.196,banana,fresh
1182770,1169,469.00,49.00,40.20,2.292,0.239,0.196,banana,fresh
1183781,1170,469.00,49.00,40.35,2.292,0.239,0.197,banana,fresh
1184792,1171,469.00,49.00,40.20,2.292,0.239,0.196,banana,fresh
1185803,1172,469.00,49.00,40.20,2.292,0.239,0.196,banana,fresh
1186814,1173,468.90,49.00,40.30,2.292,0.239,0.197,banana,fresh
1187825,1174,468.80,49.00,40.15,2.291,0.239,0.196,banana,fresh
1188836,1175,468.35,49.00,40.35,2.289,0.239,0.197,banana,fresh
1189848,1176,468.25,49.00,40.10,2.289,0.239,0.196,banana,fresh
1190858,1177,468.05,49.00,40.15,2.288,0.239,0.196,banana,fresh
1191869,1178,468.05,49.00,40.20,2.288,0.239,0.196,banana,fresh
1192881,1179,468.00,49.00,40.35,2.287,0.239,0.197,banana,fresh
1193891,1180,468.05,49.00,40.20,2.288,0.239,0.196,banana,fresh
1194902,1181,468.00,49.00,40.30,2.287,0.239,0.197,banana,fresh
1195914,1182,468.00,48.95,40.20,2.287,0.239,0.196,banana,fresh
1196924,1183,468.00,49.00,40.10,2.287,0.239,0.196,banana,fresh
1197935,1184,468.00,49.00,40.05,2.287,0.239,0.196,banana,fresh
1198947,1185,468.00,49.00,40.05,2.287,0.239,0.196,banana,fresh
1199958,1186,468.00,49.00,40.10,2.287,0.239,0.196,banana,fresh
1200968,1187,468.00,49.00,40.30,2.287,0.239,0.197,banana,fresh
1201980,1188,468.00,49.00,40.15,2.287,0.239,0.196,banana,fresh
1202991,1189,468.00,49.00,40.05,2.287,0.239,0.196,banana,fresh
1204001,1190,468.00,49.00,40.20,2.287,0.239,0.196,banana,fresh
1205013,1191,468.00,49.00,40.15,2.287,0.239,0.196,banana,fresh
1206024,1192,468.00,49.00,40.15,2.287,0.239,0.196,banana,fresh
1207034,1193,468.00,49.00,40.10,2.287,0.239,0.196,banana,fresh
1208046,1194,468.00,49.00,40.10,2.287,0.239,0.196,banana,fresh
1209057,1195,468.05,49.00,40.15,2.288,0.239,0.196,banana,fresh
1210067,1196,468.00,49.00,40.05,2.287,0.239,0.196,banana,fresh
1211079,1197,468.10,49.00,40.10,2.288,0.239,0.196,banana,fresh
1212090,1198,468.00,49.00,40.15,2.287,0.239,0.196,banana,fresh
1213101,1199,468.05,49.00,40.10,2.288,0.239,0.196,banana,fresh
1214112,1200,468.00,49.00,40.20,2.287,0.239,0.196,banana,fresh
1215123,1201,468.00,49.00,40.20,2.287,0.239,0.196,banana,fresh
1216134,1202,468.00,49.00,40.10,2.287,0.239,0.196,banana,fresh
1217145,1203,468.05,49.00,40.05,2.288,0.239,0.196,banana,fresh
1218156,1204,468.10,49.00,40.15,2.288,0.239,0.196,banana,fresh
1219167,1205,468.05,49.00,40.15,2.288,0.239,0.196,banana,fresh
1220178,1206,468.00,49.00,40.05,2.287,0.239,0.196,banana,fresh
1221189,1207,468.05,49.00,40.00,2.288,0.239,0.196,banana,fresh
1222200,1208,468.00,49.00,40.10,2.287,0.239,0.196,banana,fresh
1223212,1209,468.05,49.00,40.10,2.288,0.239,0.196,banana,fresh
1224222,1210,468.10,49.00,40.00,2.288,0.239,0.196,banana,fresh
1225233,1211,468.15,49.00,40.10,2.288,0.239,0.196,banana,fresh
1226245,1212,468.00,49.00,40.20,2.287,0.239,0.196,banana,fresh
1227255,1213,468.00,49.00,40.15,2.287,0.239,0.196,banana,fresh
1228266,1214,468.10,49.00,40.10,2.288,0.239,0.196,banana,fresh
1229278,1215,468.00,49.00,40.10,2.287,0.239,0.196,banana,fresh
1230288,1216,468.15,49.00,40.10,2.288,0.239,0.196,banana,fresh
1231299,1217,468.05,49.00,40.10,2.288,0.239,0.196,banana,fresh
1232311,1218,468.10,49.00,40.10,2.288,0.239,0.196,banana,fresh
1233321,1219,468.35,49.00,40.25,2.289,0.239,0.197,banana,fresh
1234332,1220,468.10,49.00,40.10,2.288,0.239,0.196,banana,fresh
1235344,1221,468.05,49.00,40.10,2.288,0.239,0.196,banana,fresh
1236355,1222,468.25,49.00,40.20,2.289,0.239,0.196,banana,fresh
1237365,1223,468.10,49.00,40.10,2.288,0.239,0.196,banana,fresh
1238377,1224,468.20,49.00,40.00,2.288,0.239,0.196,banana,fresh
1239388,1225,468.15,49.00,40.05,2.288,0.239,0.196,banana,fresh
1240398,1226,468.20,49.00,40.15,2.288,0.239,0.196,banana,fresh
1241410,1227,468.25,49.00,40.10,2.289,0.239,0.196,banana,fresh
1242421,1228,468.15,49.00,40.15,2.288,0.239,0.196,banana,fresh
1243431,1229,468.15,49.00,40.20,2.288,0.239,0.196,banana,fresh
1244443,1230,468.45,49.00,40.00,2.290,0.239,0.196,banana,fresh
1245454,1231,468.30,49.00,40.15,2.289,0.239,0.196,banana,fresh
1246465,1232,468.45,48.95,40.20,2.290,0.239,0.196,banana,fresh
1247476,1233,468.35,49.00,40.20,2.289,0.239,0.196,banana,fresh
1248487,1234,468.30,49.00,40.10,2.289,0.239,0.196,banana,fresh
1249498,1235,468.25,49.00,40.05,2.289,0.239,0.196,banana,fresh
1250509,1236,468.40,49.00,40.10,2.289,0.239,0.196,banana,fresh
1251520,1237,468.40,49.00,40.10,2.289,0.239,0.196,banana,fresh
1252531,1238,468.35,49.00,40.15,2.289,0.239,0.196,banana,fresh
1253542,1239,468.20,49.00,40.00,2.288,0.239,0.196,banana,fresh
1254553,1240,468.25,49.00,40.10,2.289,0.239,0.196,banana,fresh
1255564,1241,468.25,49.00,40.10,2.289,0.239,0.196,banana,fresh
1256576,1242,468.50,48.95,40.10,2.290,0.239,0.196,banana,fresh
1257586,1243,468.45,49.00,40.15,2.290,0.239,0.196,banana,fresh
1258597,1244,468.25,49.00,40.00,2.289,0.239,0.196,banana,fresh
1259609,1245,468.40,49.00,40.00,2.289,0.239,0.196,banana,fresh
1260619,1246,468.50,49.00,40.05,2.290,0.239,0.196,banana,fresh
1261630,1247,468.30,49.00,40.15,2.289,0.239,0.196,banana,fresh
1262642,1248,468.45,49.00,40.05,2.290,0.239,0.196,banana,fresh
1263652,1249,468.35,49.00,40.10,2.289,0.239,0.196,banana,fresh
1264663,1250,468.40,49.00,40.15,2.289,0.239,0.196,banana,fresh
1265675,1251,468.65,49.00,40.15,2.291,0.239,0.196,banana,fresh
1266685,1252,468.40,49.00,40.05,2.289,0.239,0.196,banana,fresh
1267696,1253,468.30,49.00,40.15,2.289,0.239,0.196,banana,fresh
1268708,1254,468.40,49.00,40.15,2.289,0.239,0.196,banana,fresh
1269719,1255,468.70,49.00,40.10,2.291,0.239,0.196,banana,fresh
1270729,1256,468.60,49.00,40.35,2.290,0.239,0.197,banana,fresh
1271741,1257,468.65,49.00,40.00,2.291,0.239,0.196,banana,fresh
1272752,1258,468.55,49.00,40.00,2.290,0.239,0.196,banana,fresh
1273762,1259,468.50,49.00,40.10,2.290,0.239,0.196,banana,fresh
1274774,1260,468.65,49.00,40.10,2.291,0.239,0.196,banana,fresh
1275785,1261,468.25,49.00,40.15,2.289,0.239,0.196,banana,fresh
1276795,1262,468.25,49.00,40.00,2.289,0.239,0.196,banana,fresh
1277807,1263,468.20,49.00,40.30,2.288,0.239,0.197,banana,fresh
1278818,1264,468.25,49.00,40.15,2.289,0.239,0.196,banana,fresh
1279828,1265,468.40,49.00,40.20,2.289,0.239,0.196,banana,fresh
1280840,1266,468.40,49.00,40.10,2.289,0.239,0.196,banana,fresh
1281851,1267,468.45,49.00,40.10,2.290,0.239,0.196,banana,fresh
1282862,1268,468.40,49.00,40.10,2.289,0.239,0.196,banana,fresh
1283873,1269,468.45,49.00,40.05,2.290,0.239,0.196,banana,fresh
1284884,1270,468.25,49.00,40.25,2.289,0.239,0.197,banana,fresh
1285895,1271,468.35,49.00,40.00,2.289,0.239,0.196,banana,fresh
1286906,1272,468.50,49.00,40.00,2.290,0.239,0.196,banana,fresh
1287917,1273,468.70,49.00,40.10,2.291,0.239,0.196,banana,fresh
1288928,1274,468.30,49.00,40.00,2.289,0.239,0.196,banana,fresh
1289939,1275,468.50,49.00,40.05,2.290,0.239,0.196,banana,fresh
1290950,1276,468.50,49.00,40.05,2.290,0.239,0.196,banana,fresh
1291961,1277,468.80,48.95,40.05,2.291,0.239,0.196,banana,fresh
1292973,1278,468.65,49.00,40.00,2.291,0.239,0.196,banana,fresh
1293983,1279,468.50,49.00,40.10,2.290,0.239,0.196,banana,fresh
1294994,1280,468.55,49.00,40.20,2.290,0.239,0.196,banana,fresh
1296006,1281,468.60,49.00,40.05,2.290,0.239,0.196,banana,fresh
1297016,1282,468.70,49.00,40.15,2.291,0.239,0.196,banana,fresh
1298027,1283,468.75,49.00,40.20,2.291,0.239,0.196,banana,fresh
1299039,1284,468.80,48.95,40.05,2.291,0.239,0.196,banana,fresh
1300049,1285,468.75,49.00,40.15,2.291,0.239,0.196,banana,fresh
1301060,1286,468.80,49.00,40.05,2.291,0.239,0.196,banana,fresh
1302072,1287,468.90,49.00,40.25,2.292,0.239,0.197,banana,fresh
1303083,1288,468.65,49.00,40.15,2.291,0.239,0.196,banana,fresh
1304093,1289,468.75,49.00,40.15,2.291,0.239,0.196,banana,fresh
1305105,1290,468.80,49.00,40.05,2.291,0.239,0.196,banana,fresh
1306116,1291,468.90,49.00,40.20,2.292,0.239,0.196,banana,fresh
1307126,1292,468.80,49.00,40.15,2.291,0.239,0.196,banana,fresh
1308138,1293,468.75,49.00,40.05,2.291,0.239,0.196,banana,fresh
1309149,1294,468.80,49.00,40.10,2.291,0.239,0.196,banana,fresh
1310159,1295,468.80,49.00,40.10,2.291,0.239,0.196,banana,fresh
1311171,1296,468.60,49.00,40.15,2.290,0.239,0.196,banana,fresh
1312182,1297,468.65,49.00,40.10,2.291,0.239,0.196,banana,fresh
1313192,1298,468.80,49.00,40.10,2.291,0.239,0.196,banana,fresh
1314204,1299,468.90,49.00,40.10,2.292,0.239,0.196,banana,fresh
1315215,1300,468.90,49.00,40.05,2.292,0.239,0.196,banana,fresh
1316226,1301,468.75,49.00,40.15,2.291,0.239,0.196,banana,fresh
1317237,1302,468.65,49.00,40.00,2.291,0.239,0.196,banana,fresh
1318248,1303,468.80,48.95,40.15,2.291,0.239,0.196,banana,fresh
1319259,1304,468.65,49.00,40.00,2.291,0.239,0.196,banana,fresh
1320270,1305,468.50,49.00,40.10,2.290,0.239,0.196,banana,fresh
1321281,1306,468.50,49.00,40.05,2.290,0.239,0.196,banana,fresh
1322292,1307,468.50,48.95,40.05,2.290,0.239,0.196,banana,fresh
1323303,1308,468.60,49.00,40.00,2.290,0.239,0.196,banana,fresh
1324314,1309,468.45,49.00,40.20,2.290,0.239,0.196,banana,fresh
1325325,1310,468.40,49.00,40.00,2.289,0.239,0.196,banana,fresh
1326336,1311,468.30,49.00,40.15,2.289,0.239,0.196,banana,fresh
1327347,1312,468.10,48.95,40.00,2.288,0.239,0.196,banana,fresh
1328358,1313,468.10,49.00,40.05,2.288,0.239,0.196,banana,fresh
1329370,1314,468.20,49.00,40.00,2.288,0.239,0.196,banana,fresh
1330380,1315,468.15,49.00,40.00,2.288,0.239,0.196,banana,fresh
1331391,1316,468.00,49.00,40.10,2.287,0.239,0.196,banana,fresh
1332402,1317,468.15,48.95,40.10,2.288,0.239,0.196,banana,fresh
1333413,1318,468.05,49.00,40.05,2.288,0.239,0.196,banana,fresh
1334424,1319,468.00,48.95,40.00,2.287,0.239,0.196,banana,fresh
1335435,1320,468.05,49.00,40.00,2.288,0.239,0.196,banana,fresh
1336446,1321,468.05,49.00,40.05,2.288,0.239,0.196,banana,fresh
1337457,1322,468.00,49.00,40.10,2.287,0.239,0.196,banana,fresh
1338468,1323,468.00,49.00,40.00,2.287,0.239,0.196,banana,fresh
1339480,1324,468.00,49.00,40.00,2.287,0.239,0.196,banana,fresh
1340490,1325,468.00,49.00,40.00,2.287,0.239,0.196,banana,fresh
1341501,1326,468.00,49.00,40.05,2.287,0.239,0.196,banana,fresh
1342513,1327,468.00,49.00,40.10,2.287,0.239,0.196,banana,fresh
1343523,1328,468.00,49.00,40.00,2.287,0.239,0.196,banana,fresh
1344534,1329,467.95,48.90,40.00,2.287,0.239,0.196,banana,fresh
1345546,1330,467.80,48.95,40.00,2.286,0.239,0.196,banana,fresh
1346556,1331,467.60,49.00,40.00,2.285,0.239,0.196,banana,fresh
1347567,1332,467.70,49.00,40.00,2.286,0.239,0.196,banana,fresh
1348579,1333,467.60,49.00,40.05,2.285,0.239,0.196,banana,fresh
1349590,1334,467.55,49.00,40.00,2.285,0.239,0.196,banana,fresh
1350600,1335,467.50,49.00,40.00,2.285,0.239,0.196,banana,fresh
1351612,1336,467.45,48.95,40.00,2.285,0.239,0.196,banana,fresh
1352623,1337,467.45,48.95,40.00,2.285,0.239,0.196,banana,fresh
1353633,1338,467.40,48.95,40.00,2.284,0.239,0.196,banana,fresh
1354645,1339,467.25,49.00,40.00,2.284,0.239,0.196,banana,fresh
1355656,1340,467.15,49.00,40.00,2.283,0.239,0.196,banana,fresh
1356666,1341,467.05,49.00,40.10,2.283,0.239,0.196,banana,fresh
1357678,1342,467.10,49.00,40.05,2.283,0.239,0.196,banana,fresh
1358689,1343,467.05,48.95,40.05,2.283,0.239,0.196,banana,fresh
1359699,1344,467.15,49.00,40.00,2.283,0.239,0.196,banana,fresh
1360711,1345,467.15,48.95,40.05,2.283,0.239,0.196,banana,fresh
1361722,1346,467.00,48.95,40.05,2.283,0.239,0.196,banana,fresh
1362733,1347,467.00,48.90,40.05,2.283,0.239,0.196,banana,fresh
1363744,1348,467.05,48.95,40.10,2.283,0.239,0.196,banana,fresh
1364755,1349,467.05,48.95,40.00,2.283,0.239,0.196,banana,fresh
1365766,1350,467.10,49.00,40.00,2.283,0.239,0.196,banana,fresh
1366777,1351,467.05,48.95,40.00,2.283,0.239,0.196,banana,fresh
1367788,1352,467.15,49.00,40.00,2.283,0.239,0.196,banana,fresh
1368799,1353,467.10,49.00,40.00,2.283,0.239,0.196,banana,fresh
1369810,1354,467.20,49.00,40.10,2.283,0.239,0.196,banana,fresh
1370821,1355,467.10,48.95,40.00,2.283,0.239,0.196,banana,fresh
1371832,1356,467.35,48.90,40.00,2.284,0.239,0.196,banana,fresh
1372844,1357,467.30,48.95,40.00,2.284,0.239,0.196,banana,fresh
1373854,1358,467.20,48.95,40.00,2.283,0.239,0.196,banana,fresh
1374865,1359,467.10,48.90,40.00,2.283,0.239,0.196,banana,fresh
1375877,1360,467.20,48.95,40.05,2.283,0.239,0.196,banana,fresh
1376887,1361,467.25,48.95,40.00,2.284,0.239,0.196,banana,fresh
1377898,1362,467.25,49.00,40.00,2.284,0.239,0.196,banana,fresh
1378910,1363,467.10,49.00,40.05,2.283,0.239,0.196,banana,fresh
1379920,1364,467.25,48.95,40.05,2.284,0.239,0.196,banana,fresh
1380931,1365,467.00,48.90,40.00,2.283,0.239,0.196,banana,fresh
1381943,1366,467.00,48.95,40.00,2.283,0.239,0.196,banana,fresh
1382953,1367,467.00,48.90,40.00,2.283,0.239,0.196,banana,fresh
1383964,1368,467.00,49.00,40.05,2.283,0.239,0.196,banana,fresh
1384976,1369,467.00,48.95,40.00,2.283,0.239,0.196,banana,fresh
1385987,1370,467.00,48.90,40.00,2.283,0.239,0.196,banana,fresh
1386997,1371,467.00,48.90,40.00,2.283,0.239,0.196,banana,fresh
1388009,1372,467.00,48.95,40.00,2.283,0.239,0.196,banana,fresh
1389020,1373,466.75,49.00,40.00,2.281,0.239,0.196,banana,fresh
1390030,1374,466.50,48.95,40.00,2.280,0.239,0.196,banana,fresh
1391042,1375,466.40,49.00,40.05,2.280,0.239,0.196,banana,fresh
1392053,1376,466.10,48.95,40.00,2.278,0.239,0.196,banana,fresh
1393063,1377,466.00,48.95,40.00,2.278,0.239,0.196,banana,fresh
1394075,1378,466.00,48.80,40.00,2.278,0.239,0.196,banana,fresh
1395086,1379,466.00,48.95,40.00,2.278,0.239,0.196,banana,fresh
1396097,1380,465.95,48.90,40.00,2.277,0.239,0.196,banana,fresh
1397108,1381,465.85,48.85,40.00,2.277,0.239,0.196,banana,fresh
1398119,1382,465.45,48.85,40.00,2.275,0.239,0.196,banana,fresh
1399130,1383,465.10,48.95,40.00,2.273,0.239,0.196,banana,fresh
1400141,1384,465.00,48.85,40.00,2.273,0.239,0.196,banana,fresh
1401152,1385,465.00,48.95,40.00,2.273,0.239,0.196,banana,fresh
1402163,1386,465.00,48.95,40.00,2.273,0.239,0.196,banana,fresh
1403174,1387,465.00,48.70,40.00,2.273,0.238,0.196,banana,fresh
1404185,1388,465.00,48.65,40.00,2.273,0.238,0.196,banana,fresh
1405196,1389,465.00,48.90,40.00,2.273,0.239,0.196,banana,fresh
1406208,1390,465.00,48.95,40.00,2.273,0.239,0.196,banana,fresh
1407218,1391,465.00,48.90,40.00,2.273,0.239,0.196,banana,fresh
1408229,1392,465.00,48.80,40.00,2.273,0.239,0.196,banana,fresh
1409241,1393,465.00,48.80,40.00,2.273,0.239,0.196,banana,fresh
1410251,1394,465.05,48.80,40.00,2.273,0.239,0.196,banana,fresh
1411262,1395,465.15,48.90,40.00,2.273,0.239,0.196,banana,fresh
1412274,1396,465.15,48.85,40.00,2.273,0.239,0.196,banana,fresh
1413284,1397,465.30,48.75,40.00,2.274,0.238,0.196,banana,fresh
1414295,1398,465.60,48.75,40.00,2.276,0.238,0.196,banana,fresh
1415307,1399,465.80,48.75,40.00,2.277,0.238,0.196,banana,fresh
1416317,1400,465.90,48.80,40.00,2.277,0.239,0.196,banana,fresh
1417328,1401,466.00,48.75,40.00,2.278,0.238,0.196,banana,fresh
1418340,1402,466.00,48.85,40.00,2.278,0.239,0.196,banana,fresh
1419351,1403,466.00,48.65,40.00,2.278,0.238,0.196,banana,fresh
1420361,1404,466.00,48.90,40.00,2.278,0.239,0.196,banana,fresh
1421373,1405,466.00,48.75,40.00,2.278,0.238,0.196,banana,fresh
1422384,1406,466.00,48.75,40.00,2.278,0.238,0.196,banana,fresh
1423394,1407,466.00,48.90,40.00,2.278,0.239,0.196,banana,fresh
1424406,1408,466.00,49.00,40.05,2.278,0.239,0.196,banana,fresh
1425417,1409,466.00,48.55,40.00,2.278,0.237,0.196,banana,fresh
1426427,1410,466.00,48.85,40.00,2.278,0.239,0.196,banana,fresh
1427439,1411,466.00,48.90,40.00,2.278,0.239,0.196,banana,fresh
1428450,1412,466.00,48.80,40.00,2.278,0.239,0.196,banana,fresh
1429460,1413,466.00,48.80,40.00,2.278,0.239,0.196,banana,fresh
1430472,1414,466.00,48.80,40.00,2.278,0.239,0.196,banana,fresh
1431483,1415,466.00,48.85,40.00,2.278,0.239,0.196,banana,fresh
1432494,1416,466.00,48.85,40.00,2.278,0.239,0.196,banana,fresh
1433505,1417,466.00,48.90,40.00,2.278,0.239,0.196,banana,fresh
1434516,1418,466.00,48.70,40.00,2.278,0.238,0.196,banana,fresh
1435527,1419,466.00,48.95,40.00,2.278,0.239,0.196,banana,fresh
1436538,1420,466.00,48.80,40.00,2.278,0.239,0.196,banana,fresh
1437549,1421,466.00,48.80,40.00,2.278,0.239,0.196,banana,fresh
1438560,1422,466.00,48.80,40.00,2.278,0.239,0.196,banana,fresh
1439571,1423,466.00,48.65,40.05,2.278,0.238,0.196,banana,fresh
1440582,1424,466.00,48.90,40.00,2.278,0.239,0.196,banana,fresh
1441593,1425,466.00,48.80,40.00,2.278,0.239,0.196,banana,fresh
1442605,1426,466.00,48.75,40.00,2.278,0.238,0.196,banana,fresh
1443615,1427,466.00,48.75,40.00,2.278,0.238,0.196,banana,fresh
1444626,1428,466.00,48.65,40.00,2.278,0.238,0.196,banana,fresh
1445638,1429,466.00,48.90,40.00,2.278,0.239,0.196,banana,fresh
1446648,1430,466.00,48.90,40.00,2.278,0.239,0.196,banana,fresh
1447659,1431,466.00,48.70,40.00,2.278,0.238,0.196,banana,fresh
1448671,1432,466.00,48.85,40.00,2.278,0.239,0.196,banana,fresh
1449681,1433,466.00,48.55,40.00,2.278,0.237,0.196,banana,fresh
1450692,1434,466.00,48.70,40.00,2.278,0.238,0.196,banana,fresh
1451704,1435,466.00,48.80,40.00,2.278,0.239,0.196,banana,fresh
1452715,1436,466.00,48.70,40.05,2.278,0.238,0.196,banana,fresh
1453725,1437,466.00,48.65,40.00,2.278,0.238,0.196,banana,fresh
1454737,1438,466.00,48.70,40.00,2.278,0.238,0.196,banana,fresh
1455748,1439,466.00,48.70,40.00,2.278,0.238,0.196,banana,fresh
1456758,1440,466.05,48.50,40.00,2.278,0.237,0.196,banana,fresh
1457770,1441,466.00,48.65,40.05,2.278,0.238,0.196,banana,fresh
1458781,1442,466.00,48.60,40.00,2.278,0.238,0.196,banana,fresh
1459791,1443,466.00,48.80,40.00,2.278,0.239,0.196,banana,fresh
1460803,1444,466.00,48.80,40.05,2.278,0.239,0.196,banana,fresh
1461814,1445,466.00,48.70,40.00,2.278,0.238,0.196,banana,fresh
1462824,1446,466.00,48.50,40.00,2.278,0.237,0.196,banana,fresh
1463836,1447,466.00,48.60,40.00,2.278,0.238,0.196,banana,fresh
1464847,1448,466.00,48.45,40.00,2.278,0.237,0.196,banana,fresh
1465858,1449,466.05,48.60,40.00,2.278,0.238,0.196,banana,fresh
1466869,1450,466.10,48.70,40.00,2.278,0.238,0.196,banana,fresh
1467880,1451,466.00,48.60,40.00,2.278,0.238,0.196,banana,fresh
1468891,1452,466.05,48.55,40.00,2.278,0.237,0.196,banana,fresh
1469902,1453,466.05,48.75,40.00,2.278,0.238,0.196,banana,fresh
1470913,1454,466.15,48.55,40.00,2.278,0.237,0.196,banana,fresh
1471924,1455,466.05,48.40,40.00,2.278,0.237,0.196,banana,fresh
1472935,1456,466.05,48.45,40.00,2.278,0.237,0.196,banana,fresh
1473946,1457,466.10,48.50,40.00,2.278,0.237,0.196,banana,fresh
1474957,1458,466.10,48.55,40.00,2.278,0.237,0.196,banana,fresh
1475969,1459,466.10,48.70,40.00,2.278,0.238,0.196,banana,fresh
1476979,1460,466.05,48.65,40.00,2.278,0.238,0.196,banana,fresh
1477990,1461,466.10,48.55,40.00,2.278,0.237,0.196,banana,fresh
1479002,1462,466.05,48.55,40.00,2.278,0.237,0.196,banana,fresh
1480012,1463,466.05,48.50,40.00,2.278,0.237,0.196,banana,fresh
1481023,1464,466.00,48.50,40.00,2.278,0.237,0.196,banana,fresh
1482035,1465,466.05,48.50,40.00,2.278,0.237,0.196,banana,fresh
1483045,1466,466.10,48.35,40.00,2.278,0.236,0.196,banana,fresh
1484056,1467,466.05,48.40,40.00,2.278,0.237,0.196,banana,fresh
1485068,1468,466.05,48.60,40.00,2.278,0.238,0.196,banana,fresh
1486078,1469,466.10,48.45,40.00,2.278,0.237,0.196,banana,fresh
1487089,1470,466.05,48.55,40.00,2.278,0.237,0.196,banana,fresh
1488101,1471,466.20,48.65,40.00,2.279,0.238,0.196,banana,fresh
1489112,1472,466.05,48.45,40.00,2.278,0.237,0.196,banana,fresh
1490122,1473,466.05,48.25,40.00,2.278,0.236,0.196,banana,fresh
1491134,1474,466.10,48.45,40.00,2.278,0.237,0.196,banana,fresh
1492145,1475,466.15,48.55,40.00,2.278,0.237,0.196,banana,fresh
1493155,1476,466.25,48.60,40.00,2.279,0.238,0.196,banana,fresh
1494167,1477,466.15,48.35,40.00,2.278,0.236,0.196,banana,fresh
1495178,1478,466.30,48.55,40.00,2.279,0.237,0.196,banana,fresh
1496188,1479,466.30,48.45,40.00,2.279,0.237,0.196,banana,fresh
1497200,1480,466.25,48.30,40.00,2.279,0.236,0.196,banana,fresh
1498211,1481,466.20,48.60,40.00,2.279,0.238,0.196,banana,fresh
1499222,1482,465.00,48.55,40.00,2.273,0.237,0.196,banana,fresh
1500233,1483,465.00,48.55,40.00,2.273,0.237,0.196,banana,fresh
1501244,1484,465.00,48.50,40.00,2.273,0.237,0.196,banana,fresh
1502255,1485,465.05,48.55,40.00,2.273,0.237,0.196,banana,fresh
1503266,1486,465.00,48.45,40.00,2.273,0.237,0.196,banana,fresh
1504277,1487,465.00,48.35,40.00,2.273,0.236,0.196,banana,fresh
1505288,1488,465.00,48.35,40.00,2.273,0.236,0.196,banana,fresh
1506299,1489,465.00,48.30,40.00,2.273,0.236,0.196,banana,fresh
1507310,1490,465.00,48.40,40.00,2.273,0.237,0.196,banana,fresh
1508321,1491,465.00,48.40,40.00,2.273,0.237,0.196,banana,fresh
1509332,1492,465.00,48.55,40.00,2.273,0.237,0.196,banana,fresh
1510343,1493,464.95,48.40,40.00,2.272,0.237,0.196,banana,fresh
1511354,1494,464.85,48.40,40.00,2.272,0.237,0.196,banana,fresh
1512366,1495,464.75,48.25,40.00,2.272,0.236,0.196,banana,fresh
1513376,1496,464.65,48.25,40.00,2.271,0.236,0.196,banana,fresh
1514388,1497,464.35,48.30,40.00,2.270,0.236,0.196,banana,fresh
1515399,1498,464.20,48.35,40.00,2.269,0.236,0.196,banana,fresh
1516409,1499,464.00,48.40,40.00,2.268,0.237,0.196,banana,fresh
1517421,1500,464.00,48.60,40.00,2.268,0.238,0.196,banana,fresh
1518432,1501,464.00,48.25,40.00,2.268,0.236,0.196,banana,fresh
1519442,1502,464.00,48.35,40.00,2.268,0.236,0.196,banana,fresh
1520454,1503,464.00,48.40,40.00,2.268,0.237,0.196,banana,fresh
1521465,1504,464.00,48.35,40.00,2.268,0.236,0.196,banana,fresh
1522476,1505,464.00,48.30,40.00,2.268,0.236,0.196,banana,fresh
1523487,1506,464.00,48.35,40.00,2.268,0.236,0.196,banana,fresh
1524498,1507,464.00,48.35,40.00,2.268,0.236,0.196,banana,fresh
1525509,1508,464.00,48.20,40.00,2.268,0.236,0.196,banana,fresh
1526520,1509,464.00,48.40,40.00,2.268,0.237,0.196,banana,fresh
1527531,1510,464.00,48.35,40.00,2.268,0.236,0.196,banana,fresh
1528542,1511,464.00,48.15,40.00,2.268,0.235,0.196,banana,fresh
1529553,1512,464.00,48.35,40.00,2.268,0.236,0.196,banana,fresh
1530564,1513,464.00,48.30,40.00,2.268,0.236,0.196,banana,fresh
1531575,1514,463.90,48.50,40.05,2.267,0.237,0.196,banana,fresh
1532587,1515,463.90,48.30,40.00,2.267,0.236,0.196,banana,fresh
1533597,1516,463.85,48.50,40.00,2.267,0.237,0.196,banana,fresh
1534608,1517,463.65,48.25,40.00,2.266,0.236,0.196,banana,fresh
1535620,1518,463.40,48.40,40.00,2.265,0.237,0.196,banana,fresh
1536630,1519,463.30,48.35,40.00,2.264,0.236,0.196,banana,fresh
1537641,1520,463.20,48.35,40.00,2.264,0.236,0.196,banana,fresh
1538653,1521,463.15,48.40,40.00,2.264,0.237,0.196,banana,fresh
1539663,1522,463.05,48.35,40.00,2.263,0.236,0.196,banana,fresh
1540674,1523,463.10,48.25,40.00,2.263,0.236,0.196,banana,fresh
1541686,1524,463.00,48.15,40.00,2.263,0.235,0.196,banana,fresh
1542696,1525,463.00,48.10,40.00,2.263,0.235,0.196,banana,fresh
1543707,1526,463.05,48.40,40.05,2.263,0.237,0.196,banana,fresh
1544719,1527,463.00,48.35,40.00,2.263,0.236,0.196,banana,fresh
1545730,1528,463.05,48.40,40.00,2.263,0.237,0.196,banana,fresh
1546740,1529,463.00,48.55,40.00,2.263,0.237,0.196,banana,fresh
1547752,1530,463.00,48.40,40.00,2.263,0.237,0.196,banana,fresh
1548763,1531,463.05,48.10,40.00,2.263,0.235,0.196,banana,fresh
1549773,1532,463.00,48.35,40.00,2.263,0.236,0.196,banana,fresh
1550785,1533,463.00,48.40,40.00,2.263,0.237,0.196,banana,fresh
1551796,1534,463.00,48.35,40.00,2.263,0.236,0.196,banana,fresh
1552806,1535,463.00,48.30,40.00,2.263,0.236,0.196,banana,fresh
1553818,1536,463.00,48.40,40.00,2.263,0.237,0.196,banana,fresh
1554829,1537,463.00,48.50,40.00,2.263,0.237,0.196,banana,fresh
1555840,1538,463.00,48.45,40.00,2.263,0.237,0.196,banana,fresh
1556851,1539,463.00,48.45,40.00,2.263,0.237,0.196,banana,fresh
1557862,1540,463.00,48.30,40.00,2.263,0.236,0.196,banana,fresh
1558873,1541,463.00,48.30,40.00,2.263,0.236,0.196,banana,fresh
1559884,1542,463.00,48.30,40.00,2.263,0.236,0.196,banana,fresh
1560895,1543,463.00,48.25,40.00,2.263,0.236,0.196,banana,fresh
1561906,1544,463.00,48.25,40.00,2.263,0.236,0.196,banana,fresh
1562917,1545,463.00,48.40,40.00,2.263,0.237,0.196,banana,fresh
1563928,1546,463.00,48.30,40.00,2.263,0.236,0.196,banana,fresh
1564939,1547,463.00,48.25,40.00,2.263,0.236,0.196,banana,fresh
1565950,1548,463.00,48.25,40.00,2.263,0.236,0.196,banana,fresh
1566961,1549,463.00,48.20,40.00,2.263,0.236,0.196,banana,fresh
1567972,1550,463.00,48.45,40.00,2.263,0.237,0.196,banana,fresh
1568984,1551,463.00,48.15,40.00,2.263,0.235,0.196,banana,fresh
1569994,1552,463.00,48.20,40.00,2.263,0.236,0.196,banana,fresh
1571005,1553,463.00,48.20,40.00,2.263,0.236,0.196,banana,fresh
1572017,1554,463.00,48.45,40.00,2.263,0.237,0.196,banana,fresh
1573027,1555,463.00,48.35,40.00,2.263,0.236,0.196,banana,fresh
1574038,1556,463.00,48.35,40.00,2.263,0.236,0.196,banana,fresh
1575050,1557,463.00,48.20,40.00,2.263,0.236,0.196,banana,fresh
1576060,1558,463.00,48.30,40.00,2.263,0.236,0.196,banana,fresh
1577071,1559,463.00,48.30,40.00,2.263,0.236,0.196,banana,fresh
1578083,1560,463.00,48.50,40.00,2.263,0.237,0.196,banana,fresh
1579094,1561,463.00,48.35,40.00,2.263,0.236,0.196,banana,fresh
1580104,1562,463.00,48.30,40.00,2.263,0.236,0.196,banana,fresh
1581116,1563,463.00,48.35,40.00,2.263,0.236,0.196,banana,fresh
1582127,1564,463.00,48.25,40.00,2.263,0.236,0.196,banana,fresh
1583137,1565,463.00,48.35,40.00,2.263,0.236,0.196,banana,fresh
1584149,1566,463.00,48.35,40.00,2.263,0.236,0.196,banana,fresh
1585160,1567,463.00,48.25,40.00,2.263,0.236,0.196,banana,fresh
1586170,1568,463.00,48.30,40.00,2.263,0.236,0.196,banana,fresh
1587182,1569,463.00,48.15,40.00,2.263,0.235,0.196,banana,fresh
1588193,1570,463.00,48.30,40.00,2.263,0.236,0.196,banana,fresh
1589203,1571,463.00,48.10,40.00,2.263,0.235,0.196,banana,fresh
1590215,1572,463.00,48.25,40.00,2.263,0.236,0.196,banana,fresh
1591226,1573,463.00,48.15,40.00,2.263,0.235,0.196,banana,fresh
1592237,1574,463.00,48.40,40.00,2.263,0.237,0.196,banana,fresh
1593248,1575,463.00,48.40,40.00,2.263,0.237,0.196,banana,fresh
1594259,1576,463.00,48.35,40.00,2.263,0.236,0.196,banana,fresh
1595270,1577,463.00,48.20,40.00,2.263,0.236,0.196,banana,fresh
1596281,1578,463.00,48.40,40.00,2.263,0.237,0.196,banana,fresh
1597292,1579,463.00,48.40,40.00,2.263,0.237,0.196,banana,fresh
1598303,1580,463.00,48.30,40.00,2.263,0.236,0.196,banana,fresh
1599314,1581,463.00,48.15,40.00,2.263,0.235,0.196,banana,fresh
1600325,1582,463.00,48.30,40.05,2.263,0.236,0.196,banana,fresh
1601336,1583,463.00,48.25,40.00,2.263,0.236,0.196,banana,fresh
1602348,1584,463.00,48.20,40.00,2.263,0.236,0.196,banana,fresh
1603358,1585,463.00,48.15,40.00,2.263,0.235,0.196,banana,fresh
1604369,1586,463.00,48.40,40.00,2.263,0.237,0.196,banana,fresh
1605381,1587,463.00,48.10,40.00,2.263,0.235,0.196,banana,fresh
1606391,1588,462.95,48.40,40.00,2.263,0.237,0.196,banana,fresh
1607402,1589,462.95,48.30,40.00,2.263,0.236,0.196,banana,fresh
1608414,1590,463.00,48.20,40.00,2.263,0.236,0.196,banana,fresh
1609424,1591,463.00,48.20,40.00,2.263,0.236,0.196,banana,fresh
1610435,1592,463.00,48.25,40.00,2.263,0.236,0.196,banana,fresh
1611447,1593,463.00,48.30,40.00,2.263,0.236,0.196,banana,fresh
1612457,1594,463.00,48.20,40.00,2.263,0.236,0.196,banana,fresh
1613468,1595,463.00,48.20,40.00,2.263,0.236,0.196,banana,fresh
1614480,1596,463.00,48.35,40.00,2.263,0.236,0.196,banana,fresh
1615491,1597,463.00,48.25,40.00,2.263,0.236,0.196,banana,fresh
1616501,1598,463.00,48.20,40.00,2.263,0.236,0.196,banana,fresh
1617513,1599,463.00,48.15,40.00,2.263,0.235,0.196,banana,fresh
1618524,1600,463.00,48.15,40.05,2.263,0.235,0.196,banana,fresh
1619534,1601,463.00,48.20,40.00,2.263,0.236,0.196,banana,fresh
1620546,1602,463.00,48.40,40.00,2.263,0.237,0.196,banana,fresh
1621557,1603,463.00,48.10,40.00,2.263,0.235,0.196,banana,fresh
1622567,1604,463.00,48.50,40.00,2.263,0.237,0.196,banana,fresh
1623579,1605,463.00,48.50,40.00,2.263,0.237,0.196,banana,fresh
1624590,1606,463.00,48.35,40.00,2.263,0.236,0.196,banana,fresh
1625601,1607,463.00,48.30,40.00,2.263,0.236,0.196,banana,fresh
1626612,1608,463.00,48.20,40.00,2.263,0.236,0.196,banana,fresh
1627623,1609,463.00,48.30,40.00,2.263,0.236,0.196,banana,fresh
1628634,1610,463.00,48.10,40.00,2.263,0.235,0.196,banana,fresh
1629645,1611,463.00,48.25,40.05,2.263,0.236,0.196,banana,fresh
1630656,1612,463.00,48.20,40.00,2.263,0.236,0.196,banana,fresh
1631667,1613,463.00,48.15,40.00,2.263,0.235,0.196,banana,fresh
1632678,1614,463.00,48.20,40.00,2.263,0.236,0.196,banana,fresh
1633689,1615,463.00,48.30,40.00,2.263,0.236,0.196,banana,fresh
1634700,1616,463.00,48.20,40.05,2.263,0.236,0.196,banana,fresh
1635712,1617,463.00,48.25,40.00,2.263,0.236,0.196,banana,fresh
1636722,1618,462.95,48.05,40.00,2.263,0.235,0.196,banana,fresh
1637733,1619,463.00,48.20,40.05,2.263,0.236,0.196,banana,fresh
1638745,1620,463.00,48.15,40.00,2.263,0.235,0.196,banana,fresh
1639755,1621,463.00,48.05,40.00,2.263,0.235,0.196,banana,fresh
1640766,1622,463.00,48.20,40.00,2.263,0.236,0.196,banana,fresh
1641778,1623,463.00,48.30,40.00,2.263,0.236,0.196,banana,fresh
1642788,1624,463.00,48.20,40.05,2.263,0.236,0.196,banana,fresh
1643799,1625,463.00,48.15,40.00,2.263,0.235,0.196,banana,fresh
1644811,1626,463.00,48.20,40.00,2.263,0.236,0.196,banana,fresh
1645821,1627,463.00,48.10,40.00,2.263,0.235,0.196,banana,fresh
1646832,1628,463.00,48.20,40.00,2.263,0.236,0.196,banana,fresh
1647844,1629,463.00,48.05,40.00,2.263,0.235,0.196,banana,fresh
1648855,1630,463.00,48.30,40.00,2.263,0.236,0.196,banana,fresh
1649865,1631,463.00,48.40,40.00,2.263,0.237,0.196,banana,fresh
1650877,1632,463.00,48.15,40.00,2.263,0.235,0.196,banana,fresh
1651888,1633,463.00,48.25,40.00,2.263,0.236,0.196,banana,fresh
1652898,1634,463.00,48.35,40.00,2.263,0.236,0.196,banana,fresh
1653910,1635,463.00,48.35,40.00,2.263,0.236,0.196,banana,fresh
1654921,1636,463.00,48.10,40.00,2.263,0.235,0.196,banana,fresh
1655931,1637,463.00,48.30,40.00,2.263,0.236,0.196,banana,fresh
1656943,1638,463.00,48.25,40.00,2.263,0.236,0.196,banana,fresh
1657954,1639,463.00,48.15,40.00,2.263,0.235,0.196,banana,fresh
1658964,1640,463.00,48.25,40.00,2.263,0.236,0.196,banana,fresh
1659976,1641,463.00,48.15,40.00,2.263,0.235,0.196,banana,fresh
1660987,1642,462.95,48.20,40.00,2.263,0.236,0.196,banana,fresh
1661998,1643,463.00,48.15,40.00,2.263,0.235,0.196,banana,fresh
1663009,1644,463.00,48.05,40.00,2.263,0.235,0.196,banana,fresh
1664020,1645,463.00,48.20,40.00,2.263,0.236,0.196,banana,fresh
1665031,1646,463.00,48.25,40.00,2.263,0.236,0.196,banana,fresh
1666042,1647,463.00,48.20,40.00,2.263,0.236,0.196,banana,fresh
1667053,1648,463.00,48.10,40.00,2.263,0.235,0.196,banana,fresh
1668064,1649,462.90,48.20,40.00,2.262,0.236,0.196,banana,fresh
1669075,1650,462.95,48.20,40.00,2.263,0.236,0.196,banana,fresh
1670086,1651,463.00,48.15,40.00,2.263,0.235,0.196,banana,fresh
1671097,1652,462.95,48.30,40.00,2.263,0.236,0.196,banana,fresh
1672109,1653,463.00,48.15,40.00,2.263,0.235,0.196,banana,fresh
1673119,1654,463.00,48.05,40.00,2.263,0.235,0.196,banana,fresh
1674130,1655,462.95,48.35,40.00,2.263,0.236,0.196,banana,fresh
1675142,1656,462.90,48.20,40.00,2.262,0.236,0.196,banana,fresh
1676152,1657,463.00,48.10,40.00,2.263,0.235,0.196,banana,fresh
1677163,1658,462.90,48.05,40.05,2.262,0.235,0.196,banana,fresh
1678175,1659,462.85,48.00,40.00,2.262,0.235,0.196,banana,fresh
1679185,1660,462.85,48.25,40.00,2.262,0.236,0.196,banana,fresh
1680196,1661,462.80,48.05,40.00,2.262,0.235,0.196,banana,fresh
1681208,1662,462.80,48.25,40.00,2.262,0.236,0.196,banana,fresh
1682219,1663,462.75,48.10,40.00,2.262,0.235,0.196,banana,fresh
1683229,1664,462.80,48.10,40.00,2.262,0.235,0.196,banana,fresh
1684241,1665,462.75,48.20,40.00,2.262,0.236,0.196,banana,fresh
1685252,1666,462.65,48.20,40.00,2.261,0.236,0.196,banana,fresh
1686262,1667,462.75,48.30,40.00,2.262,0.236,0.196,banana,fresh
1687274,1668,462.85,48.05,40.00,2.262,0.235,0.196,banana,fresh
1688285,1669,462.80,48.20,40.00,2.262,0.236,0.196,banana,fresh
1689295,1670,462.75,48.10,40.00,2.262,0.235,0.196,banana,fresh
1690307,1671,462.80,48.10,40.00,2.262,0.235,0.196,banana,fresh
1691318,1672,462.75,48.10,40.00,2.262,0.235,0.196,banana,fresh
1692328,1673,462.80,48.05,40.00,2.262,0.235,0.196,banana,fresh
1693340,1674,462.80,48.15,40.00,2.262,0.235,0.196,banana,fresh
1694351,1675,462.85,48.15,40.00,2.262,0.235,0.196,banana,fresh
1695362,1676,462.95,48.10,40.00,2.263,0.235,0.196,banana,fresh
1696373,1677,462.80,48.15,40.00,2.262,0.235,0.196,banana,fresh
1697384,1678,462.85,48.20,40.00,2.262,0.236,0.196,banana,fresh
1698395,1679,462.80,48.10,40.00,2.262,0.235,0.196,banana,fresh
1699406,1680,462.55,48.25,40.05,2.261,0.236,0.196,banana,fresh
1700417,1681,462.85,48.25,40.00,2.262,0.236,0.196,banana,fresh
1701428,1682,462.80,48.15,40.00,2.262,0.235,0.196,banana,fresh
1702439,1683,462.60,48.25,40.00,2.261,0.236,0.196,banana,fresh
1703450,1684,462.85,48.30,40.00,2.262,0.236,0.196,banana,fresh
1704461,1685,462.90,48.10,40.00,2.262,0.235,0.196,banana,fresh
1705473,1686,462.80,48.15,40.00,2.262,0.235,0.196,banana,fresh
1706483,1687,462.85,48.05,40.00,2.262,0.235,0.196,banana,fresh
1707495,1688,462.80,48.10,40.00,2.262,0.235,0.196,banana,fresh
1708506,1689,462.80,48.10,40.00,2.262,0.235,0.196,banana,fresh
1709516,1690,462.90,48.20,40.00,2.262,0.236,0.196,banana,fresh
1710528,1691,462.85,48.10,40.00,2.262,0.235,0.196,banana,fresh
1711539,1692,462.75,48.10,40.00,2.262,0.235,0.196,banana,fresh
1712549,1693,462.80,48.05,40.00,2.262,0.235,0.196,banana,fresh
1713561,1694,462.80,48.05,40.00,2.262,0.235,0.196,banana,fresh
1714572,1695,462.60,48.20,40.00,2.261,0.236,0.196,banana,fresh
1715582,1696,462.95,48.10,40.00,2.263,0.235,0.196,banana,fresh
1716594,1697,462.70,48.05,40.00,2.261,0.235,0.196,banana,fresh
1717605,1698,462.80,48.25,40.00,2.262,0.236,0.196,banana,fresh
1718616,1699,462.70,48.15,40.00,2.261,0.235,0.196,banana,fresh
1719627,1700,462.80,48.15,40.00,2.262,0.235,0.196,banana,fresh
1720638,1701,462.70,48.15,40.00,2.261,0.235,0.196,banana,fresh
1721649,1702,462.40,48.15,40.00,2.260,0.235,0.196,banana,fresh
1722660,1703,462.45,48.10,40.00,2.260,0.235,0.196,banana,fresh
1723671,1704,462.45,48.20,40.05,2.260,0.236,0.196,banana,fresh
1724682,1705,462.60,48.10,40.00,2.261,0.235,0.196,banana,fresh
1725693,1706,462.40,48.10,40.00,2.260,0.235,0.196,banana,fresh
1726704,1707,462.50,48.00,40.00,2.261,0.235,0.196,banana,fresh
1727715,1708,462.70,48.15,40.00,2.261,0.235,0.196,banana,fresh
1728727,1709,462.70,48.10,40.00,2.261,0.235,0.196,banana,fresh
1729737,1710,462.35,48.00,40.00,2.260,0.235,0.196,banana,fresh
1730748,1711,462.45,48.05,40.00,2.260,0.235,0.196,banana,fresh
1731760,1712,462.45,48.10,40.00,2.260,0.235,0.196,banana,fresh
1732770,1713,462.45,48.10,40.00,2.260,0.235,0.196,banana,fresh
1733781,1714,462.35,48.20,40.00,2.260,0.236,0.196,banana,fresh
1734793,1715,462.35,48.25,40.00,2.260,0.236,0.196,banana,fresh
1735803,1716,462.45,48.05,40.00,2.260,0.235,0.196,banana,fresh
1736814,1717,462.30,48.00,40.00,2.260,0.235,0.196,banana,fresh
1737826,1718,462.35,48.05,40.00,2.260,0.235,0.196,banana,fresh
1738836,1719,462.25,48.00,40.00,2.259,0.235,0.196,banana,fresh
1739847,1720,462.55,48.20,40.00,2.261,0.236,0.196,banana,fresh
1740859,1721,462.40,48.10,40.00,2.260,0.235,0.196,banana,fresh
1741870,1722,462.30,48.15,40.00,2.260,0.235,0.196,banana,fresh
1742880,1723,462.35,48.05,40.00,2.260,0.235,0.196,banana,fresh
1743892,1724,462.45,48.15,40.00,2.260,0.235,0.196,banana,fresh
1744903,1725,462.45,48.00,40.00,2.260,0.235,0.196,banana,fresh
1745913,1726,462.25,48.05,40.00,2.259,0.235,0.196,banana,fresh
1746925,1727,462.45,48.05,40.00,2.260,0.235,0.196,banana,fresh
1747936,1728,462.40,48.00,40.00,2.260,0.235,0.196,banana,fresh
1748946,1729,462.45,48.00,40.00,2.260,0.235,0.196,banana,fresh
1749958,1730,462.45,48.15,40.00,2.260,0.235,0.196,banana,fresh
1750969,1731,462.30,48.05,40.00,2.260,0.235,0.196,banana,fresh
1751980,1732,462.40,48.05,40.00,2.260,0.235,0.196,banana,fresh
1752991,1733,462.30,48.10,40.00,2.260,0.235,0.196,banana,fresh
1754002,1734,462.25,48.00,40.00,2.259,0.235,0.196,banana,fresh
1755013,1735,462.45,48.10,40.00,2.260,0.235,0.196,banana,fresh
1756024,1736,462.30,48.00,40.00,2.260,0.235,0.196,banana,fresh
1757035,1737,462.20,48.00,40.00,2.259,0.235,0.196,banana,fresh
1758046,1738,462.30,48.10,40.00,2.260,0.235,0.196,banana,fresh
1759057,1739,462.25,48.25,40.00,2.259,0.236,0.196,banana,fresh
1760068,1740,462.30,48.20,40.00,2.260,0.236,0.196,banana,fresh
1761079,1741,462.25,48.05,40.00,2.259,0.235,0.196,banana,fresh
1762091,1742,462.30,48.05,40.00,2.260,0.235,0.196,banana,fresh
1763101,1743,462.25,48.05,40.00,2.259,0.235,0.196,banana,fresh
1764112,1744,462.30,48.05,40.00,2.260,0.235,0.196,banana,fresh
1765124,1745,462.55,48.00,40.00,2.261,0.235,0.196,banana,fresh
1766134,1746,462.30,48.10,40.00,2.260,0.235,0.196,banana,fresh
1767145,1747,462.30,48.05,40.00,2.260,0.235,0.196,banana,fresh
1768157,1748,462.20,48.05,40.00,2.259,0.235,0.196,banana,fresh
1769167,1749,462.15,48.00,40.00,2.259,0.235,0.196,banana,fresh
1770178,1750,462.35,48.10,40.00,2.260,0.235,0.196,banana,fresh
1771190,1751,462.20,48.00,40.00,2.259,0.235,0.196,banana,fresh
1772200,1752,462.30,48.00,40.00,2.260,0.235,0.196,banana,fresh
1773211,1753,462.30,48.10,40.00,2.260,0.235,0.196,banana,fresh
1774223,1754,462.40,48.25,40.00,2.260,0.236,0.196,banana,fresh
1775234,1755,462.45,48.00,40.00,2.260,0.235,0.196,banana,fresh
1776244,1756,462.45,48.05,40.00,2.260,0.235,0.196,banana,fresh
1777256,1757,462.45,48.05,40.00,2.260,0.235,0.196,banana,fresh
1778267,1758,462.40,48.05,40.00,2.260,0.235,0.196,banana,fresh
1779277,1759,462.30,48.05,40.00,2.260,0.235,0.196,banana,fresh
1780289,1760,462.40,48.05,40.00,2.260,0.235,0.196,banana,fresh
1781300,1761,462.60,48.05,40.00,2.261,0.235,0.196,banana,fresh
1782310,1762,462.55,48.05,40.00,2.261,0.235,0.196,banana,fresh
1783322,1763,462.55,48.10,40.00,2.261,0.235,0.196,banana,fresh
1784333,1764,462.65,48.10,40.00,2.261,0.235,0.196,banana,fresh
1785344,1765,462.70,48.00,40.00,2.261,0.235,0.196,banana,fresh
1786355,1766,462.70,48.10,40.00,2.261,0.235,0.196,banana,fresh
1787366,1767,462.70,48.00,40.00,2.261,0.235,0.196,banana,fresh
1788377,1768,462.70,48.05,40.00,2.261,0.235,0.196,banana,fresh
1789388,1769,462.75,48.00,40.00,2.262,0.235,0.196,banana,fresh
1790399,1770,462.85,48.00,40.00,2.262,0.235,0.196,banana,fresh
1791410,1771,462.90,48.00,40.00,2.262,0.235,0.196,banana,fresh
1792421,1772,462.75,48.00,40.00,2.262,0.235,0.196,banana,fresh
1793432,1773,462.70,48.00,40.00,2.261,0.235,0.196,banana,fresh
1794443,1774,462.55,48.05,40.00,2.261,0.235,0.196,banana,fresh
1795454,1775,462.65,48.05,40.00,2.261,0.235,0.196,banana,fresh
1796465,1776,462.70,48.00,40.00,2.261,0.235,0.196,banana,fresh
1797476,1777,462.55,48.20,40.00,2.261,0.236,0.196,banana,fresh
1798488,1778,462.65,48.00,40.00,2.261,0.235,0.196,banana,fresh
1799498,1779,462.90,48.05,40.00,2.262,0.235,0.196,banana,fresh
1800509,1780,462.85,48.05,40.00,2.262,0.235,0.196,banana,fresh
1801521,1781,462.80,48.05,40.00,2.262,0.235,0.196,banana,fresh
1802531,1782,462.90,48.00,40.00,2.262,0.235,0.196,banana,fresh
1803542,1783,462.70,48.15,40.00,2.261,0.235,0.196,banana,fresh
1804554,1784,462.85,48.00,40.00,2.262,0.235,0.196,banana,fresh
1805564,1785,462.75,48.10,40.00,2.262,0.235,0.196,banana,fresh
1806575,1786,462.90,48.00,40.00,2.262,0.235,0.196,banana,fresh
1807587,1787,462.80,48.00,40.00,2.262,0.235,0.196,banana,fresh
1808598,1788,462.75,48.15,40.00,2.262,0.235,0.196,banana,fresh
1809608,1789,462.95,48.20,40.00,2.263,0.236,0.196,banana,fresh
1810620,1790,462.90,48.05,40.00,2.262,0.235,0.196,banana,fresh
1811631,1791,462.90,48.05,40.00,2.262,0.235,0.196,banana,fresh
1812641,1792,462.95,48.00,40.00,2.263,0.235,0.196,banana,fresh
1813653,1793,462.95,48.10,40.00,2.263,0.235,0.196,banana,fresh
1814664,1794,462.95,48.10,40.00,2.263,0.235,0.196,banana,fresh
1815674,1795,462.95,48.05,40.00,2.263,0.235,0.196,banana,fresh
1816686,1796,463.00,48.10,40.00,2.263,0.235,0.196,banana,fresh
1817697,1797,462.90,48.05,40.00,2.262,0.235,0.196,banana,fresh
1818707,1798,463.00,48.00,40.00,2.263,0.235,0.196,banana,fresh
1819719,1799,462.90,48.00,40.00,2.262,0.235,0.196,banana,fresh
1820730,1800,463.00,48.00,40.00,2.263,0.235,0.196,banana,fresh
1821741,1801,463.00,48.00,40.00,2.263,0.235,0.196,banana,fresh
1822752,1802,462.90,48.05,40.00,2.262,0.235,0.196,banana,fresh
1823763,1803,463.00,48.10,40.00,2.263,0.235,0.196,banana,fresh
1824774,1804,462.95,48.10,40.00,2.263,0.235,0.196,banana,fresh
1825785,1805,463.00,48.00,40.00,2.263,0.235,0.196,banana,fresh
1826796,1806,463.00,48.05,40.00,2.263,0.235,0.196,banana,fresh
1827807,1807,463.00,48.05,40.00,2.263,0.235,0.196,banana,fresh
1828818,1808,463.00,48.00,40.00,2.263,0.235,0.196,banana,fresh
1829829,1809,463.00,48.05,40.00,2.263,0.235,0.196,banana,fresh
1830840,1810,463.00,48.00,40.00,2.263,0.235,0.196,banana,fresh
1831852,1811,463.00,48.00,40.00,2.263,0.235,0.196,banana,fresh
1832862,1812,463.00,48.00,40.00,2.263,0.235,0.196,banana,fresh
1833873,1813,463.00,48.00,40.00,2.263,0.235,0.196,banana,fresh
1834884,1814,463.00,48.05,40.00,2.263,0.235,0.196,banana,fresh
1835895,1815,463.00,48.05,40.00,2.263,0.235,0.196,banana,fresh
1836906,1816,463.00,48.05,40.00,2.263,0.235,0.196,banana,fresh
1837917,1817,463.00,48.10,40.00,2.263,0.235,0.196,banana,fresh
1838928,1818,463.00,48.00,40.00,2.263,0.235,0.196,banana,fresh
1839939,1819,463.00,48.05,40.00,2.263,0.235,0.196,banana,fresh
1840950,1820,463.00,48.00,40.00,2.263,0.235,0.196,banana,fresh
1841961,1821,463.00,48.10,40.00,2.263,0.235,0.196,banana,fresh
1842972,1822,462.95,48.00,40.00,2.263,0.235,0.196,banana,fresh
1843983,1823,463.00,48.05,40.00,2.263,0.235,0.196,banana,fresh
1844995,1824,463.00,48.00,40.00,2.263,0.235,0.196,banana,fresh
1846005,1825,462.95,48.00,40.00,2.263,0.235,0.196,banana,fresh
1847016,1826,463.00,48.05,40.00,2.263,0.235,0.196,banana,fresh
1848028,1827,463.00,48.00,40.00,2.263,0.235,0.196,banana,fresh
1849038,1828,462.95,48.05,40.00,2.263,0.235,0.196,banana,fresh
1850049,1829,462.80,48.05,40.00,2.262,0.235,0.196,banana,fresh
1851061,1830,462.85,48.00,40.00,2.262,0.235,0.196,banana,fresh
1852071,1831,462.85,48.00,40.00,2.262,0.235,0.196,banana,fresh
1853082,1832,462.45,48.00,40.00,2.260,0.235,0.196,banana,fresh
1854094,1833,462.50,48.10,40.00,2.261,0.235,0.196,banana,fresh
1855105,1834,462.45,48.10,40.00,2.260,0.235,0.196,banana,fresh
1856115,1835,462.20,48.05,40.00,2.259,0.235,0.196,banana,fresh
1857127,1836,462.00,48.00,40.00,2.258,0.235,0.196,banana,fresh
1858138,1837,462.10,48.00,40.00,2.259,0.235,0.196,banana,fresh
1859148,1838,462.00,48.00,40.00,2.258,0.235,0.196,banana,fresh
1860160,1839,462.10,48.00,40.00,2.259,0.235,0.196,banana,fresh
1861171,1840,462.00,48.05,40.00,2.258,0.235,0.196,banana,fresh
1862181,1841,462.20,48.05,40.00,2.259,0.235,0.196,banana,fresh
1863193,1842,462.00,48.00,40.00,2.258,0.235,0.196,banana,fresh
1864204,1843,462.15,48.00,40.00,2.259,0.235,0.196,banana,fresh
1865214,1844,462.05,48.05,40.00,2.258,0.235,0.196,banana,fresh
1866226,1845,462.10,48.05,40.00,2.259,0.235,0.196,banana,fresh
1867237,1846,462.10,48.00,40.00,2.259,0.235,0.196,banana,fresh
1868248,1847,462.05,48.00,40.00,2.258,0.235,0.196,banana,fresh
1869259,1848,462.00,48.00,40.00,2.258,0.235,0.196,banana,fresh
1870270,1849,462.15,48.05,40.00,2.259,0.235,0.196,banana,fresh
1871281,1850,462.10,48.00,40.00,2.259,0.235,0.196,banana,fresh
1872292,1851,462.25,48.10,40.00,2.259,0.235,0.196,banana,fresh
1873303,1852,462.20,48.05,40.00,2.259,0.235,0.196,banana,fresh
1874314,1853,462.05,48.00,40.00,2.258,0.235,0.196,banana,fresh
1875325,1854,462.00,48.05,40.00,2.258,0.235,0.196,banana,fresh
1876336,1855,462.15,48.00,40.00,2.259,0.235,0.196,banana,fresh
1877347,1856,462.10,48.00,40.00,2.259,0.235,0.196,banana,fresh
1878359,1857,462.10,48.00,40.00,2.259,0.235,0.196,banana,fresh
1879369,1858,462.15,48.00,40.00,2.259,0.235,0.196,banana,fresh
1880380,1859,462.25,48.00,40.00,2.259,0.235,0.196,banana,fresh
1881392,1860,462.05,48.05,40.00,2.258,0.235,0.196,banana,fresh
1882402,1861,462.10,48.00,40.00,2.259,0.235,0.196,banana,fresh
1883413,1862,462.05,48.00,40.00,2.258,0.235,0.196,banana,fresh
1884425,1863,462.05,48.00,40.00,2.258,0.235,0.196,banana,fresh
1885435,1864,462.00,48.05,40.00,2.258,0.235,0.196,banana,fresh
1886446,1865,462.10,48.05,40.00,2.259,0.235,0.196,banana,fresh
1887458,1866,462.05,48.05,40.00,2.258,0.235,0.196,banana,fresh
1888468,1867,462.05,48.05,40.00,2.258,0.235,0.196,banana,fresh
1889479,1868,462.05,48.10,40.00,2.258,0.235,0.196,banana,fresh
1890491,1869,462.10,48.15,40.00,2.259,0.235,0.196,banana,fresh
1891502,1870,462.00,48.05,40.00,2.258,0.235,0.196,banana,fresh
1892512,1871,462.00,48.05,40.00,2.258,0.235,0.196,banana,fresh
1893524,1872,462.00,48.00,40.00,2.258,0.235,0.196,banana,fresh
1894535,1873,462.00,48.00,40.00,2.258,0.235,0.196,banana,fresh
1895545,1874,462.05,48.10,40.00,2.258,0.235,0.196,banana,fresh
1896557,1875,462.00,48.10,40.00,2.258,0.235,0.196,banana,fresh
1897568,1876,462.05,48.05,40.00,2.258,0.235,0.196,banana,fresh
1898578,1877,462.00,48.10,40.00,2.258,0.235,0.196,banana,fresh
1899590,1878,462.00,48.10,40.00,2.258,0.235,0.196,banana,fresh
1900601,1879,462.00,48.00,40.00,2.258,0.235,0.196,banana,fresh
1901612,1880,462.00,48.00,40.00,2.258,0.235,0.196,banana,fresh
1902623,1881,462.00,48.00,40.00,2.258,0.235,0.196,banana,fresh
1903634,1882,462.00,48.00,40.00,2.258,0.235,0.196,banana,fresh
1904645,1883,462.00,48.00,40.00,2.258,0.235,0.196,banana,fresh
1905656,1884,462.00,48.10,40.00,2.258,0.235,0.196,banana,fresh
1906667,1885,462.00,48.00,40.00,2.258,0.235,0.196,banana,fresh
1907678,1886,462.00,48.00,40.00,2.258,0.235,0.196,banana,fresh
1908688,1887,462.00,48.00,40.00,2.258,0.235,0.196,banana,fresh
1909700,1888,462.00,48.05,40.00,2.258,0.235,0.196,banana,fresh
1910711,1889,462.00,48.00,40.00,2.258,0.235,0.196,banana,fresh
1911721,1890,462.00,48.00,40.00,2.258,0.235,0.196,banana,fresh
1912733,1891,462.00,48.00,40.00,2.258,0.235,0.196,banana,fresh
1913744,1892,462.00,48.05,40.00,2.258,0.235,0.196,banana,fresh
1914755,1893,462.00,48.00,40.00,2.258,0.235,0.196,banana,fresh
1915766,1894,462.00,48.00,40.00,2.258,0.235,0.196,banana,fresh
1916777,1895,462.00,48.00,40.00,2.258,0.235,0.196,banana,fresh
1917788,1896,462.00,48.00,40.00,2.258,0.235,0.196,banana,fresh
1918799,1897,462.00,48.00,40.00,2.258,0.235,0.196,banana,fresh
1919810,1898,462.00,48.00,40.00,2.258,0.235,0.196,banana,fresh
1920821,1899,462.00,48.00,40.00,2.258,0.235,0.196,banana,fresh
1921831,1900,462.00,48.00,40.00,2.258,0.235,0.196,banana,fresh
1922843,1901,462.00,48.00,40.00,2.258,0.235,0.196,banana,fresh
1923854,1902,462.00,48.05,40.00,2.258,0.235,0.196,banana,fresh
1924865,1903,462.00,48.10,40.00,2.258,0.235,0.196,banana,fresh
1925876,1904,462.00,48.00,40.00,2.258,0.235,0.196,banana,fresh
1926887,1905,462.00,48.05,40.00,2.258,0.235,0.196,banana,fresh
1927898,1906,462.00,48.00,40.00,2.258,0.235,0.196,banana,fresh
1928909,1907,462.00,48.05,40.00,2.258,0.235,0.196,banana,fresh
1929920,1908,462.00,48.10,40.00,2.258,0.235,0.196,banana,fresh
1930931,1909,462.00,48.00,40.00,2.258,0.235,0.196,banana,fresh
1931942,1910,462.00,48.00,40.00,2.258,0.235,0.196,banana,fresh
1932953,1911,462.00,48.05,40.00,2.258,0.235,0.196,banana,fresh
1933964,1912,462.00,48.05,40.00,2.258,0.235,0.196,banana,fresh
1934976,1913,462.00,48.05,40.00,2.258,0.235,0.196,banana,fresh
1935986,1914,462.00,48.00,40.00,2.258,0.235,0.196,banana,fresh
1936997,1915,462.00,48.05,40.00,2.258,0.235,0.196,banana,fresh
1938009,1916,461.90,48.00,40.00,2.258,0.235,0.196,banana,fresh
1939019,1917,461.95,48.05,40.00,2.258,0.235,0.196,banana,fresh
1940030,1918,461.95,48.00,40.00,2.258,0.235,0.196,banana,fresh
1941042,1919,461.95,48.05,40.00,2.258,0.235,0.196,banana,fresh
1942052,1920,461.85,48.00,40.00,2.257,0.235,0.196,banana,fresh
1943063,1921,461.90,48.05,40.00,2.258,0.235,0.196,banana,fresh
1944075,1922,461.85,48.00,40.00,2.257,0.235,0.196,banana,fresh
1945085,1923,461.85,48.00,40.00,2.257,0.235,0.196,banana,fresh
1946096,1924,461.85,48.00,40.00,2.257,0.235,0.196,banana,fresh
1947108,1925,461.50,48.10,40.00,2.256,0.235,0.196,banana,fresh
1948119,1926,461.70,48.00,40.00,2.257,0.235,0.196,banana,fresh
1949129,1927,461.85,48.00,40.00,2.257,0.235,0.196,banana,fresh
1950141,1928,461.80,48.05,40.00,2.257,0.235,0.196,banana,fresh
1951152,1929,461.85,48.05,40.00,2.257,0.235,0.196,banana,fresh
1952162,1930,461.65,48.10,40.00,2.256,0.235,0.196,banana,fresh
1953174,1931,461.75,48.05,40.00,2.257,0.235,0.196,banana,fresh
1954185,1932,461.80,48.05,40.00,2.257,0.235,0.196,banana,fresh
1955195,1933,461.65,48.05,40.00,2.256,0.235,0.196,banana,fresh
1956207,1934,461.80,48.10,40.00,2.257,0.235,0.196,banana,fresh
1957218,1935,461.85,48.00,40.00,2.257,0.235,0.196,banana,fresh
1958228,1936,461.75,48.00,40.00,2.257,0.235,0.196,banana,fresh
1959240,1937,461.70,48.00,40.00,2.257,0.235,0.196,banana,fresh
1960251,1938,461.65,48.00,40.00,2.256,0.235,0.196,banana,fresh
1961262,1939,461.40,48.00,40.00,2.255,0.235,0.196,banana,fresh
1962273,1940,461.30,48.00,40.00,2.255,0.235,0.196,banana,fresh
1963284,1941,461.40,48.10,40.00,2.255,0.235,0.196,banana,fresh
1964295,1942,461.40,48.00,40.00,2.255,0.235,0.196,banana,fresh
1965306,1943,461.55,48.00,40.00,2.256,0.235,0.196,banana,fresh
1966317,1944,461.50,48.00,40.00,2.256,0.235,0.196,banana,fresh
1967328,1945,461.25,48.00,40.00,2.254,0.235,0.196,banana,fresh
1968339,1946,461.50,48.00,40.00,2.256,0.235,0.196,banana,fresh
1969350,1947,461.40,48.05,40.00,2.255,0.235,0.196,banana,fresh
1970361,1948,461.45,48.00,40.00,2.255,0.235,0.196,banana,fresh
1971373,1949,461.45,48.05,40.00,2.255,0.235,0.196,banana,fresh
1972383,1950,461.40,48.05,40.00,2.255,0.235,0.196,banana,fresh
1973394,1951,461.25,48.00,40.00,2.254,0.235,0.196,banana,fresh
1974406,1952,461.30,48.05,40.00,2.255,0.235,0.196,banana,fresh
1975416,1953,461.55,48.05,40.00,2.256,0.235,0.196,banana,fresh
1976427,1954,461.50,48.00,40.00,2.256,0.235,0.196,banana,fresh
1977439,1955,461.50,48.00,40.00,2.256,0.235,0.196,banana,fresh
1978449,1956,461.55,48.00,40.00,2.256,0.235,0.196,banana,fresh
1979460,1957,461.45,48.05,40.00,2.255,0.235,0.196,banana,fresh
1980472,1958,461.45,48.00,40.00,2.255,0.235,0.196,banana,fresh
1981483,1959,461.40,48.10,40.00,2.255,0.235,0.196,banana,fresh
1982493,1960,461.55,48.05,40.00,2.256,0.235,0.196,banana,fresh
1983505,1961,461.75,48.00,40.00,2.257,0.235,0.196,banana,fresh
1984516,1962,461.65,48.00,40.00,2.256,0.235,0.196,banana,fresh
1985526,1963,461.50,48.00,40.00,2.256,0.235,0.196,banana,fresh
1986538,1964,461.55,48.05,40.00,2.256,0.235,0.196,banana,fresh
1987549,1965,461.50,48.05,40.00,2.256,0.235,0.196,banana,fresh
1988559,1966,461.50,48.10,40.00,2.256,0.235,0.196,banana,fresh
1989571,1967,461.55,48.00,40.00,2.256,0.235,0.196,banana,fresh
1990582,1968,461.50,48.00,40.00,2.256,0.235,0.196,banana,fresh
1991592,1969,461.70,48.05,40.00,2.257,0.235,0.196,banana,fresh
1992604,1970,461.60,48.05,40.00,2.256,0.235,0.196,banana,fresh
1993615,1971,461.75,48.00,40.00,2.257,0.235,0.196,banana,fresh
1994626,1972,461.80,48.05,40.00,2.257,0.235,0.196,banana,fresh
1995637,1973,461.75,48.05,40.00,2.257,0.235,0.196,banana,fresh
1996648,1974,461.60,48.00,40.00,2.256,0.235,0.196,banana,fresh
1997659,1975,461.65,48.00,40.00,2.256,0.235,0.196,banana,fresh
1998670,1976,461.65,48.15,40.00,2.256,0.235,0.196,banana,fresh
1999681,1977,461.65,48.00,40.00,2.256,0.235,0.196,banana,fresh
2000692,1978,461.85,48.05,40.00,2.257,0.235,0.196,banana,fresh
2001703,1979,461.75,48.00,40.00,2.257,0.235,0.196,banana,fresh
2002714,1980,461.80,48.05,40.00,2.257,0.235,0.196,banana,fresh
2003725,1981,461.95,48.00,40.00,2.258,0.235,0.196,banana,fresh
2004737,1982,461.85,48.00,40.00,2.257,0.235,0.196,banana,fresh
2005747,1983,461.80,48.00,40.00,2.257,0.235,0.196,banana,fresh
2006758,1984,461.85,48.05,40.00,2.257,0.235,0.196,banana,fresh
2007770,1985,461.90,48.00,40.00,2.258,0.235,0.196,banana,fresh
2008780,1986,461.95,48.00,40.00,2.258,0.235,0.196,banana,fresh
2009791,1987,462.00,48.10,40.00,2.258,0.235,0.196,banana,fresh
2010803,1988,462.00,48.10,40.00,2.258,0.235,0.196,banana,fresh
2011813,1989,462.00,48.00,40.00,2.258,0.235,0.196,banana,fresh
2012824,1990,461.95,48.10,40.00,2.258,0.235,0.196,banana,fresh
2013836,1991,462.00,48.00,40.00,2.258,0.235,0.196,banana,fresh
2014846,1992,462.00,48.00,40.00,2.258,0.235,0.196,banana,fresh
2015857,1993,462.00,48.00,40.00,2.258,0.235,0.196,banana,fresh
2016869,1994,462.00,48.00,40.00,2.258,0.235,0.196,banana,fresh
2017880,1995,462.00,48.10,40.00,2.258,0.235,0.196,banana,fresh
2018890,1996,462.00,48.00,40.00,2.258,0.235,0.196,banana,fresh
2019902,1997,462.00,48.00,40.00,2.258,0.235,0.196,banana,fresh
2020913,1998,462.00,48.00,40.00,2.258,0.235,0.196,banana,fresh
2021923,1999,462.00,48.00,40.00,2.258,0.235,0.196,banana,fresh
2022935,2000,462.00,48.00,40.00,2.258,0.235,0.196,banana,fresh
2023946,2001,462.00,48.00,40.00,2.258,0.235,0.196,banana,fresh
2024956,2002,462.00,48.00,40.00,2.258,0.235,0.196,banana,fresh
2025968,2003,462.00,48.05,40.00,2.258,0.235,0.196,banana,fresh
2026979,2004,462.00,48.00,40.00,2.258,0.235,0.196,banana,fresh
2027990,2005,462.00,48.00,40.00,2.258,0.235,0.196,banana,fresh
2029001,2006,462.00,48.00,40.00,2.258,0.235,0.196,banana,fresh
2030012,2007,462.00,48.00,40.00,2.258,0.235,0.196,banana,fresh
2031023,2008,462.00,48.00,40.00,2.258,0.235,0.196,banana,fresh
2032033,2009,462.00,48.00,40.00,2.258,0.235,0.196,banana,fresh
2033045,2010,462.00,48.00,40.00,2.258,0.235,0.196,banana,fresh
2034056,2011,462.00,48.00,40.00,2.258,0.235,0.196,banana,fresh
2035066,2012,462.00,48.00,40.00,2.258,0.235,0.196,banana,fresh
2036078,2013,462.00,48.00,40.00,2.258,0.235,0.196,banana,fresh
2037089,2014,462.00,48.00,40.00,2.258,0.235,0.196,banana,fresh
2038099,2015,462.00,48.00,40.00,2.258,0.235,0.196,banana,fresh
2039111,2016,462.00,48.00,40.00,2.258,0.235,0.196,banana,fresh
2040122,2017,462.00,48.05,40.00,2.258,0.235,0.196,banana,fresh
2041133,2018,462.00,48.00,40.00,2.258,0.235,0.196,banana,fresh
2042144,2019,462.00,48.00,40.00,2.258,0.235,0.196,banana,fresh
2043155,2020,462.00,48.00,40.00,2.258,0.235,0.196,banana,fresh
2044166,2021,462.00,48.00,40.00,2.258,0.235,0.196,banana,fresh
2045177,2022,462.00,48.00,40.00,2.258,0.235,0.196,banana,fresh
2046188,2023,462.00,48.00,40.00,2.258,0.235,0.196,banana,fresh
2047199,2024,462.00,48.00,40.00,2.258,0.235,0.196,banana,fresh
2048210,2025,462.05,48.00,40.00,2.258,0.235,0.196,banana,fresh
2049221,2026,462.00,48.05,40.00,2.258,0.235,0.196,banana,fresh
2050232,2027,462.00,48.00,40.00,2.258,0.235,0.196,banana,fresh
2051243,2028,462.00,48.00,40.00,2.258,0.235,0.196,banana,fresh
2052254,2029,462.00,48.00,40.00,2.258,0.235,0.196,banana,fresh
2053265,2030,462.05,48.00,40.00,2.258,0.235,0.196,banana,fresh
2054276,2031,462.00,48.00,40.00,2.258,0.235,0.196,banana,fresh
2055287,2032,462.00,48.00,40.00,2.258,0.235,0.196,banana,fresh
2056298,2033,462.00,48.00,40.00,2.258,0.235,0.196,banana,fresh
2057309,2034,462.05,48.00,40.00,2.258,0.235,0.196,banana,fresh
2058320,2035,462.05,48.00,40.00,2.258,0.235,0.196,banana,fresh
2059331,2036,462.10,48.00,40.00,2.259,0.235,0.196,banana,fresh
2060342,2037,462.00,48.00,40.00,2.258,0.235,0.196,banana,fresh
2061353,2038,462.00,48.00,40.00,2.258,0.235,0.196,banana,fresh
2062364,2039,462.10,48.00,40.00,2.259,0.235,0.196,banana,fresh
2063375,2040,462.05,48.00,40.00,2.258,0.235,0.196,banana,fresh
2064387,2041,462.05,48.00,40.00,2.258,0.235,0.196,banana,fresh
2065397,2042,462.05,48.00,40.00,2.258,0.235,0.196,banana,fresh
2066408,2043,462.15,48.00,40.00,2.259,0.235,0.196,banana,fresh
2067420,2044,462.15,48.00,40.00,2.259,0.235,0.196,banana,fresh
2068430,2045,462.00,48.00,40.00,2.258,0.235,0.196,banana,fresh
2069441,2046,462.10,48.00,40.00,2.259,0.235,0.196,banana,fresh
2070453,2047,462.05,48.00,40.00,2.258,0.235,0.196,banana,fresh
2071463,2048,462.15,48.00,40.00,2.259,0.235,0.196,banana,fresh
2072474,2049,462.25,48.05,40.00,2.259,0.235,0.196,banana,fresh
2073486,2050,462.10,48.00,40.00,2.259,0.235,0.196,banana,fresh
2074497,2051,462.10,48.00,40.00,2.259,0.235,0.196,banana,fresh
2075507,2052,462.20,48.00,40.00,2.259,0.235,0.196,banana,fresh
2076519,2053,462.30,48.00,40.00,2.260,0.235,0.196,banana,fresh
2077530,2054,462.20,48.00,40.00,2.259,0.235,0.196,banana,fresh
2078540,2055,462.45,48.00,40.00,2.260,0.235,0.196,banana,fresh
2079552,2056,462.35,48.00,40.00,2.260,0.235,0.196,banana,fresh
2080563,2057,462.35,48.00,40.00,2.260,0.235,0.196,banana,fresh
2081573,2058,462.45,48.00,40.00,2.260,0.235,0.196,banana,fresh
2082585,2059,462.50,48.00,40.00,2.261,0.235,0.196,banana,fresh
2083596,2060,462.55,48.00,40.00,2.261,0.235,0.196,banana,fresh
2084606,2061,462.55,48.00,40.00,2.261,0.235,0.196,banana,fresh
2085618,2062,462.50,48.00,40.00,2.261,0.235,0.196,banana,fresh
2086629,2063,462.60,48.00,40.00,2.261,0.235,0.196,banana,fresh
2087640,2064,462.55,48.00,40.00,2.261,0.235,0.196,banana,fresh
2088651,2065,462.65,48.00,40.00,2.261,0.235,0.196,banana,fresh
2089662,2066,462.85,48.00,40.00,2.262,0.235,0.196,banana,fresh
2090673,2067,462.85,48.00,40.00,2.262,0.235,0.196,banana,fresh
2091684,2068,462.60,48.00,40.00,2.261,0.235,0.196,banana,fresh
2092695,2069,462.75,48.00,40.00,2.262,0.235,0.196,banana,fresh
2093706,2070,462.80,48.00,40.00,2.262,0.235,0.196,banana,fresh
2094717,2071,462.90,48.00,40.00,2.262,0.235,0.196,banana,fresh
2095728,2072,462.80,48.00,40.00,2.262,0.235,0.196,banana,fresh
2096739,2073,462.85,48.00,40.00,2.262,0.235,0.196,banana,fresh
2097751,2074,462.95,48.00,40.00,2.263,0.235,0.196,banana,fresh
2098761,2075,462.75,48.00,40.00,2.262,0.235,0.196,banana,fresh
2099772,2076,462.90,48.00,40.00,2.262,0.235,0.196,banana,fresh
2100784,2077,462.90,48.00,40.00,2.262,0.235,0.196,banana,fresh
2101794,2078,462.90,48.00,40.00,2.262,0.235,0.196,banana,fresh
2102805,2079,462.85,48.00,40.00,2.262,0.235,0.196,banana,fresh
2103817,2080,462.75,48.00,40.00,2.262,0.235,0.196,banana,fresh
2104827,2081,462.90,48.00,40.00,2.262,0.235,0.196,banana,fresh
2105838,2082,462.85,48.00,40.00,2.262,0.235,0.196,banana,fresh
2106850,2083,462.90,48.00,40.00,2.262,0.235,0.196,banana,fresh
2107860,2084,462.90,48.00,40.00,2.262,0.235,0.196,banana,fresh
2108871,2085,462.90,48.00,40.00,2.262,0.235,0.196,banana,fresh
2109883,2086,462.95,48.00,40.00,2.263,0.235,0.196,banana,fresh
2110894,2087,462.95,48.00,40.00,2.263,0.235,0.196,banana,fresh
2111904,2088,463.00,48.00,40.00,2.263,0.235,0.196,banana,fresh
2112916,2089,463.00,48.00,40.00,2.263,0.235,0.196,banana,fresh
2113927,2090,463.00,48.00,40.00,2.263,0.235,0.196,banana,fresh
2114937,2091,463.00,48.00,40.00,2.263,0.235,0.196,banana,fresh
2115948,2092,463.00,48.05,40.00,2.263,0.235,0.196,banana,fresh
2116960,2093,463.00,48.00,40.00,2.263,0.235,0.196,banana,fresh
2117970,2094,463.00,48.00,40.00,2.263,0.235,0.196,banana,fresh
2118981,2095,463.00,48.00,40.00,2.263,0.235,0.196,banana,fresh
2119993,2096,463.00,48.00,40.00,2.263,0.235,0.196,banana,fresh
2121004,2097,462.95,48.00,40.00,2.263,0.235,0.196,banana,fresh
2122014,2098,463.00,48.00,40.00,2.263,0.235,0.196,banana,fresh
2123026,2099,463.00,48.00,40.00,2.263,0.235,0.196,banana,fresh
2124037,2100,463.00,48.00,40.00,2.263,0.235,0.196,banana,fresh
2125047,2101,463.00,48.00,40.00,2.263,0.235,0.196,banana,fresh
2126059,2102,462.95,48.00,40.00,2.263,0.235,0.196,banana,fresh
2127070,2103,463.00,48.00,40.00,2.263,0.235,0.196,banana,fresh
2128080,2104,463.00,48.00,40.00,2.263,0.235,0.196,banana,fresh
2129092,2105,463.00,48.00,40.00,2.263,0.235,0.196,banana,fresh
2130103,2106,463.00,48.00,40.00,2.263,0.235,0.196,banana,fresh
2131113,2107,463.00,48.00,40.00,2.263,0.235,0.196,banana,fresh
2132124,2108,463.00,48.00,40.00,2.263,0.235,0.196,banana,fresh
2133136,2109,463.00,48.00,40.00,2.263,0.235,0.196,banana,fresh
2134147,2110,463.00,48.00,40.00,2.263,0.235,0.196,banana,fresh
2135157,2111,463.00,48.00,40.00,2.263,0.235,0.196,banana,fresh
2136169,2112,463.00,48.00,40.00,2.263,0.235,0.196,banana,fresh
2137180,2113,463.00,48.00,40.00,2.263,0.235,0.196,banana,fresh
2138190,2114,463.00,48.00,40.00,2.263,0.235,0.196,banana,fresh
2139202,2115,463.00,48.00,40.00,2.263,0.235,0.196,banana,fresh
2140213,2116,463.00,48.00,40.00,2.263,0.235,0.196,banana,fresh
2141223,2117,463.00,48.00,40.00,2.263,0.235,0.196,banana,fresh
2142235,2118,463.00,48.00,40.00,2.263,0.235,0.196,banana,fresh
2143246,2119,463.00,48.00,40.00,2.263,0.235,0.196,banana,fresh
2144257,2120,463.00,48.00,40.00,2.263,0.235,0.196,banana,fresh
2145268,2121,463.00,48.00,40.00,2.263,0.235,0.196,banana,fresh
2146279,2122,463.00,48.00,40.00,2.263,0.235,0.196,banana,fresh
2147290,2123,463.00,48.00,40.00,2.263,0.235,0.196,banana,fresh
2148301,2124,463.00,48.00,40.00,2.263,0.235,0.196,banana,fresh
2149312,2125,463.00,48.00,40.00,2.263,0.235,0.196,banana,fresh
2150323,2126,463.00,48.00,40.00,2.263,0.235,0.196,banana,fresh
2151333,2127,463.00,48.00,40.00,2.263,0.235,0.196,banana,fresh
2152345,2128,463.00,48.00,40.00,2.263,0.235,0.196,banana,fresh
2153356,2129,462.95,48.00,40.00,2.263,0.235,0.196,banana,fresh
2154366,2130,462.95,48.00,40.00,2.263,0.235,0.196,banana,fresh
2155378,2131,463.00,48.00,40.00,2.263,0.235,0.196,banana,fresh
2156389,2132,463.00,48.00,40.00,2.263,0.235,0.196,banana,fresh
2157400,2133,463.00,48.00,40.00,2.263,0.235,0.196,banana,fresh
2158411,2134,463.00,48.00,40.00,2.263,0.235,0.196,banana,fresh
2159422,2135,463.00,48.00,40.00,2.263,0.235,0.196,banana,fresh
2160433,2136,463.00,48.00,40.00,2.263,0.235,0.196,banana,fresh
2161444,2137,463.00,48.00,40.00,2.263,0.235,0.196,banana,fresh
2162455,2138,463.00,48.00,40.00,2.263,0.235,0.196,banana,fresh
2163466,2139,463.00,48.00,40.00,2.263,0.235,0.196,banana,fresh
2164477,2140,463.00,48.00,40.00,2.263,0.235,0.196,banana,fresh
2165488,2141,463.00,48.00,40.00,2.263,0.235,0.196,banana,fresh
2166499,2142,463.00,48.00,40.00,2.263,0.235,0.196,banana,fresh
2167511,2143,463.00,48.00,40.00,2.263,0.235,0.196,banana,fresh
2168521,2144,463.00,48.00,40.00,2.263,0.235,0.196,banana,fresh
2169532,2145,462.95,48.00,40.00,2.263,0.235,0.196,banana,fresh
2170544,2146,463.00,48.00,40.00,2.263,0.235,0.196,banana,fresh
2171554,2147,463.00,48.00,40.00,2.263,0.235,0.196,banana,fresh
2172565,2148,463.00,48.00,40.00,2.263,0.235,0.196,banana,fresh
2173576,2149,463.00,48.00,40.00,2.263,0.235,0.196,banana,fresh
2174587,2150,462.90,48.00,40.00,2.262,0.235,0.196,banana,fresh
2175598,2151,462.90,48.00,40.00,2.262,0.235,0.196,banana,fresh
2176609,2152,462.95,48.00,40.00,2.263,0.235,0.196,banana,fresh
2177620,2153,462.90,48.00,40.00,2.262,0.235,0.196,banana,fresh
2178631,2154,462.90,48.00,40.00,2.262,0.235,0.196,banana,fresh
2179642,2155,462.95,48.00,40.00,2.263,0.235,0.196,banana,fresh
2180654,2156,462.95,48.00,40.00,2.263,0.235,0.196,banana,fresh
2181664,2157,462.90,48.00,40.00,2.262,0.235,0.196,banana,fresh
2182675,2158,462.75,48.00,40.00,2.262,0.235,0.196,banana,fresh
2183687,2159,462.80,48.00,40.00,2.262,0.235,0.196,banana,fresh
2184697,2160,462.75,48.00,40.00,2.262,0.235,0.196,banana,fresh
2185708,2161,462.75,48.00,40.00,2.262,0.235,0.196,banana,fresh
2186720,2162,462.80,48.00,40.00,2.262,0.235,0.196,banana,fresh
2187730,2163,462.85,48.00,40.00,2.262,0.235,0.196,banana,fresh
2188741,2164,462.90,48.00,40.00,2.262,0.235,0.196,banana,fresh
2189753,2165,462.70,48.00,40.00,2.261,0.235,0.196,banana,fresh
2190764,2166,462.90,48.00,40.00,2.262,0.235,0.196,banana,fresh
2191774,2167,462.55,48.00,40.00,2.261,0.235,0.196,banana,fresh
2192786,2168,462.90,48.00,40.00,2.262,0.235,0.196,banana,fresh
2193797,2169,462.65,48.00,40.00,2.261,0.235,0.196,banana,fresh
2194807,2170,462.60,48.00,40.00,2.261,0.235,0.196,banana,fresh
2195819,2171,462.60,48.00,40.00,2.261,0.235,0.196,banana,fresh
2196830,2172,462.75,48.00,40.00,2.262,0.235,0.196,banana,fresh
2197840,2173,462.65,48.00,40.00,2.261,0.235,0.196,banana,fresh
2198852,2174,462.65,48.00,40.00,2.261,0.235,0.196,banana,fresh
2199863,2175,462.70,48.00,40.00,2.261,0.235,0.196,banana,fresh
2200873,2176,462.70,48.00,40.00,2.261,0.235,0.196,banana,fresh
2201885,2177,462.50,48.00,40.00,2.261,0.235,0.196,banana,fresh
2202896,2178,462.65,48.00,40.00,2.261,0.235,0.196,banana,fresh
2203907,2179,462.45,48.00,40.00,2.260,0.235,0.196,banana,fresh
2204918,2180,462.50,48.00,40.00,2.261,0.235,0.196,banana,fresh
2205929,2181,462.35,48.00,40.00,2.260,0.235,0.196,banana,fresh
2206940,2182,462.50,48.00,40.00,2.261,0.235,0.196,banana,fresh
2207951,2183,462.45,48.00,40.00,2.260,0.235,0.196,banana,fresh
2208962,2184,462.65,48.00,40.00,2.261,0.235,0.196,banana,fresh
2209973,2185,462.45,48.00,40.00,2.260,0.235,0.196,banana,fresh
2210984,2186,462.50,48.00,40.00,2.261,0.235,0.196,banana,fresh
2211995,2187,462.30,48.00,40.00,2.260,0.235,0.196,banana,fresh
2213006,2188,462.50,48.00,40.00,2.261,0.235,0.196,banana,fresh
2214018,2189,462.30,48.00,40.00,2.260,0.235,0.196,banana,fresh
2215028,2190,462.40,48.00,40.00,2.260,0.235,0.196,banana,fresh
2216039,2191,462.50,48.00,40.00,2.261,0.235,0.196,banana,fresh
2217051,2192,462.45,48.00,40.00,2.260,0.235,0.196,banana,fresh
2218061,2193,462.15,48.00,39.95,2.259,0.235,0.195,banana,fresh
2219072,2194,462.30,48.00,40.00,2.260,0.235,0.196,banana,fresh
2220084,2195,462.40,48.00,40.00,2.260,0.235,0.196,banana,fresh
2221094,2196,462.35,48.00,40.00,2.260,0.235,0.196,banana,fresh
2222105,2197,462.45,48.00,40.00,2.260,0.235,0.196,banana,fresh
2223117,2198,462.30,48.00,40.00,2.260,0.235,0.196,banana,fresh
2224128,2199,462.30,48.00,40.00,2.260,0.235,0.196,banana,fresh
2225138,2200,462.25,48.00,40.00,2.259,0.235,0.196,banana,fresh
2226150,2201,462.40,48.00,40.00,2.260,0.235,0.196,banana,fresh
2227161,2202,462.25,48.00,40.00,2.259,0.235,0.196,banana,fresh
2228171,2203,462.25,48.00,40.00,2.259,0.235,0.196,banana,fresh
2229183,2204,462.45,48.00,40.00,2.260,0.235,0.196,banana,fresh
2230194,2205,462.45,48.00,40.00,2.260,0.235,0.196,banana,fresh
2231204,2206,462.55,48.00,40.00,2.261,0.235,0.196,banana,fresh
2232216,2207,462.10,48.00,40.00,2.259,0.235,0.196,banana,fresh
2233227,2208,462.35,48.00,40.00,2.260,0.235,0.196,banana,fresh
2234237,2209,462.30,48.00,40.00,2.260,0.235,0.196,banana,fresh
2235249,2210,462.40,48.00,40.00,2.260,0.235,0.196,banana,fresh
2236260,2211,462.20,48.00,40.00,2.259,0.235,0.196,banana,fresh
2237271,2212,462.30,48.00,40.00,2.260,0.235,0.196,banana,fresh
2238282,2213,462.55,48.00,40.00,2.261,0.235,0.196,banana,fresh
2239293,2214,462.30,48.00,40.00,2.260,0.235,0.196,banana,fresh
2240304,2215,462.20,48.00,40.00,2.259,0.235,0.196,banana,fresh
2241315,2216,462.35,48.00,40.00,2.260,0.235,0.196,banana,fresh
2242326,2217,462.20,48.00,40.00,2.259,0.235,0.196,banana,fresh
2243337,2218,462.35,48.00,40.00,2.260,0.235,0.196,banana,fresh
2244348,2219,462.30,48.00,40.00,2.260,0.235,0.196,banana,fresh
2245359,2220,462.30,48.00,40.00,2.260,0.235,0.196,banana,fresh
2246370,2221,462.25,48.00,40.00,2.259,0.235,0.196,banana,fresh
2247382,2222,462.40,48.00,40.00,2.260,0.235,0.196,banana,fresh
2248392,2223,462.30,48.00,40.00,2.260,0.235,0.196,banana,fresh
2249403,2224,462.45,48.00,40.00,2.260,0.235,0.196,banana,fresh
2250415,2225,462.20,48.00,40.00,2.259,0.235,0.196,banana,fresh
2251425,2226,462.35,48.00,40.00,2.260,0.235,0.196,banana,fresh
2252436,2227,462.30,48.00,40.00,2.260,0.235,0.196,banana,fresh
2253448,2228,462.40,48.00,40.00,2.260,0.235,0.196,banana,fresh
2254458,2229,462.05,48.00,40.00,2.258,0.235,0.196,banana,fresh
2255469,2230,462.10,48.00,40.00,2.259,0.235,0.196,banana,fresh
2256481,2231,462.05,48.00,40.00,2.258,0.235,0.196,banana,fresh
2257491,2232,462.35,48.00,40.00,2.260,0.235,0.196,banana,fresh
2258502,2233,462.20,48.00,40.00,2.259,0.235,0.196,banana,fresh
2259514,2234,462.15,48.00,40.00,2.259,0.235,0.196,banana,fresh
2260525,2235,462.05,48.00,40.00,2.258,0.235,0.196,banana,fresh
2261535,2236,462.20,48.00,40.00,2.259,0.235,0.196,banana,fresh
2262547,2237,462.10,48.00,40.00,2.259,0.235,0.196,banana,fresh
2263558,2238,462.20,48.00,40.00,2.259,0.235,0.196,banana,fresh
2264568,2239,462.00,48.00,40.00,2.258,0.235,0.196,banana,fresh
2265580,2240,462.05,48.00,40.00,2.258,0.235,0.196,banana,fresh
2266591,2241,462.05,48.00,40.00,2.258,0.235,0.196,banana,fresh
2267601,2242,462.05,48.00,40.00,2.258,0.235,0.196,banana,fresh
2268613,2243,462.00,48.00,40.00,2.258,0.235,0.196,banana,fresh
2269624,2244,462.05,48.00,40.00,2.258,0.235,0.196,banana,fresh
2270635,2245,462.05,48.00,40.00,2.258,0.235,0.196,banana,fresh
2271645,2246,462.10,48.00,40.00,2.259,0.235,0.196,banana,fresh
2272657,2247,462.10,48.00,40.00,2.259,0.235,0.196,banana,fresh
2273668,2248,462.10,48.00,40.00,2.259,0.235,0.196,banana,fresh
2274678,2249,462.05,48.00,40.00,2.258,0.235,0.196,banana,fresh
2275690,2250,462.05,48.00,40.00,2.258,0.235,0.196,banana,fresh
2276701,2251,462.00,48.00,40.00,2.258,0.235,0.196,banana,fresh
2277711,2252,462.05,48.00,40.00,2.258,0.235,0.196,banana,fresh
2278723,2253,462.05,48.00,40.00,2.258,0.235,0.196,banana,fresh
2279734,2254,462.15,48.00,40.00,2.259,0.235,0.196,banana,fresh
2280744,2255,462.15,48.00,40.00,2.259,0.235,0.196,banana,fresh
2281756,2256,462.05,48.00,40.00,2.258,0.235,0.196,banana,fresh
2282767,2257,462.15,48.00,40.00,2.259,0.235,0.196,banana,fresh
2283778,2258,462.10,48.00,40.00,2.259,0.235,0.196,banana,fresh
2284789,2259,462.10,48.00,40.00,2.259,0.235,0.196,banana,fresh
2285800,2260,462.05,48.00,40.00,2.258,0.235,0.196,banana,fresh
2286811,2261,462.10,48.00,40.00,2.259,0.235,0.196,banana,fresh
2287822,2262,462.20,48.00,40.00,2.259,0.235,0.196,banana,fresh
2288833,2263,462.20,48.00,40.00,2.259,0.235,0.196,banana,fresh
2289844,2264,462.15,48.00,40.00,2.259,0.235,0.196,banana,fresh
2290855,2265,462.15,48.00,40.00,2.259,0.235,0.196,banana,fresh
2291866,2266,462.05,48.00,40.00,2.258,0.235,0.196,banana,fresh
2292877,2267,462.20,48.00,40.00,2.259,0.235,0.196,banana,fresh
2293889,2268,462.15,47.95,40.00,2.259,0.234,0.196,banana,fresh
2294899,2269,462.05,48.00,40.00,2.258,0.235,0.196,banana,fresh
2295910,2270,462.05,48.00,40.00,2.258,0.235,0.196,banana,fresh
2296922,2271,462.05,48.00,40.00,2.258,0.235,0.196,banana,fresh
2297932,2272,462.15,48.00,40.00,2.259,0.235,0.196,banana,fresh
2298943,2273,462.10,48.00,40.00,2.259,0.235,0.196,banana,fresh
2299955,2274,462.10,48.00,40.00,2.259,0.235,0.196,banana,fresh
2300965,2275,462.00,48.00,39.95,2.258,0.235,0.195,banana,fresh
2301976,2276,462.10,48.00,40.00,2.259,0.235,0.196,banana,fresh
2302988,2277,462.00,48.00,40.00,2.258,0.235,0.196,banana,fresh
2303998,2278,462.10,48.00,40.00,2.259,0.235,0.196,banana,fresh
2305009,2279,462.00,48.00,40.00,2.258,0.235,0.196,banana,fresh
2306021,2280,462.00,48.00,40.00,2.258,0.235,0.196,banana,fresh
2307032,2281,462.00,48.00,40.00,2.258,0.235,0.196,banana,fresh
2308042,2282,462.05,48.00,40.00,2.258,0.235,0.196,banana,fresh
2309054,2283,462.10,48.00,40.00,2.259,0.235,0.196,banana,fresh
2310065,2284,462.00,48.00,40.00,2.258,0.235,0.196,banana,fresh
2311075,2285,462.00,48.00,40.00,2.258,0.235,0.196,banana,fresh
2312087,2286,462.10,48.00,39.95,2.259,0.235,0.195,banana,fresh
2313098,2287,462.05,48.00,40.00,2.258,0.235,0.196,banana,fresh
2314108,2288,462.15,48.00,40.00,2.259,0.235,0.196,banana,fresh
2315120,2289,462.00,48.00,40.00,2.258,0.235,0.196,banana,fresh
2316131,2290,462.10,48.00,40.00,2.259,0.235,0.196,banana,fresh
2317142,2291,462.00,48.00,40.00,2.258,0.235,0.196,banana,fresh
2318153,2292,462.00,48.00,40.00,2.258,0.235,0.196,banana,fresh
2319164,2293,462.00,48.00,40.00,2.258,0.235,0.196,banana,fresh
2320175,2294,462.00,48.00,40.00,2.258,0.235,0.196,banana,fresh
2321186,2295,462.00,48.00,40.00,2.258,0.235,0.196,banana,fresh
2322197,2296,462.00,48.00,40.00,2.258,0.235,0.196,banana,fresh
2323208,2297,462.05,48.00,39.95,2.258,0.235,0.195,banana,fresh
2324218,2298,462.00,48.00,40.00,2.258,0.235,0.196,banana,fresh
2325230,2299,462.00,48.00,40.00,2.258,0.235,0.196,banana,fresh
2326241,2300,462.00,48.00,40.00,2.258,0.235,0.196,banana,fresh
2327251,2301,462.05,48.00,40.00,2.258,0.235,0.196,banana,fresh
2328263,2302,462.05,48.00,40.00,2.258,0.235,0.196,banana,fresh
2329274,2303,462.00,48.00,40.00,2.258,0.235,0.196,banana,fresh
2330285,2304,462.00,48.00,40.00,2.258,0.235,0.196,banana,fresh
2331296,2305,462.00,48.00,40.00,2.258,0.235,0.196,banana,fresh
2332307,2306,462.00,48.00,40.00,2.258,0.235,0.196,banana,fresh
2333318,2307,462.00,48.00,40.00,2.258,0.235,0.196,banana,fresh
2334329,2308,462.00,48.00,40.00,2.258,0.235,0.196,banana,fresh
2335340,2309,462.00,48.00,40.00,2.258,0.235,0.196,banana,fresh
2336351,2310,462.00,48.00,40.00,2.258,0.235,0.196,banana,fresh
2337362,2311,462.00,48.00,40.00,2.258,0.235,0.196,banana,fresh
2338373,2312,462.05,48.00,40.00,2.258,0.235,0.196,banana,fresh
2339384,2313,462.00,48.00,40.00,2.258,0.235,0.196,banana,fresh
2340396,2314,462.05,48.00,40.00,2.258,0.235,0.196,banana,fresh
2341406,2315,462.00,48.00,40.00,2.258,0.235,0.196,banana,fresh
2342417,2316,462.00,48.00,40.00,2.258,0.235,0.196,banana,fresh
2343428,2317,462.00,48.00,40.00,2.258,0.235,0.196,banana,fresh
2344439,2318,462.00,48.00,39.95,2.258,0.235,0.195,banana,fresh
2345450,2319,462.00,48.00,40.00,2.258,0.235,0.196,banana,fresh
2346461,2320,462.00,48.00,40.00,2.258,0.235,0.196,banana,fresh
2347472,2321,462.00,48.00,40.00,2.258,0.235,0.196,banana,fresh
2348483,2322,462.00,48.00,40.00,2.258,0.235,0.196,banana,fresh
2349494,2323,462.00,48.00,40.00,2.258,0.235,0.196,banana,fresh
2350505,2324,462.00,48.00,40.00,2.258,0.235,0.196,banana,fresh
2351516,2325,462.00,48.00,40.00,2.258,0.235,0.196,banana,fresh
2352527,2326,462.00,48.00,40.00,2.258,0.235,0.196,banana,fresh
2353539,2327,462.00,48.00,40.00,2.258,0.235,0.196,banana,fresh
2354549,2328,462.00,48.00,40.00,2.258,0.235,0.196,banana,fresh
2355560,2329,462.05,48.00,39.95,2.258,0.235,0.195,banana,fresh
2356572,2330,462.00,48.00,40.00,2.258,0.235,0.196,banana,fresh
2357582,2331,462.00,48.00,39.95,2.258,0.235,0.195,banana,fresh
2358593,2332,462.00,48.00,40.00,2.258,0.235,0.196,banana,fresh
2359605,2333,462.00,48.00,40.00,2.258,0.235,0.196,banana,fresh
2360615,2334,462.00,48.00,40.00,2.258,0.235,0.196,banana,fresh
2361626,2335,462.00,48.00,40.00,2.258,0.235,0.196,banana,fresh
2362638,2336,462.00,48.00,40.00,2.258,0.235,0.196,banana,fresh
2363649,2337,462.00,48.00,39.95,2.258,0.235,0.195,banana,fresh
2364659,2338,462.00,48.00,40.00,2.258,0.235,0.196,banana,fresh
2365670,2339,462.00,48.00,40.00,2.258,0.235,0.196,banana,fresh
2366682,2340,462.00,48.00,40.00,2.258,0.235,0.196,banana,fresh
2367692,2341,462.00,48.00,40.00,2.258,0.235,0.196,banana,fresh
2368703,2342,462.00,48.00,40.00,2.258,0.235,0.196,banana,fresh
2369715,2343,462.00,48.00,40.00,2.258,0.235,0.196,banana,fresh
2370725,2344,462.00,48.00,40.00,2.258,0.235,0.196,banana,fresh
2371736,2345,462.00,48.00,40.00,2.258,0.235,0.196,banana,fresh
2372748,2346,462.00,48.00,40.00,2.258,0.235,0.196,banana,fresh
2373758,2347,462.00,48.00,40.00,2.258,0.235,0.196,banana,fresh
2374769,2348,462.00,48.00,40.00,2.258,0.235,0.196,banana,fresh
2375781,2349,462.00,48.00,40.00,2.258,0.235,0.196,banana,fresh
2376792,2350,462.00,48.00,40.00,2.258,0.235,0.196,banana,fresh
2377802,2351,462.00,48.00,40.00,2.258,0.235,0.196,banana,fresh
2378814,2352,462.00,48.00,40.00,2.258,0.235,0.196,banana,fresh
2379825,2353,462.00,48.00,40.00,2.258,0.235,0.196,banana,fresh
2380835,2354,462.00,48.00,40.00,2.258,0.235,0.196,banana,fresh
2381847,2355,462.00,48.00,40.00,2.258,0.235,0.196,banana,fresh
2382858,2356,462.00,48.00,40.00,2.258,0.235,0.196,banana,fresh
2383868,2357,462.00,48.00,40.00,2.258,0.235,0.196,banana,fresh
2384879,2358,462.00,48.00,40.00,2.258,0.235,0.196,banana,fresh
2385891,2359,462.00,48.00,40.00,2.258,0.235,0.196,banana,fresh
2386902,2360,462.00,48.00,40.00,2.258,0.235,0.196,banana,fresh
2387912,2361,462.00,48.00,40.00,2.258,0.235,0.196,banana,fresh
2388924,2362,462.00,48.00,40.00,2.258,0.235,0.196,banana,fresh
2389935,2363,462.00,48.00,40.00,2.258,0.235,0.196,banana,fresh
2390945,2364,462.00,48.00,40.00,2.258,0.235,0.196,banana,fresh
2391957,2365,462.00,48.00,40.00,2.258,0.235,0.196,banana,fresh
2392968,2366,462.00,48.00,40.00,2.258,0.235,0.196,banana,fresh
2393978,2367,462.00,48.00,40.00,2.258,0.235,0.196,banana,fresh
2394990,2368,462.00,48.00,40.00,2.258,0.235,0.196,banana,fresh
2396001,2369,462.00,48.00,40.00,2.258,0.235,0.196,banana,fresh
2397011,2370,462.00,48.00,40.00,2.258,0.235,0.196,banana,fresh
2398023,2371,462.00,48.00,40.00,2.258,0.235,0.196,banana,fresh
2399034,2372,462.00,48.00,40.00,2.258,0.235,0.196,banana,fresh
2400045,2373,462.00,48.00,40.00,2.258,0.235,0.196,banana,fresh
2401055,2374,462.00,48.00,40.00,2.258,0.235,0.196,banana,fresh
2402067,2375,462.00,48.00,40.00,2.258,0.235,0.196,banana,fresh
2403078,2376,462.00,48.00,40.00,2.258,0.235,0.196,banana,fresh
2404088,2377,462.00,48.00,40.00,2.258,0.235,0.196,banana,fresh
2405100,2378,462.00,48.00,40.00,2.258,0.235,0.196,banana,fresh
2406111,2379,462.00,48.00,40.00,2.258,0.235,0.196,banana,fresh
2407121,2380,462.00,48.00,40.00,2.258,0.235,0.196,banana,fresh
2408133,2381,462.00,48.00,39.95,2.258,0.235,0.195,banana,fresh
2409144,2382,462.00,48.00,40.00,2.258,0.235,0.196,banana,fresh
2410155,2383,462.00,48.00,40.00,2.258,0.235,0.196,banana,fresh
2411166,2384,462.00,48.00,40.00,2.258,0.235,0.196,banana,fresh
2412177,2385,462.00,48.00,40.00,2.258,0.235,0.196,banana,fresh
2413188,2386,462.00,48.00,40.00,2.258,0.235,0.196,banana,fresh
2414199,2387,462.00,48.00,40.00,2.258,0.235,0.196,banana,fresh
2415210,2388,462.00,48.00,40.00,2.258,0.235,0.196,banana,fresh
2416221,2389,462.00,48.00,40.00,2.258,0.235,0.196,banana,fresh
2417231,2390,462.00,48.00,40.00,2.258,0.235,0.196,banana,fresh
2418243,2391,462.00,48.00,40.00,2.258,0.235,0.196,banana,fresh
2419254,2392,462.00,48.00,40.00,2.258,0.235,0.196,banana,fresh
2420264,2393,462.00,48.00,40.00,2.258,0.235,0.196,banana,fresh
2421276,2394,462.00,48.00,40.00,2.258,0.235,0.196,banana,fresh
2422287,2395,462.00,48.00,40.00,2.258,0.235,0.196,banana,fresh
2423298,2396,462.00,48.00,40.00,2.258,0.235,0.196,banana,fresh
2424309,2397,462.00,48.00,40.00,2.258,0.235,0.196,banana,fresh
2425320,2398,462.00,48.00,40.00,2.258,0.235,0.196,banana,fresh
2426331,2399,462.00,48.00,39.95,2.258,0.235,0.195,banana,fresh
2427342,2400,462.00,48.00,40.00,2.258,0.235,0.196,banana,fresh
2428353,2401,461.95,48.00,40.00,2.258,0.235,0.196,banana,fresh
2429364,2402,461.95,48.00,40.00,2.258,0.235,0.196,banana,fresh
2430375,2403,462.00,48.00,40.00,2.258,0.235,0.196,banana,fresh
2431386,2404,462.00,48.00,40.00,2.258,0.235,0.196,banana,fresh
2432397,2405,462.00,48.00,40.00,2.258,0.235,0.196,banana,fresh
2433408,2406,461.95,48.00,40.00,2.258,0.235,0.196,banana,fresh
2434419,2407,461.95,48.00,40.00,2.258,0.235,0.196,banana,fresh
2435430,2408,461.95,48.00,40.00,2.258,0.235,0.196,banana,fresh
2436441,2409,462.00,48.00,40.00,2.258,0.235,0.196,banana,fresh
2437452,2410,461.95,47.95,40.00,2.258,0.234,0.196,banana,fresh
2438463,2411,461.90,48.00,40.00,2.258,0.235,0.196,banana,fresh
2439474,2412,461.90,48.00,40.00,2.258,0.235,0.196,banana,fresh
2440485,2413,461.90,47.95,40.00,2.258,0.234,0.196,banana,fresh
2441496,2414,461.90,48.00,40.00,2.258,0.235,0.196,banana,fresh
2442507,2415,462.00,48.00,40.00,2.258,0.235,0.196,banana,fresh
2443518,2416,461.80,48.00,40.00,2.257,0.235,0.196,banana,fresh
2444529,2417,462.00,48.00,40.00,2.258,0.235,0.196,banana,fresh
2445540,2418,461.75,48.00,40.00,2.257,0.235,0.196,banana,fresh
2446552,2419,461.90,48.00,40.00,2.258,0.235,0.196,banana,fresh
2447562,2420,461.85,48.00,40.00,2.257,0.235,0.196,banana,fresh
2448573,2421,461.85,48.00,40.00,2.257,0.235,0.196,banana,fresh
2449585,2422,461.85,48.00,40.00,2.257,0.235,0.196,banana,fresh
2450595,2423,461.90,48.00,40.00,2.258,0.235,0.196,banana,fresh
2451606,2424,461.80,48.00,40.00,2.257,0.235,0.196,banana,fresh
2452618,2425,461.80,48.00,40.00,2.257,0.235,0.196,banana,fresh
2453628,2426,461.75,48.00,40.00,2.257,0.235,0.196,banana,fresh
2454639,2427,461.80,48.00,40.00,2.257,0.235,0.196,banana,fresh
2455651,2428,461.80,48.00,40.00,2.257,0.235,0.196,banana,fresh
2456662,2429,461.85,47.95,40.00,2.257,0.234,0.196,banana,fresh
2457672,2430,461.75,48.00,40.00,2.257,0.235,0.196,banana,fresh
2458684,2431,461.85,48.00,40.00,2.257,0.235,0.196,banana,fresh
2459695,2432,461.90,48.00,40.00,2.258,0.235,0.196,banana,fresh
2460705,2433,461.85,48.00,40.00,2.257,0.235,0.196,banana,fresh
2461717,2434,461.85,48.00,40.00,2.257,0.235,0.196,banana,fresh
2462728,2435,461.75,48.00,40.00,2.257,0.235,0.196,banana,fresh
2463738,2436,461.85,47.95,40.00,2.257,0.234,0.196,banana,fresh
2464750,2437,461.60,48.00,40.00,2.256,0.235,0.196,banana,fresh
2465761,2438,461.40,48.00,40.00,2.255,0.235,0.196,banana,fresh
2466771,2439,461.10,47.95,40.00,2.254,0.234,0.196,banana,fresh
2467783,2440,461.30,48.00,40.00,2.255,0.235,0.196,banana,fresh
2468794,2441,461.40,48.00,40.00,2.255,0.235,0.196,banana,fresh
2469805,2442,461.15,48.00,40.00,2.254,0.235,0.196,banana,fresh
2470816,2443,461.10,48.00,40.00,2.254,0.235,0.196,banana,fresh
2471827,2444,461.25,47.95,40.00,2.254,0.234,0.196,banana,fresh
2472838,2445,461.10,48.00,40.00,2.254,0.235,0.196,banana,fresh
2473849,2446,461.15,48.00,39.95,2.254,0.235,0.195,banana,fresh
2474860,2447,461.10,48.00,40.00,2.254,0.235,0.196,banana,fresh
2475871,2448,461.10,48.00,40.00,2.254,0.235,0.196,banana,fresh
2476882,2449,461.10,48.00,40.00,2.254,0.235,0.196,banana,fresh
2477893,2450,461.05,48.00,40.00,2.253,0.235,0.196,banana,fresh
2478904,2451,461.05,48.00,40.00,2.253,0.235,0.196,banana,fresh
2479916,2452,461.10,48.00,40.00,2.254,0.235,0.196,banana,fresh
2480926,2453,461.15,48.00,40.00,2.254,0.235,0.196,banana,fresh
2481937,2454,461.05,48.00,40.00,2.253,0.235,0.196,banana,fresh
2482949,2455,461.10,48.00,40.00,2.254,0.235,0.196,banana,fresh
2483959,2456,461.15,48.00,40.00,2.254,0.235,0.196,banana,fresh
2484970,2457,461.15,48.00,40.00,2.254,0.235,0.196,banana,fresh
2485982,2458,461.10,48.00,39.95,2.254,0.235,0.195,banana,fresh
2486992,2459,461.05,48.00,40.00,2.253,0.235,0.196,banana,fresh
2488003,2460,461.00,48.00,40.00,2.253,0.235,0.196,banana,fresh
2489015,2461,461.00,48.00,40.00,2.253,0.235,0.196,banana,fresh
2490025,2462,461.00,48.00,40.00,2.253,0.235,0.196,banana,fresh
2491036,2463,461.00,48.00,40.00,2.253,0.235,0.196,banana,fresh
2492048,2464,461.10,48.00,40.00,2.254,0.235,0.196,banana,fresh
2493059,2465,461.00,48.00,40.00,2.253,0.235,0.196,banana,fresh
2494069,2466,461.00,48.00,40.00,2.253,0.235,0.196,banana,fresh
2495081,2467,461.00,48.00,40.00,2.253,0.235,0.196,banana,fresh
2496092,2468,461.00,48.00,40.00,2.253,0.235,0.196,banana,fresh
2497102,2469,461.00,48.00,40.00,2.253,0.235,0.196,banana,fresh
2498114,2470,461.00,48.00,39.95,2.253,0.235,0.195,banana,fresh
2499125,2471,461.00,48.00,39.95,2.253,0.235,0.195,banana,fresh
2500135,2472,461.05,47.95,40.00,2.253,0.234,0.196,banana,fresh
2501147,2473,461.00,48.00,40.00,2.253,0.235,0.196,banana,fresh
2502158,2474,461.05,48.00,40.00,2.253,0.235,0.196,banana,fresh
2503169,2475,461.00,48.00,40.00,2.253,0.235,0.196,banana,fresh
2504180,2476,461.00,48.00,40.00,2.253,0.235,0.196,banana,fresh
2505191,2477,461.00,48.00,40.00,2.253,0.235,0.196,banana,fresh
2506202,2478,461.00,48.00,39.95,2.253,0.235,0.195,banana,fresh
2507213,2479,461.05,48.00,39.95,2.253,0.235,0.195,banana,fresh
2508224,2480,461.00,48.00,40.00,2.253,0.235,0.196,banana,fresh
2509235,2481,461.00,48.00,39.95,2.253,0.235,0.195,banana,fresh
2510246,2482,461.00,48.00,40.00,2.253,0.235,0.196,banana,fresh
2511257,2483,461.05,47.95,40.00,2.253,0.234,0.196,banana,fresh
2512268,2484,461.00,48.00,40.00,2.253,0.235,0.196,banana,fresh
2513280,2485,461.00,48.00,40.00,2.253,0.235,0.196,banana,fresh
2514290,2486,461.00,48.00,40.00,2.253,0.235,0.196,banana,fresh
2515301,2487,461.00,48.00,39.95,2.253,0.235,0.195,banana,fresh
2516312,2488,461.00,48.00,39.90,2.253,0.235,0.195,banana,fresh
2517323,2489,461.00,48.00,40.00,2.253,0.235,0.196,banana,fresh
2518334,2490,461.00,47.95,40.00,2.253,0.234,0.196,banana,fresh
2519345,2491,461.00,48.00,40.00,2.253,0.235,0.196,banana,fresh
2520356,2492,461.00,47.95,40.00,2.253,0.234,0.196,banana,fresh
2521367,2493,461.00,48.00,40.00,2.253,0.235,0.196,banana,fresh
2522378,2494,461.00,48.00,40.00,2.253,0.235,0.196,banana,fresh
2523389,2495,461.00,48.00,40.00,2.253,0.235,0.196,banana,fresh
2524400,2496,461.00,48.00,40.00,2.253,0.235,0.196,banana,fresh
2525411,2497,461.00,48.00,40.00,2.253,0.235,0.196,banana,fresh
2526423,2498,461.00,48.00,40.00,2.253,0.235,0.196,banana,fresh
2527433,2499,461.00,48.00,40.00,2.253,0.235,0.196,banana,fresh
2528444,2500,461.00,47.95,40.00,2.253,0.234,0.196,banana,fresh
2529456,2501,461.00,48.00,40.00,2.253,0.235,0.196,banana,fresh
2530466,2502,461.00,48.00,40.00,2.253,0.235,0.196,banana,fresh
2531477,2503,461.00,48.00,40.00,2.253,0.235,0.196,banana,fresh
2532489,2504,461.00,48.00,40.00,2.253,0.235,0.196,banana,fresh
2533499,2505,461.00,48.00,40.00,2.253,0.235,0.196,banana,fresh
2534510,2506,461.00,48.00,40.00,2.253,0.235,0.196,banana,fresh
2535522,2507,461.00,48.00,40.00,2.253,0.235,0.196,banana,fresh
2536532,2508,461.00,48.00,40.00,2.253,0.235,0.196,banana,fresh
2537543,2509,461.00,48.00,40.00,2.253,0.235,0.196,banana,fresh
2538555,2510,461.00,48.00,40.00,2.253,0.235,0.196,banana,fresh
2539566,2511,461.00,48.00,40.00,2.253,0.235,0.196,banana,fresh
2540576,2512,461.00,48.00,40.00,2.253,0.235,0.196,banana,fresh
2541587,2513,461.00,48.00,40.00,2.253,0.235,0.196,banana,fresh
2542599,2514,461.00,48.00,40.00,2.253,0.235,0.196,banana,fresh
2543609,2515,461.00,48.00,40.00,2.253,0.235,0.196,banana,fresh
2544620,2516,461.00,48.00,40.00,2.253,0.235,0.196,banana,fresh
2545632,2517,461.00,48.00,40.00,2.253,0.235,0.196,banana,fresh
2546642,2518,461.00,48.00,39.95,2.253,0.235,0.195,banana,fresh
2547653,2519,461.00,48.00,40.00,2.253,0.235,0.196,banana,fresh
2548665,2520,461.00,48.00,40.00,2.253,0.235,0.196,banana,fresh
2549676,2521,461.00,48.00,40.00,2.253,0.235,0.196,banana,fresh
2550686,2522,461.00,48.00,40.00,2.253,0.235,0.196,banana,fresh
2551698,2523,461.00,48.00,39.95,2.253,0.235,0.195,banana,fresh
2552709,2524,461.00,47.95,40.00,2.253,0.234,0.196,banana,fresh
2553719,2525,461.00,48.00,40.00,2.253,0.235,0.196,banana,fresh
2554731,2526,461.00,48.00,40.00,2.253,0.235,0.196,banana,fresh
2555742,2527,461.00,48.00,39.95,2.253,0.235,0.195,banana,fresh
2556752,2528,461.00,48.00,40.00,2.253,0.235,0.196,banana,fresh
2557764,2529,461.00,48.00,40.00,2.253,0.235,0.196,banana,fresh
2558775,2530,461.00,48.00,39.95,2.253,0.235,0.195,banana,fresh
2559785,2531,461.00,48.00,40.00,2.253,0.235,0.196,banana,fresh
2560797,2532,461.00,48.00,39.95,2.253,0.235,0.195,banana,fresh
2561808,2533,461.00,48.00,40.00,2.253,0.235,0.196,banana,fresh
2562819,2534,460.95,48.00,40.00,2.253,0.235,0.196,banana,fresh
2563830,2535,461.00,48.00,40.00,2.253,0.235,0.196,banana,fresh
2564841,2536,461.00,47.95,40.00,2.253,0.234,0.196,banana,fresh
2565852,2537,460.95,48.00,40.00,2.253,0.235,0.196,banana,fresh
2566863,2538,460.95,48.00,40.00,2.253,0.235,0.196,banana,fresh
2567874,2539,461.00,48.00,39.95,2.253,0.235,0.195,banana,fresh
2568885,2540,460.95,48.00,39.95,2.253,0.235,0.195,banana,fresh
2569896,2541,461.00,48.00,40.00,2.253,0.235,0.196,banana,fresh
2570907,2542,460.90,48.00,40.00,2.253,0.235,0.196,banana,fresh
2571918,2543,460.95,48.00,40.00,2.253,0.235,0.196,banana,fresh
2572929,2544,461.00,48.00,39.95,2.253,0.235,0.195,banana,fresh
2573940,2545,460.95,48.00,39.95,2.253,0.235,0.195,banana,fresh
2574951,2546,461.00,48.00,39.95,2.253,0.235,0.195,banana,fresh
2575963,2547,460.80,48.00,40.00,2.252,0.235,0.196,banana,fresh
2576973,2548,460.85,48.00,40.00,2.252,0.235,0.196,banana,fresh
2577984,2549,460.80,48.00,40.00,2.252,0.235,0.196,banana,fresh
2578996,2550,460.60,48.00,39.90,2.251,0.235,0.195,banana,fresh
2580006,2551,460.75,47.85,39.95,2.252,0.234,0.195,banana,fresh
2581017,2552,460.65,48.00,40.00,2.251,0.235,0.196,banana,fresh
2582029,2553,460.75,48.00,40.00,2.252,0.235,0.196,banana,fresh
2583040,2554,460.75,47.95,40.00,2.252,0.234,0.196,banana,fresh
2584050,2555,460.65,47.95,40.00,2.251,0.234,0.196,banana,fresh
2585062,2556,460.60,48.00,40.00,2.251,0.235,0.196,banana,fresh
2586073,2557,460.65,48.00,40.00,2.251,0.235,0.196,banana,fresh
2587083,2558,460.65,48.00,40.00,2.251,0.235,0.196,banana,fresh
2588095,2559,460.55,48.00,40.00,2.251,0.235,0.196,banana,fresh
2589106,2560,460.50,48.00,39.90,2.251,0.235,0.195,banana,fresh
2590116,2561,460.35,48.00,40.00,2.250,0.235,0.196,banana,fresh
2591128,2562,460.60,48.00,40.00,2.251,0.235,0.196,banana,fresh
2592139,2563,460.65,48.00,40.00,2.251,0.235,0.196,banana,fresh
2593149,2564,460.60,48.00,39.95,2.251,0.235,0.195,banana,fresh
2594161,2565,460.45,48.00,40.00,2.250,0.235,0.196,banana,fresh
2595172,2566,460.60,48.00,40.00,2.251,0.235,0.196,banana,fresh
2596183,2567,460.80,47.95,40.00,2.252,0.234,0.196,banana,fresh
2597194,2568,460.50,48.00,40.00,2.251,0.235,0.196,banana,fresh
2598205,2569,460.60,48.00,39.90,2.251,0.235,0.195,banana,fresh
2599216,2570,460.65,48.00,40.00,2.251,0.235,0.196,banana,fresh
2600227,2571,460.45,47.95,40.00,2.250,0.234,0.196,banana,fresh
2601238,2572,460.55,48.00,40.00,2.251,0.235,0.196,banana,fresh
2602249,2573,460.60,48.00,40.00,2.251,0.235,0.196,banana,fresh
2603260,2574,460.45,47.95,40.00,2.250,0.234,0.196,banana,fresh
2604271,2575,460.50,48.00,40.00,2.251,0.235,0.196,banana,fresh
2605282,2576,460.60,48.00,39.95,2.251,0.235,0.195,banana,fresh
2606294,2577,460.65,48.00,40.00,2.251,0.235,0.196,banana,fresh
2607304,2578,460.70,47.95,40.00,2.252,0.234,0.196,banana,fresh
2608315,2579,460.45,48.00,39.95,2.250,0.235,0.195,banana,fresh
2609327,2580,460.50,47.95,40.00,2.251,0.234,0.196,banana,fresh
2610337,2581,460.60,48.00,40.00,2.251,0.235,0.196,banana,fresh
2611348,2582,460.45,48.00,40.00,2.250,0.235,0.196,banana,fresh
2612360,2583,460.40,48.00,40.00,2.250,0.235,0.196,banana,fresh
2613370,2584,460.50,48.00,40.00,2.251,0.235,0.196,banana,fresh
2614381,2585,460.35,48.00,40.00,2.250,0.235,0.196,banana,fresh
2615393,2586,460.25,48.00,40.00,2.250,0.235,0.196,banana,fresh
2616403,2587,460.25,48.00,40.00,2.250,0.235,0.196,banana,fresh
2617414,2588,460.30,47.95,40.00,2.250,0.234,0.196,banana,fresh
2618426,2589,460.35,48.00,40.00,2.250,0.235,0.196,banana,fresh
2619437,2590,460.30,48.00,40.00,2.250,0.235,0.196,banana,fresh
2620447,2591,460.25,48.00,40.00,2.250,0.235,0.196,banana,fresh
2621459,2592,460.40,47.95,40.00,2.250,0.234,0.196,banana,fresh
2622470,2593,460.35,47.95,40.00,2.250,0.234,0.196,banana,fresh
2623480,2594,460.40,47.95,39.95,2.250,0.234,0.195,banana,fresh
2624492,2595,460.35,48.00,40.00,2.250,0.235,0.196,banana,fresh
2625503,2596,460.55,48.00,40.00,2.251,0.235,0.196,banana,fresh
2626513,2597,460.45,47.90,39.95,2.250,0.234,0.195,banana,fresh
2627525,2598,460.40,47.95,40.00,2.250,0.234,0.196,banana,fresh
2628536,2599,460.30,48.00,40.00,2.250,0.235,0.196,banana,fresh
2629547,2600,460.60,48.00,39.95,2.251,0.235,0.195,banana,fresh
2630558,2601,460.35,48.00,40.00,2.250,0.235,0.196,banana,fresh
2631569,2602,460.35,48.00,40.00,2.250,0.235,0.196,banana,fresh
2632580,2603,460.30,47.90,40.00,2.250,0.234,0.196,banana,fresh
2633591,2604,460.50,48.00,39.90,2.251,0.235,0.195,banana,fresh
2634602,2605,460.60,48.00,39.95,2.251,0.235,0.195,banana,fresh
2635613,2606,460.50,47.95,40.00,2.251,0.234,0.196,banana,fresh
2636624,2607,460.55,48.00,39.95,2.251,0.235,0.195,banana,fresh
2637635,2608,460.45,48.00,40.00,2.250,0.235,0.196,banana,fresh
2638646,2609,460.55,48.00,40.00,2.251,0.235,0.196,banana,fresh
2639657,2610,460.60,48.00,40.00,2.251,0.235,0.196,banana,fresh
2640668,2611,460.50,48.00,40.00,2.251,0.235,0.196,banana,fresh
2641679,2612,460.45,48.00,40.00,2.250,0.235,0.196,banana,fresh
2642691,2613,460.45,48.00,40.00,2.250,0.235,0.196,banana,fresh
2643701,2614,460.50,48.00,40.00,2.251,0.235,0.196,banana,fresh
2644712,2615,460.80,48.00,40.00,2.252,0.235,0.196,banana,fresh
2645724,2616,460.65,48.00,40.00,2.251,0.235,0.196,banana,fresh
2646734,2617,460.65,48.00,40.00,2.251,0.235,0.196,banana,fresh
2647745,2618,460.70,47.90,39.95,2.252,0.234,0.195,banana,fresh
2648757,2619,460.65,48.00,40.00,2.251,0.235,0.196,banana,fresh
2649767,2620,460.50,47.95,40.00,2.251,0.234,0.196,banana,fresh
2650778,2621,460.40,47.95,40.00,2.250,0.234,0.196,banana,fresh
2651790,2622,460.50,47.95,40.00,2.251,0.234,0.196,banana,fresh
2652801,2623,460.55,48.00,40.00,2.251,0.235,0.196,banana,fresh
2653811,2624,460.60,48.00,40.00,2.251,0.235,0.196,banana,fresh
2654823,2625,460.70,48.00,40.00,2.252,0.235,0.196,banana,fresh
2655834,2626,460.55,47.95,40.00,2.251,0.234,0.196,banana,fresh
2656844,2627,460.55,48.00,40.00,2.251,0.235,0.196,banana,fresh
2657856,2628,460.50,48.00,40.00,2.251,0.235,0.196,banana,fresh
2658867,2629,460.55,47.95,39.95,2.251,0.234,0.195,banana,fresh
2659877,2630,460.65,48.00,40.00,2.251,0.235,0.196,banana,fresh
2660889,2631,460.50,48.00,40.00,2.251,0.235,0.196,banana,fresh
2661900,2632,460.70,48.00,40.00,2.252,0.235,0.196,banana,fresh
2662910,2633,460.65,48.00,40.00,2.251,0.235,0.196,banana,fresh
2663922,2634,460.60,48.00,39.95,2.251,0.235,0.195,banana,fresh
2664933,2635,460.75,48.00,39.95,2.252,0.235,0.195,banana,fresh
2665944,2636,460.75,48.00,40.00,2.252,0.235,0.196,banana,fresh
2666955,2637,460.55,47.95,40.00,2.251,0.234,0.196,banana,fresh
2667966,2638,460.85,48.00,39.95,2.252,0.235,0.195,banana,fresh
2668977,2639,460.60,48.00,40.00,2.251,0.235,0.196,banana,fresh
2669988,2640,460.75,48.00,40.00,2.252,0.235,0.196,banana,fresh
2670999,2641,460.80,47.95,40.00,2.252,0.234,0.196,banana,fresh
2672010,2642,460.80,48.00,40.00,2.252,0.235,0.196,banana,fresh
2673021,2643,460.60,48.00,40.00,2.251,0.235,0.196,banana,fresh
2674032,2644,460.75,47.95,40.00,2.252,0.234,0.196,banana,fresh
2675043,2645,460.70,48.00,40.00,2.252,0.235,0.196,banana,fresh
2676055,2646,460.70,47.95,40.00,2.252,0.234,0.196,banana,fresh
2677065,2647,460.60,47.95,40.00,2.251,0.234,0.196,banana,fresh
2678076,2648,460.70,47.95,40.00,2.252,0.234,0.196,banana,fresh
2679088,2649,460.55,48.00,40.00,2.251,0.235,0.196,banana,fresh
2680098,2650,460.60,48.00,40.00,2.251,0.235,0.196,banana,fresh
2681109,2651,460.70,48.00,39.95,2.252,0.235,0.195,banana,fresh
2682121,2652,460.55,48.00,39.95,2.251,0.235,0.195,banana,fresh
2683131,2653,460.50,47.95,40.00,2.251,0.234,0.196,banana,fresh
2684142,2654,460.45,48.00,40.00,2.250,0.235,0.196,banana,fresh
2685154,2655,460.50,47.95,40.00,2.251,0.234,0.196,banana,fresh
2686164,2656,460.55,48.00,40.00,2.251,0.235,0.196,banana,fresh
2687175,2657,460.55,47.95,40.00,2.251,0.234,0.196,banana,fresh
2688187,2658,460.55,48.00,40.00,2.251,0.235,0.196,banana,fresh
2689198,2659,460.70,48.00,40.00,2.252,0.235,0.196,banana,fresh
2690208,2660,460.55,47.95,40.00,2.251,0.234,0.196,banana,fresh
2691220,2661,460.30,48.00,39.95,2.250,0.235,0.195,banana,fresh
2692231,2662,460.60,47.90,40.00,2.251,0.234,0.196,banana,fresh
2693241,2663,460.60,47.95,40.00,2.251,0.234,0.196,banana,fresh
2694253,2664,460.50,47.90,40.00,2.251,0.234,0.196,banana,fresh
2695264,2665,460.40,47.95,40.00,2.250,0.234,0.196,banana,fresh
2696274,2666,460.25,48.00,40.00,2.250,0.235,0.196,banana,fresh
2697286,2667,460.55,48.00,39.95,2.251,0.235,0.195,banana,fresh
2698297,2668,460.40,48.00,39.95,2.250,0.235,0.195,banana,fresh
2699308,2669,460.65,48.00,39.95,2.251,0.235,0.195,banana,fresh
2700319,2670,460.55,48.00,40.00,2.251,0.235,0.196,banana,fresh
2701330,2671,460.65,47.90,40.00,2.251,0.234,0.196,banana,fresh
2702341,2672,460.45,47.95,39.95,2.250,0.234,0.195,banana,fresh
2703352,2673,460.35,48.00,40.00,2.250,0.235,0.196,banana,fresh
2704363,2674,460.50,48.00,40.00,2.251,0.235,0.196,banana,fresh
2705374,2675,460.80,48.00,40.00,2.252,0.235,0.196,banana,fresh
2706385,2676,460.85,48.00,39.95,2.252,0.235,0.195,banana,fresh
2707396,2677,460.75,47.95,39.95,2.252,0.234,0.195,banana,fresh
2708407,2678,460.85,47.90,40.00,2.252,0.234,0.196,banana,fresh
2709419,2679,460.70,48.00,39.95,2.252,0.235,0.195,banana,fresh
2710429,2680,460.85,48.00,40.00,2.252,0.235,0.196,banana,fresh
2711440,2681,460.75,47.95,40.00,2.252,0.234,0.196,banana,fresh
2712452,2682,460.85,48.00,40.00,2.252,0.235,0.196,banana,fresh
2713462,2683,460.80,47.90,40.00,2.252,0.234,0.196,banana,fresh
2714473,2684,460.95,47.95,40.00,2.253,0.234,0.196,banana,fresh
2715485,2685,460.75,48.00,40.00,2.252,0.235,0.196,banana,fresh
2716495,2686,460.95,48.00,40.00,2.253,0.235,0.196,banana,fresh
2717506,2687,460.90,48.00,40.00,2.253,0.235,0.196,banana,fresh
2718518,2688,460.90,47.95,40.00,2.253,0.234,0.196,banana,fresh
2719528,2689,460.95,47.90,40.00,2.253,0.234,0.196,banana,fresh
2720539,2690,461.00,47.95,40.00,2.253,0.234,0.196,banana,fresh
2721551,2691,461.00,48.00,40.00,2.253,0.235,0.196,banana,fresh
2722562,2692,460.95,48.00,39.95,2.253,0.235,0.195,banana,fresh
2723572,2693,461.00,48.00,40.00,2.253,0.235,0.196,banana,fresh
2724584,2694,460.95,48.00,39.95,2.253,0.235,0.195,banana,fresh
2725595,2695,461.00,48.00,40.00,2.253,0.235,0.196,banana,fresh
2726605,2696,461.00,47.95,40.00,2.253,0.234,0.196,banana,fresh
2727617,2697,461.00,47.95,40.00,2.253,0.234,0.196,banana,fresh
2728628,2698,461.00,48.00,39.90,2.253,0.235,0.195,banana,fresh
2729638,2699,461.00,48.00,40.00,2.253,0.235,0.196,banana,fresh
2730650,2700,461.00,47.95,40.00,2.253,0.234,0.196,banana,fresh
2731661,2701,461.00,47.95,40.00,2.253,0.234,0.196,banana,fresh
2732672,2702,461.00,47.90,40.00,2.253,0.234,0.196,banana,fresh
2733683,2703,461.00,48.00,40.00,2.253,0.235,0.196,banana,fresh
2734694,2704,461.00,48.00,39.95,2.253,0.235,0.195,banana,fresh
2735705,2705,461.00,47.90,39.95,2.253,0.234,0.195,banana,fresh
2736716,2706,461.00,47.95,39.95,2.253,0.234,0.195,banana,fresh
2737727,2707,461.00,47.95,39.95,2.253,0.234,0.195,banana,fresh
2738738,2708,461.00,48.00,40.00,2.253,0.235,0.196,banana,fresh
2739749,2709,461.00,47.95,40.00,2.253,0.234,0.196,banana,fresh
2740760,2710,461.00,48.00,40.00,2.253,0.235,0.196,banana,fresh
2741771,2711,461.00,47.90,39.95,2.253,0.234,0.195,banana,fresh
2742782,2712,461.00,48.00,40.00,2.253,0.235,0.196,banana,fresh
2743793,2713,461.00,48.00,40.00,2.253,0.235,0.196,banana,fresh
2744804,2714,461.00,48.00,40.00,2.253,0.235,0.196,banana,fresh
2745816,2715,461.00,48.00,39.90,2.253,0.235,0.195,banana,fresh
2746826,2716,461.00,47.95,40.00,2.253,0.234,0.196,banana,fresh
2747837,2717,461.00,47.90,39.95,2.253,0.234,0.195,banana,fresh
2748849,2718,461.00,47.95,40.00,2.253,0.234,0.196,banana,fresh
2749859,2719,461.00,47.95,39.95,2.253,0.234,0.195,banana,fresh
2750870,2720,461.00,47.95,39.95,2.253,0.234,0.195,banana,fresh
2751882,2721,461.00,48.00,40.00,2.253,0.235,0.196,banana,fresh
2752892,2722,461.00,47.95,39.95,2.253,0.234,0.195,banana,fresh
2753903,2723,461.00,47.95,40.00,2.253,0.234,0.196,banana,fresh
2754915,2724,461.00,47.95,40.00,2.253,0.234,0.196,banana,fresh
