timestamp_ms,sample_id,mq3_adc,mq5_adc,mq135_adc,mq3_volts,mq5_volts,mq135_volts,fruit,label
2009,1,807.10,93.00,81.95,3.945,0.455,0.401,banana,spoiled
3020,2,807.10,93.00,81.80,3.945,0.455,0.400,banana,spoiled
4031,3,807.05,93.00,81.85,3.945,0.455,0.400,banana,spoiled
5042,4,807.00,93.00,81.85,3.944,0.455,0.400,banana,spoiled
6052,5,807.10,93.00,81.80,3.945,0.455,0.400,banana,spoiled
7063,6,807.10,93.00,81.85,3.945,0.455,0.400,banana,spoiled
8074,7,807.00,93.00,81.95,3.944,0.455,0.401,banana,spoiled
9084,8,807.00,93.00,81.85,3.944,0.455,0.400,banana,spoiled
10095,9,807.05,92.95,82.00,3.945,0.454,0.401,banana,spoiled
11106,10,807.00,93.00,81.85,3.944,0.455,0.400,banana,spoiled
12116,11,807.00,93.00,81.75,3.944,0.455,0.400,banana,spoiled
13127,12,807.00,93.00,81.80,3.944,0.455,0.400,banana,spoiled
14138,13,807.00,93.00,81.90,3.944,0.455,0.400,banana,spoiled
15150,14,807.00,93.00,81.85,3.944,0.455,0.400,banana,spoiled
16160,15,807.00,93.00,81.85,3.944,0.455,0.400,banana,spoiled
17171,16,807.05,93.00,81.85,3.945,0.455,0.400,banana,spoiled
18182,17,807.15,93.00,81.90,3.945,0.455,0.400,banana,spoiled
19192,18,807.10,93.00,81.85,3.945,0.455,0.400,banana,spoiled
20203,19,807.10,93.00,81.90,3.945,0.455,0.400,banana,spoiled
21214,20,807.15,93.00,81.85,3.945,0.455,0.400,banana,spoiled
22225,21,807.20,93.00,81.85,3.945,0.455,0.400,banana,spoiled
23236,22,807.30,93.00,81.95,3.946,0.455,0.401,banana,spoiled
24247,23,807.40,93.00,81.95,3.946,0.455,0.401,banana,spoiled
25257,24,807.30,93.00,81.95,3.946,0.455,0.401,banana,spoiled
26268,25,807.15,93.00,81.95,3.945,0.455,0.401,banana,spoiled
27279,26,807.30,93.00,81.90,3.946,0.455,0.400,banana,spoiled
28290,27,807.35,93.00,81.80,3.946,0.455,0.400,banana,spoiled
29301,28,807.45,93.00,81.95,3.946,0.455,0.401,banana,spoiled
30312,29,807.25,93.00,81.95,3.946,0.455,0.401,banana,spoiled
31323,30,807.40,93.00,81.90,3.946,0.455,0.400,banana,spoiled
32333,31,807.35,92.95,81.85,3.946,0.454,0.400,banana,spoiled
33344,32,807.55,93.00,81.80,3.947,0.455,0.400,banana,spoiled
34355,33,807.45,93.00,81.95,3.946,0.455,0.401,banana,spoiled
35366,34,807.60,93.00,82.00,3.947,0.455,0.401,banana,spoiled
36377,35,807.50,93.00,81.95,3.947,0.455,0.401,banana,spoiled
37388,36,807.70,93.00,81.90,3.948,0.455,0.400,banana,spoiled
38398,37,807.60,93.05,81.80,3.947,0.455,0.400,banana,spoiled
39409,38,807.55,93.00,81.90,3.947,0.455,0.400,banana,spoiled
40420,39,807.20,93.00,81.90,3.945,0.455,0.400,banana,spoiled
41431,40,807.55,93.00,81.90,3.947,0.455,0.400,banana,spoiled
42442,41,807.55,93.00,81.90,3.947,0.455,0.400,banana,spoiled
43453,42,807.60,93.00,81.85,3.947,0.455,0.400,banana,spoiled
44464,43,807.85,93.00,81.90,3.948,0.455,0.400,banana,spoiled
45474,44,807.65,93.00,81.90,3.947,0.455,0.400,banana,spoiled
46485,45,807.65,93.00,82.00,3.947,0.455,0.401,banana,spoiled
47496,46,807.70,93.00,81.85,3.948,0.455,0.400,banana,spoiled
48506,47,807.70,93.00,81.80,3.948,0.455,0.400,banana,spoiled
49518,48,807.65,93.00,81.85,3.947,0.455,0.400,banana,spoiled
50529,49,807.90,93.00,81.80,3.949,0.455,0.400,banana,spoiled
51539,50,807.80,93.00,81.80,3.948,0.455,0.400,banana,spoiled
52550,51,807.80,92.95,81.85,3.948,0.454,0.400,banana,spoiled
53561,52,807.85,93.00,81.80,3.948,0.455,0.400,banana,spoiled
54572,53,807.75,93.00,81.80,3.948,0.455,0.400,banana,spoiled
55582,54,807.95,93.00,81.80,3.949,0.455,0.400,banana,spoiled
56594,55,807.80,93.00,81.75,3.948,0.455,0.400,banana,spoiled
57605,56,807.85,93.00,81.60,3.948,0.455,0.399,banana,spoiled
58615,57,807.75,93.00,81.85,3.948,0.455,0.400,banana,spoiled
59626,58,807.85,93.00,81.75,3.948,0.455,0.400,banana,spoiled
60637,59,807.95,93.00,81.70,3.949,0.455,0.399,banana,spoiled
61647,60,807.75,93.00,81.50,3.948,0.455,0.398,banana,spoiled
62658,61,807.90,93.00,81.80,3.949,0.455,0.400,banana,spoiled
63670,62,807.85,93.00,81.70,3.948,0.455,0.399,banana,spoiled
64680,63,807.90,93.00,81.75,3.949,0.455,0.400,banana,spoiled
65691,64,807.90,93.00,81.60,3.949,0.455,0.399,banana,spoiled
66702,65,808.00,93.00,81.55,3.949,0.455,0.399,banana,spoiled
67713,66,807.90,93.00,81.70,3.949,0.455,0.399,banana,spoiled
68723,67,807.90,93.00,81.75,3.949,0.455,0.400,banana,spoiled
69735,68,807.95,93.00,81.60,3.949,0.455,0.399,banana,spoiled
70746,69,807.90,93.00,81.60,3.949,0.455,0.399,banana,spoiled
71756,70,807.80,93.00,81.65,3.948,0.455,0.399,banana,spoiled
72767,71,808.00,93.00,81.65,3.949,0.455,0.399,banana,spoiled
73778,72,807.85,93.00,81.25,3.948,0.455,0.397,banana,spoiled
74788,73,807.80,93.00,81.55,3.948,0.455,0.399,banana,spoiled
75800,74,807.90,93.00,81.45,3.949,0.455,0.398,banana,spoiled
76811,75,808.00,93.00,81.40,3.949,0.455,0.398,banana,spoiled
77821,76,807.90,93.00,81.75,3.949,0.455,0.400,banana,spoiled
78832,77,807.95,93.00,81.20,3.949,0.455,0.397,banana,spoiled
79843,78,808.00,93.00,81.25,3.949,0.455,0.397,banana,spoiled
80854,79,807.80,93.00,81.40,3.948,0.455,0.398,banana,spoiled
81864,80,807.95,93.00,81.50,3.949,0.455,0.398,banana,spoiled
82876,81,807.85,92.95,81.25,3.948,0.454,0.397,banana,spoiled
83887,82,807.95,93.00,81.30,3.949,0.455,0.397,banana,spoiled
84897,83,807.95,93.00,81.40,3.949,0.455,0.398,banana,spoiled
85908,84,807.90,93.00,81.30,3.949,0.455,0.397,banana,spoiled
86919,85,808.00,93.00,81.45,3.949,0.455,0.398,banana,spoiled
87929,86,807.95,92.95,81.20,3.949,0.454,0.397,banana,spoiled
88941,87,807.85,93.00,81.20,3.948,0.455,0.397,banana,spoiled
89952,88,807.80,93.00,81.25,3.948,0.455,0.397,banana,spoiled
90962,89,807.95,93.00,81.30,3.949,0.455,0.397,banana,spoiled
91973,90,807.95,93.00,81.30,3.949,0.455,0.397,banana,spoiled
92984,91,807.90,92.95,81.10,3.949,0.454,0.396,banana,spoiled
93995,92,808.00,92.95,81.35,3.949,0.454,0.398,banana,spoiled
95006,93,807.95,93.00,81.25,3.949,0.455,0.397,banana,spoiled
96017,94,807.95,93.00,81.20,3.949,0.455,0.397,banana,spoiled
97028,95,808.00,93.00,81.25,3.949,0.455,0.397,banana,spoiled
98038,96,807.95,93.00,81.50,3.949,0.455,0.398,banana,spoiled
99049,97,807.95,93.00,81.20,3.949,0.455,0.397,banana,spoiled
100060,98,807.90,92.90,81.10,3.949,0.454,0.396,banana,spoiled
101071,99,808.00,92.95,81.20,3.949,0.454,0.397,banana,spoiled
102082,100,808.00,93.00,81.15,3.949,0.455,0.397,banana,spoiled
103093,101,808.00,93.00,81.10,3.949,0.455,0.396,banana,spoiled
104103,102,808.00,93.00,81.15,3.949,0.455,0.397,banana,spoiled
105115,103,808.00,92.95,81.30,3.949,0.454,0.397,banana,spoiled
106126,104,808.00,92.90,81.05,3.949,0.454,0.396,banana,spoiled
107137,105,808.00,92.95,81.10,3.949,0.454,0.396,banana,spoiled
108147,106,808.00,92.95,81.25,3.949,0.454,0.397,banana,spoiled
109159,107,808.00,93.00,81.30,3.949,0.455,0.397,banana,spoiled
110170,108,807.95,93.00,81.40,3.949,0.455,0.398,banana,spoiled
111180,109,807.95,92.95,81.10,3.949,0.454,0.396,banana,spoiled
112191,110,808.00,93.00,81.20,3.949,0.455,0.397,banana,spoiled
113203,111,808.00,92.95,81.25,3.949,0.454,0.397,banana,spoiled
114213,112,808.00,92.95,81.00,3.949,0.454,0.396,banana,spoiled
115224,113,808.00,92.95,81.10,3.949,0.454,0.396,banana,spoiled
116235,114,807.90,93.00,81.10,3.949,0.455,0.396,banana,spoiled
117246,115,807.85,92.95,81.25,3.948,0.454,0.397,banana,spoiled
118257,116,808.00,92.95,81.10,3.949,0.454,0.396,banana,spoiled
119268,117,807.95,93.00,81.25,3.949,0.455,0.397,banana,spoiled
120279,118,807.85,93.00,81.15,3.948,0.455,0.397,banana,spoiled
121290,119,808.00,93.00,81.25,3.949,0.455,0.397,banana,spoiled
122301,120,807.95,93.00,81.30,3.949,0.455,0.397,banana,spoiled
123312,121,807.95,93.00,81.20,3.949,0.455,0.397,banana,spoiled
124322,122,807.95,92.95,81.10,3.949,0.454,0.396,banana,spoiled
125334,123,808.00,92.95,81.10,3.949,0.454,0.396,banana,spoiled
126345,124,808.00,92.95,81.05,3.949,0.454,0.396,banana,spoiled
127355,125,808.00,93.00,81.25,3.949,0.455,0.397,banana,spoiled
128367,126,808.00,92.90,81.15,3.949,0.454,0.397,banana,spoiled
129378,127,808.00,93.00,81.20,3.949,0.455,0.397,banana,spoiled
130388,128,807.90,92.95,81.30,3.949,0.454,0.397,banana,spoiled
131399,129,808.00,93.00,81.15,3.949,0.455,0.397,banana,spoiled
132411,130,808.00,92.95,81.25,3.949,0.454,0.397,banana,spoiled
133422,131,808.00,93.00,81.05,3.949,0.455,0.396,banana,spoiled
134432,132,808.00,92.95,81.30,3.949,0.454,0.397,banana,spoiled
135443,133,808.00,93.00,81.20,3.949,0.455,0.397,banana,spoiled
136455,134,808.00,92.95,81.20,3.949,0.454,0.397,banana,spoiled
137465,135,808.00,92.90,81.10,3.949,0.454,0.396,banana,spoiled
138476,136,808.00,92.90,81.20,3.949,0.454,0.397,banana,spoiled
139487,137,808.00,93.00,81.20,3.949,0.455,0.397,banana,spoiled
140498,138,808.00,92.95,81.20,3.949,0.454,0.397,banana,spoiled
141509,139,808.00,93.00,81.10,3.949,0.455,0.396,banana,spoiled
142520,140,808.00,92.95,81.15,3.949,0.454,0.397,banana,spoiled
143531,141,808.00,93.00,81.30,3.949,0.455,0.397,banana,spoiled
144542,142,808.00,92.95,81.30,3.949,0.454,0.397,banana,spoiled
145553,143,808.00,92.85,81.15,3.949,0.454,0.397,banana,spoiled
146564,144,808.00,92.95,81.10,3.949,0.454,0.396,banana,spoiled
147574,145,808.00,93.00,81.15,3.949,0.455,0.397,banana,spoiled
148586,146,808.00,92.95,81.30,3.949,0.454,0.397,banana,spoiled
149597,147,808.00,93.00,81.20,3.949,0.455,0.397,banana,spoiled
150607,148,808.00,92.90,81.15,3.949,0.454,0.397,banana,spoiled
151618,149,808.00,92.90,81.20,3.949,0.454,0.397,banana,spoiled
152630,150,808.00,93.00,81.05,3.949,0.455,0.396,banana,spoiled
153640,151,808.00,92.95,81.15,3.949,0.454,0.397,banana,spoiled
154651,152,808.00,93.00,81.10,3.949,0.455,0.396,banana,spoiled
155662,153,808.00,92.95,81.15,3.949,0.454,0.397,banana,spoiled
156674,154,808.00,92.75,81.05,3.949,0.453,0.396,banana,spoiled
157684,155,808.00,92.95,81.10,3.949,0.454,0.396,banana,spoiled
158695,156,808.00,92.90,81.20,3.949,0.454,0.397,banana,spoiled
159706,157,808.00,93.00,81.15,3.949,0.455,0.397,banana,spoiled
160717,158,808.00,92.90,81.10,3.949,0.454,0.396,banana,spoiled
161728,159,808.00,92.85,81.05,3.949,0.454,0.396,banana,spoiled
162739,160,808.00,92.95,81.00,3.949,0.454,0.396,banana,spoiled
163749,161,808.00,92.85,81.15,3.949,0.454,0.397,banana,spoiled
164761,162,808.05,92.85,81.10,3.949,0.454,0.396,banana,spoiled
165772,163,808.00,92.85,81.05,3.949,0.454,0.396,banana,spoiled
166782,164,808.05,92.95,81.05,3.949,0.454,0.396,banana,spoiled
167793,165,808.05,93.00,81.05,3.949,0.455,0.396,banana,spoiled
168805,166,808.00,92.90,81.15,3.949,0.454,0.397,banana,spoiled
169816,167,808.05,92.90,81.00,3.949,0.454,0.396,banana,spoiled
170826,168,808.15,92.85,81.05,3.950,0.454,0.396,banana,spoiled
171837,169,808.05,92.90,81.00,3.949,0.454,0.396,banana,spoiled
172849,170,808.00,92.90,81.15,3.949,0.454,0.397,banana,spoiled
173859,171,808.00,92.90,81.05,3.949,0.454,0.396,banana,spoiled
174870,172,808.00,92.90,81.00,3.949,0.454,0.396,banana,spoiled
175881,173,808.05,92.80,81.10,3.949,0.454,0.396,banana,spoiled
176892,174,808.00,92.95,81.05,3.949,0.454,0.396,banana,spoiled
177903,175,808.00,92.80,81.10,3.949,0.454,0.396,banana,spoiled
178914,176,808.10,92.70,81.00,3.950,0.453,0.396,banana,spoiled
179924,177,808.10,92.95,81.05,3.950,0.454,0.396,banana,spoiled
180936,178,808.10,92.90,81.00,3.950,0.454,0.396,banana,spoiled
181947,179,808.00,92.90,81.20,3.949,0.454,0.397,banana,spoiled
182958,180,808.05,92.85,81.15,3.949,0.454,0.397,banana,spoiled
183968,181,808.10,92.85,81.05,3.950,0.454,0.396,banana,spoiled
184980,182,808.05,92.95,81.15,3.949,0.454,0.397,banana,spoiled
185991,183,808.10,92.80,81.10,3.950,0.454,0.396,banana,spoiled
187001,184,808.20,92.90,81.10,3.950,0.454,0.396,banana,spoiled
188012,185,808.20,92.90,81.15,3.950,0.454,0.397,banana,spoiled
189024,186,808.15,92.95,81.15,3.950,0.454,0.397,banana,spoiled
190034,187,808.05,92.90,81.05,3.949,0.454,0.396,banana,spoiled
191045,188,808.10,92.95,81.10,3.950,0.454,0.396,banana,spoiled
192056,189,808.10,92.90,81.10,3.950,0.454,0.396,banana,spoiled
193068,190,808.20,92.90,81.15,3.950,0.454,0.397,banana,spoiled
194078,191,808.10,92.95,81.00,3.950,0.454,0.396,banana,spoiled
195089,192,808.10,92.95,81.15,3.950,0.454,0.397,banana,spoiled
196100,193,808.25,92.90,81.25,3.950,0.454,0.397,banana,spoiled
197111,194,808.35,92.90,81.00,3.951,0.454,0.396,banana,spoiled
198122,195,808.25,92.85,81.15,3.950,0.454,0.397,banana,spoiled
199133,196,808.25,92.85,81.20,3.950,0.454,0.397,banana,spoiled
200143,197,808.25,92.95,81.05,3.950,0.454,0.396,banana,spoiled
201155,198,808.25,92.90,81.00,3.950,0.454,0.396,banana,spoiled
202166,199,808.40,93.00,81.10,3.951,0.455,0.396,banana,spoiled
203176,200,808.45,92.90,81.10,3.951,0.454,0.396,banana,spoiled
204187,201,808.70,92.90,81.20,3.953,0.454,0.397,banana,spoiled
205199,202,808.60,92.95,81.20,3.952,0.454,0.397,banana,spoiled
206210,203,808.85,92.85,81.05,3.953,0.454,0.396,banana,spoiled
207220,204,808.50,92.90,81.05,3.952,0.454,0.396,banana,spoiled
208231,205,808.50,92.90,81.20,3.952,0.454,0.397,banana,spoiled
209243,206,808.50,92.95,81.10,3.952,0.454,0.396,banana,spoiled
210253,207,808.60,93.00,81.10,3.952,0.455,0.396,banana,spoiled
211264,208,808.65,92.90,81.20,3.952,0.454,0.397,banana,spoiled
212275,209,808.70,93.00,81.10,3.953,0.455,0.396,banana,spoiled
213286,210,808.60,92.95,81.15,3.952,0.454,0.397,banana,spoiled
214297,211,808.50,93.00,81.20,3.952,0.455,0.397,banana,spoiled
215308,212,808.75,93.00,81.00,3.953,0.455,0.396,banana,spoiled
216318,213,808.65,92.95,81.05,3.952,0.454,0.396,banana,spoiled
217330,214,808.65,92.95,81.00,3.952,0.454,0.396,banana,spoiled
218341,215,808.75,92.90,81.10,3.953,0.454,0.396,banana,spoiled
219352,216,808.80,92.95,81.05,3.953,0.454,0.396,banana,spoiled
220363,217,808.80,92.90,81.10,3.953,0.454,0.396,banana,spoiled
221374,218,808.90,92.85,81.15,3.954,0.454,0.397,banana,spoiled
222385,219,808.75,92.80,81.05,3.953,0.454,0.396,banana,spoiled
223395,220,808.80,92.95,81.10,3.953,0.454,0.396,banana,spoiled
224407,221,808.85,93.00,81.05,3.953,0.455,0.396,banana,spoiled
225418,222,809.00,92.95,81.20,3.954,0.454,0.397,banana,spoiled
226428,223,808.75,92.95,81.10,3.953,0.454,0.396,banana,spoiled
227439,224,808.90,92.95,81.05,3.954,0.454,0.396,banana,spoiled
228451,225,808.95,92.95,81.15,3.954,0.454,0.397,banana,spoiled
229462,226,808.90,92.85,81.10,3.954,0.454,0.396,banana,spoiled
230472,227,808.85,93.00,81.20,3.953,0.455,0.397,banana,spoiled
231483,228,808.85,92.95,81.15,3.953,0.454,0.397,banana,spoiled
232495,229,808.90,92.95,81.00,3.954,0.454,0.396,banana,spoiled
233505,230,808.70,92.90,81.00,3.953,0.454,0.396,banana,spoiled
234516,231,808.85,92.95,81.05,3.953,0.454,0.396,banana,spoiled
235527,232,808.85,92.95,81.10,3.953,0.454,0.396,banana,spoiled
236538,233,808.85,92.90,81.10,3.953,0.454,0.396,banana,spoiled
237549,234,808.80,92.95,81.05,3.953,0.454,0.396,banana,spoiled
238560,235,808.80,93.00,81.05,3.953,0.455,0.396,banana,spoiled
239570,236,808.80,92.85,81.05,3.953,0.454,0.396,banana,spoiled
240582,237,809.00,92.90,81.00,3.954,0.454,0.396,banana,spoiled
241593,238,808.90,92.95,81.00,3.954,0.454,0.396,banana,spoiled
242604,239,808.90,92.95,81.05,3.954,0.454,0.396,banana,spoiled
243614,240,808.95,92.90,81.00,3.954,0.454,0.396,banana,spoiled
244626,241,809.00,92.95,81.00,3.954,0.454,0.396,banana,spoiled
245637,242,808.80,92.90,81.10,3.953,0.454,0.396,banana,spoiled
246647,243,808.95,92.95,81.05,3.954,0.454,0.396,banana,spoiled
247658,244,808.80,92.80,81.00,3.953,0.454,0.396,banana,spoiled
248670,245,808.90,92.90,81.05,3.954,0.454,0.396,banana,spoiled
249680,246,808.90,92.80,81.00,3.954,0.454,0.396,banana,spoiled
250691,247,808.85,92.95,81.00,3.953,0.454,0.396,banana,spoiled
251702,248,809.00,92.80,81.00,3.954,0.454,0.396,banana,spoiled
252713,249,808.90,92.95,81.05,3.954,0.454,0.396,banana,spoiled
253724,250,808.95,93.00,81.00,3.954,0.455,0.396,banana,spoiled
254735,251,808.85,93.00,81.05,3.953,0.455,0.396,banana,spoiled
255746,252,809.00,92.85,81.05,3.954,0.454,0.396,banana,spoiled
256757,253,809.00,92.90,81.00,3.954,0.454,0.396,banana,spoiled
257768,254,808.95,92.95,81.05,3.954,0.454,0.396,banana,spoiled
258779,255,808.90,93.00,81.05,3.954,0.455,0.396,banana,spoiled
259789,256,809.00,92.90,81.00,3.954,0.454,0.396,banana,spoiled
260801,257,809.00,92.85,81.00,3.954,0.454,0.396,banana,spoiled
261812,258,808.95,92.85,81.05,3.954,0.454,0.396,banana,spoiled
262822,259,808.95,92.80,81.00,3.954,0.454,0.396,banana,spoiled
263833,260,809.00,93.00,81.05,3.954,0.455,0.396,banana,spoiled
264845,261,809.00,92.95,81.05,3.954,0.454,0.396,banana,spoiled
265856,262,809.00,92.85,81.00,3.954,0.454,0.396,banana,spoiled
266866,263,809.00,92.95,81.00,3.954,0.454,0.396,banana,spoiled
267877,264,809.00,92.90,81.00,3.954,0.454,0.396,banana,spoiled
268889,265,809.00,92.95,81.15,3.954,0.454,0.397,banana,spoiled
269899,266,809.00,92.85,81.00,3.954,0.454,0.396,banana,spoiled
270910,267,809.00,92.90,81.00,3.954,0.454,0.396,banana,spoiled
271921,268,809.00,92.95,81.00,3.954,0.454,0.396,banana,spoiled
272932,269,809.00,92.95,81.05,3.954,0.454,0.396,banana,spoiled
273943,270,809.00,93.00,81.10,3.954,0.455,0.396,banana,spoiled
274954,271,809.00,92.95,81.00,3.954,0.454,0.396,banana,spoiled
275964,272,809.00,92.95,81.05,3.954,0.454,0.396,banana,spoiled
276976,273,809.00,93.00,81.00,3.954,0.455,0.396,banana,spoiled
277987,274,809.00,92.90,81.05,3.954,0.454,0.396,banana,spoiled
278998,275,809.00,92.80,81.00,3.954,0.454,0.396,banana,spoiled
280008,276,809.00,92.90,81.00,3.954,0.454,0.396,banana,spoiled
281020,277,809.00,93.00,81.00,3.954,0.455,0.396,banana,spoiled
282031,278,809.00,92.90,81.00,3.954,0.454,0.396,banana,spoiled
283041,279,809.00,92.90,81.00,3.954,0.454,0.396,banana,spoiled
284052,280,809.00,92.95,81.10,3.954,0.454,0.396,banana,spoiled
285064,281,809.00,92.95,81.00,3.954,0.454,0.396,banana,spoiled
286074,282,809.00,92.65,81.00,3.954,0.453,0.396,banana,spoiled
287085,283,809.00,92.95,81.05,3.954,0.454,0.396,banana,spoiled
288096,284,809.00,92.95,81.05,3.954,0.454,0.396,banana,spoiled
289107,285,809.00,92.90,81.05,3.954,0.454,0.396,banana,spoiled
290118,286,809.00,92.90,81.05,3.954,0.454,0.396,banana,spoiled
291129,287,809.00,92.95,81.00,3.954,0.454,0.396,banana,spoiled
292140,288,809.00,93.00,81.00,3.954,0.455,0.396,banana,spoiled
293150,289,809.00,93.00,81.10,3.954,0.455,0.396,banana,spoiled
294162,290,809.00,92.95,81.00,3.954,0.454,0.396,banana,spoiled
295173,291,809.00,92.90,81.05,3.954,0.454,0.396,banana,spoiled
296183,292,809.00,93.00,81.05,3.954,0.455,0.396,banana,spoiled
297194,293,809.00,93.00,81.00,3.954,0.455,0.396,banana,spoiled
298206,294,809.00,92.80,81.10,3.954,0.454,0.396,banana,spoiled
299216,295,809.00,92.95,81.00,3.954,0.454,0.396,banana,spoiled
300227,296,809.00,92.90,81.00,3.954,0.454,0.396,banana,spoiled
301239,297,809.00,93.00,81.00,3.954,0.455,0.396,banana,spoiled
302249,298,809.00,92.95,81.15,3.954,0.454,0.397,banana,spoiled
303260,299,809.00,92.90,81.00,3.954,0.454,0.396,banana,spoiled
304271,300,809.00,92.95,81.05,3.954,0.454,0.396,banana,spoiled
305283,301,809.00,93.00,81.05,3.954,0.455,0.396,banana,spoiled
306293,302,809.00,93.00,81.05,3.954,0.455,0.396,banana,spoiled
307304,303,809.00,92.80,81.00,3.954,0.454,0.396,banana,spoiled
308315,304,809.00,92.90,81.05,3.954,0.454,0.396,banana,spoiled
309326,305,809.00,92.95,81.00,3.954,0.454,0.396,banana,spoiled
310337,306,809.00,92.95,81.05,3.954,0.454,0.396,banana,spoiled
311348,307,809.00,92.85,81.10,3.954,0.454,0.396,banana,spoiled
312358,308,809.05,92.95,81.00,3.954,0.454,0.396,banana,spoiled
313370,309,809.00,93.00,81.05,3.954,0.455,0.396,banana,spoiled
314381,310,809.00,92.95,81.00,3.954,0.454,0.396,banana,spoiled
315392,311,809.00,92.90,81.00,3.954,0.454,0.396,banana,spoiled
316402,312,809.00,92.95,81.10,3.954,0.454,0.396,banana,spoiled
317414,313,809.00,92.95,81.00,3.954,0.454,0.396,banana,spoiled
318425,314,809.00,92.95,81.10,3.954,0.454,0.396,banana,spoiled
319435,315,809.00,93.00,81.05,3.954,0.455,0.396,banana,spoiled
320446,316,809.00,92.95,81.00,3.954,0.454,0.396,banana,spoiled
321458,317,809.00,92.85,81.00,3.954,0.454,0.396,banana,spoiled
322468,318,809.00,92.95,81.05,3.954,0.454,0.396,banana,spoiled
323479,319,809.00,92.90,81.10,3.954,0.454,0.396,banana,spoiled
324490,320,809.00,92.95,81.00,3.954,0.454,0.396,banana,spoiled
325501,321,809.05,92.95,81.00,3.954,0.454,0.396,banana,spoiled
326512,322,809.00,92.90,81.00,3.954,0.454,0.396,banana,spoiled
327523,323,809.00,92.85,81.05,3.954,0.454,0.396,banana,spoiled
328534,324,809.00,92.85,81.05,3.954,0.454,0.396,banana,spoiled
329545,325,809.05,92.95,81.00,3.954,0.454,0.396,banana,spoiled
330556,326,809.10,92.90,81.00,3.955,0.454,0.396,banana,spoiled
331567,327,809.00,92.90,81.00,3.954,0.454,0.396,banana,spoiled
332577,328,809.00,92.90,81.00,3.954,0.454,0.396,banana,spoiled
333588,329,809.10,93.00,81.00,3.955,0.455,0.396,banana,spoiled
334600,330,809.00,92.85,81.00,3.954,0.454,0.396,banana,spoiled
335610,331,809.00,92.95,81.00,3.954,0.454,0.396,banana,spoiled
336621,332,809.00,92.90,81.00,3.954,0.454,0.396,banana,spoiled
337633,333,809.00,92.95,81.00,3.954,0.454,0.396,banana,spoiled
338643,334,809.00,92.95,81.00,3.954,0.454,0.396,banana,spoiled
339654,335,809.00,92.80,81.00,3.954,0.454,0.396,banana,spoiled
340665,336,809.00,92.90,81.00,3.954,0.454,0.396,banana,spoiled
341677,337,809.00,92.90,81.00,3.954,0.454,0.396,banana,spoiled
342687,338,809.05,92.95,81.05,3.954,0.454,0.396,banana,spoiled
343698,339,809.05,92.85,81.00,3.954,0.454,0.396,banana,spoiled
344709,340,809.00,92.90,81.00,3.954,0.454,0.396,banana,spoiled
345720,341,809.05,92.85,81.00,3.954,0.454,0.396,banana,spoiled
346731,342,809.00,92.80,81.00,3.954,0.454,0.396,banana,spoiled
347742,343,809.00,92.90,81.00,3.954,0.454,0.396,banana,spoiled
348752,344,809.00,92.80,81.00,3.954,0.454,0.396,banana,spoiled
349763,345,809.05,92.95,81.00,3.954,0.454,0.396,banana,spoiled
350775,346,809.05,92.90,81.00,3.954,0.454,0.396,banana,spoiled
351785,347,809.00,92.80,81.00,3.954,0.454,0.396,banana,spoiled
352796,348,809.00,92.95,81.00,3.954,0.454,0.396,banana,spoiled
353807,349,809.20,92.70,81.00,3.955,0.453,0.396,banana,spoiled
354819,350,809.05,92.90,81.00,3.954,0.454,0.396,banana,spoiled
355829,351,809.00,92.95,81.00,3.954,0.454,0.396,banana,spoiled
356840,352,809.05,92.75,81.00,3.954,0.453,0.396,banana,spoiled
357852,353,809.10,92.75,81.00,3.955,0.453,0.396,banana,spoiled
358862,354,809.10,92.75,81.00,3.955,0.453,0.396,banana,spoiled
359873,355,809.10,92.75,81.00,3.955,0.453,0.396,banana,spoiled
360884,356,809.15,92.85,81.00,3.955,0.454,0.396,banana,spoiled
361895,357,809.05,92.90,81.00,3.954,0.454,0.396,banana,spoiled
362906,358,809.10,92.80,81.00,3.955,0.454,0.396,banana,spoiled
363917,359,809.15,92.75,81.00,3.955,0.453,0.396,banana,spoiled
364928,360,809.15,92.90,81.00,3.955,0.454,0.396,banana,spoiled
365939,361,809.00,92.95,81.00,3.954,0.454,0.396,banana,spoiled
366950,362,809.15,92.90,81.00,3.955,0.454,0.396,banana,spoiled
367961,363,809.20,92.80,81.00,3.955,0.454,0.396,banana,spoiled
368971,364,809.10,92.75,80.95,3.955,0.453,0.396,banana,spoiled
369983,365,809.15,92.80,81.00,3.955,0.454,0.396,banana,spoiled
370994,366,809.10,92.90,81.00,3.955,0.454,0.396,banana,spoiled
372004,367,809.20,92.80,81.00,3.955,0.454,0.396,banana,spoiled
373015,368,809.05,92.60,81.00,3.954,0.453,0.396,banana,spoiled
374027,369,809.30,92.70,81.00,3.956,0.453,0.396,banana,spoiled
375037,370,809.20,92.85,81.00,3.955,0.454,0.396,banana,spoiled
376048,371,809.20,92.75,81.00,3.955,0.453,0.396,banana,spoiled
377059,372,809.10,92.75,81.00,3.955,0.453,0.396,banana,spoiled
378071,373,809.10,92.80,81.00,3.955,0.454,0.396,banana,spoiled
379081,374,809.10,92.85,81.00,3.955,0.454,0.396,banana,spoiled
380092,375,809.00,92.75,81.00,3.954,0.453,0.396,banana,spoiled
381103,376,809.15,92.75,81.00,3.955,0.453,0.396,banana,spoiled
382114,377,809.15,92.75,81.00,3.955,0.453,0.396,banana,spoiled
383125,378,809.15,92.65,81.00,3.955,0.453,0.396,banana,spoiled
384136,379,809.15,92.70,81.00,3.955,0.453,0.396,banana,spoiled
385146,380,809.30,92.60,80.95,3.956,0.453,0.396,banana,spoiled
386158,381,809.15,92.85,81.00,3.955,0.454,0.396,banana,spoiled
387169,382,809.00,92.75,81.00,3.954,0.453,0.396,banana,spoiled
388179,383,809.15,92.95,81.00,3.955,0.454,0.396,banana,spoiled
389190,384,809.20,92.75,81.00,3.955,0.453,0.396,banana,spoiled
390202,385,809.20,92.70,81.00,3.955,0.453,0.396,banana,spoiled
391213,386,809.15,92.75,81.00,3.955,0.453,0.396,banana,spoiled
392223,387,809.10,92.60,81.00,3.955,0.453,0.396,banana,spoiled
393234,388,809.10,92.65,81.00,3.955,0.453,0.396,banana,spoiled
394246,389,809.35,92.55,81.00,3.956,0.452,0.396,banana,spoiled
395256,390,809.15,92.75,81.00,3.955,0.453,0.396,banana,spoiled
396267,391,809.05,92.65,81.00,3.954,0.453,0.396,banana,spoiled
397278,392,809.30,92.55,81.00,3.956,0.452,0.396,banana,spoiled
398289,393,809.25,92.70,81.00,3.955,0.453,0.396,banana,spoiled
399300,394,809.15,92.65,81.00,3.955,0.453,0.396,banana,spoiled
400311,395,809.25,92.75,81.00,3.955,0.453,0.396,banana,spoiled
401321,396,809.20,92.70,81.00,3.955,0.453,0.396,banana,spoiled
402333,397,809.30,92.65,81.00,3.956,0.453,0.396,banana,spoiled
403344,398,809.35,92.65,81.00,3.956,0.453,0.396,banana,spoiled
404355,399,809.40,92.60,81.00,3.956,0.453,0.396,banana,spoiled
405365,400,809.35,92.80,81.00,3.956,0.454,0.396,banana,spoiled
406377,401,809.25,92.70,81.05,3.955,0.453,0.396,banana,spoiled
407388,402,809.30,92.70,81.00,3.956,0.453,0.396,banana,spoiled
408398,403,809.60,92.65,81.00,3.957,0.453,0.396,banana,spoiled
409409,404,809.40,92.70,81.00,3.956,0.453,0.396,banana,spoiled
410421,405,809.25,92.80,81.00,3.955,0.454,0.396,banana,spoiled
411431,406,809.45,92.65,81.00,3.956,0.453,0.396,banana,spoiled
412442,407,809.45,92.55,81.00,3.956,0.452,0.396,banana,spoiled
413453,408,809.40,92.70,81.00,3.956,0.453,0.396,banana,spoiled
414465,409,809.40,92.65,81.00,3.956,0.453,0.396,banana,spoiled
415475,410,809.30,92.60,81.00,3.956,0.453,0.396,banana,spoiled
416486,411,809.25,92.70,81.00,3.955,0.453,0.396,banana,spoiled
417497,412,809.20,92.80,81.00,3.955,0.454,0.396,banana,spoiled
418508,413,809.30,92.60,81.05,3.956,0.453,0.396,banana,spoiled
419519,414,809.25,92.40,81.00,3.955,0.452,0.396,banana,spoiled
420530,415,809.45,92.55,81.00,3.956,0.452,0.396,banana,spoiled
421540,416,809.35,92.55,81.00,3.956,0.452,0.396,banana,spoiled
422552,417,809.30,92.40,81.00,3.956,0.452,0.396,banana,spoiled
423563,418,809.45,92.55,81.00,3.956,0.452,0.396,banana,spoiled
424573,419,809.50,92.70,81.00,3.957,0.453,0.396,banana,spoiled
425584,420,809.30,92.65,81.00,3.956,0.453,0.396,banana,spoiled
426596,421,809.20,92.40,81.00,3.955,0.452,0.396,banana,spoiled
427607,422,809.35,92.45,81.00,3.956,0.452,0.396,banana,spoiled
428617,423,809.60,92.60,81.05,3.957,0.453,0.396,banana,spoiled
429628,424,809.25,92.45,81.00,3.955,0.452,0.396,banana,spoiled
430640,425,809.45,92.55,81.00,3.956,0.452,0.396,banana,spoiled
431650,426,809.35,92.65,81.00,3.956,0.453,0.396,banana,spoiled
432661,427,809.30,92.45,81.00,3.956,0.452,0.396,banana,spoiled
433672,428,809.35,92.35,81.00,3.956,0.451,0.396,banana,spoiled
434683,429,809.45,92.50,81.00,3.956,0.452,0.396,banana,spoiled
435694,430,809.30,92.55,81.00,3.956,0.452,0.396,banana,spoiled
436705,431,809.35,92.55,81.00,3.956,0.452,0.396,banana,spoiled
437715,432,809.35,92.65,81.00,3.956,0.453,0.396,banana,spoiled
438727,433,809.40,92.60,81.00,3.956,0.453,0.396,banana,spoiled
439738,434,809.35,92.65,81.00,3.956,0.453,0.396,banana,spoiled
440749,435,809.40,92.45,81.00,3.956,0.452,0.396,banana,spoiled
441759,436,809.40,92.25,81.00,3.956,0.451,0.396,banana,spoiled
442771,437,809.25,92.45,81.00,3.955,0.452,0.396,banana,spoiled
443782,438,809.50,92.35,81.00,3.957,0.451,0.396,banana,spoiled
444792,439,809.25,92.45,81.00,3.955,0.452,0.396,banana,spoiled
445803,440,809.30,92.35,81.00,3.956,0.451,0.396,banana,spoiled
446815,441,809.50,92.50,81.00,3.957,0.452,0.396,banana,spoiled
447825,442,809.30,92.40,81.00,3.956,0.452,0.396,banana,spoiled
448836,443,809.35,92.40,81.00,3.956,0.452,0.396,banana,spoiled
449847,444,809.40,92.35,81.00,3.956,0.451,0.396,banana,spoiled
450859,445,809.45,92.45,81.00,3.956,0.452,0.396,banana,spoiled
451869,446,809.60,92.30,81.00,3.957,0.451,0.396,banana,spoiled
452880,447,810.00,92.50,81.00,3.959,0.452,0.396,banana,spoiled
453891,448,810.00,92.35,80.95,3.959,0.451,0.396,banana,spoiled
454902,449,810.00,92.35,81.00,3.959,0.451,0.396,banana,spoiled
455913,450,810.00,92.25,81.00,3.959,0.451,0.396,banana,spoiled
456924,451,810.00,92.50,81.00,3.959,0.452,0.396,banana,spoiled
457935,452,810.15,92.40,81.00,3.960,0.452,0.396,banana,spoiled
458946,453,810.15,92.45,81.00,3.960,0.452,0.396,banana,spoiled
459957,454,810.20,92.40,81.05,3.960,0.452,0.396,banana,spoiled
460967,455,810.60,92.40,80.95,3.962,0.452,0.396,banana,spoiled
461979,456,810.70,92.15,81.00,3.962,0.450,0.396,banana,spoiled
462990,457,810.70,92.35,81.00,3.962,0.451,0.396,banana,spoiled
464001,458,810.90,92.45,80.95,3.963,0.452,0.396,banana,spoiled
465011,459,811.00,92.25,81.00,3.964,0.451,0.396,banana,spoiled
466023,460,811.00,92.25,81.00,3.964,0.451,0.396,banana,spoiled
467034,461,811.00,92.15,81.00,3.964,0.450,0.396,banana,spoiled
468044,462,811.00,92.20,81.00,3.964,0.451,0.396,banana,spoiled
469055,463,811.05,92.20,81.00,3.964,0.451,0.396,banana,spoiled
470067,464,811.00,92.15,81.00,3.964,0.450,0.396,banana,spoiled
471077,465,811.15,92.10,81.00,3.965,0.450,0.396,banana,spoiled
472088,466,811.35,92.25,81.00,3.966,0.451,0.396,banana,spoiled
473099,467,811.65,92.40,80.95,3.967,0.452,0.396,banana,spoiled
474110,468,811.60,92.10,80.95,3.967,0.450,0.396,banana,spoiled
475121,469,811.80,92.20,81.00,3.968,0.451,0.396,banana,spoiled
476132,470,811.80,92.30,81.00,3.968,0.451,0.396,banana,spoiled
477143,471,811.90,92.20,81.00,3.968,0.451,0.396,banana,spoiled
478154,472,811.95,92.15,81.00,3.968,0.450,0.396,banana,spoiled
479165,473,811.95,92.25,81.00,3.968,0.451,0.396,banana,spoiled
480176,474,812.00,92.10,80.95,3.969,0.450,0.396,banana,spoiled
481186,475,812.05,92.15,81.00,3.969,0.450,0.396,banana,spoiled
482198,476,812.00,92.10,81.00,3.969,0.450,0.396,banana,spoiled
483209,477,812.00,92.10,81.00,3.969,0.450,0.396,banana,spoiled
484219,478,812.00,92.20,81.00,3.969,0.451,0.396,banana,spoiled
485230,479,812.00,92.05,81.00,3.969,0.450,0.396,banana,spoiled
486242,480,812.00,92.15,81.00,3.969,0.450,0.396,banana,spoiled
487252,481,812.00,92.00,81.00,3.969,0.450,0.396,banana,spoiled
488263,482,812.05,92.00,81.00,3.969,0.450,0.396,banana,spoiled
489274,483,812.05,92.20,81.00,3.969,0.451,0.396,banana,spoiled
490286,484,812.05,92.25,81.00,3.969,0.451,0.396,banana,spoiled
491296,485,812.15,92.05,81.00,3.969,0.450,0.396,banana,spoiled
492307,486,812.10,92.25,81.00,3.969,0.451,0.396,banana,spoiled
493318,487,812.25,92.10,80.95,3.970,0.450,0.396,banana,spoiled
494329,488,812.40,92.25,80.90,3.971,0.451,0.395,banana,spoiled
495340,489,812.45,92.00,81.00,3.971,0.450,0.396,banana,spoiled
496351,490,812.50,92.00,80.95,3.971,0.450,0.396,banana,spoiled
497361,491,812.30,92.00,80.95,3.970,0.450,0.396,banana,spoiled
498373,492,812.75,92.10,81.00,3.972,0.450,0.396,banana,spoiled
499384,493,812.75,92.10,80.90,3.972,0.450,0.395,banana,spoiled
500395,494,812.85,92.05,80.95,3.973,0.450,0.396,banana,spoiled
501405,495,812.80,92.25,81.00,3.973,0.451,0.396,banana,spoiled
502417,496,812.90,92.20,80.95,3.973,0.451,0.396,banana,spoiled
503428,497,812.95,92.15,80.95,3.973,0.450,0.396,banana,spoiled
504438,498,812.95,92.05,80.90,3.973,0.450,0.395,banana,spoiled
505449,499,812.90,92.00,81.00,3.973,0.450,0.396,banana,spoiled
506461,500,813.00,92.05,80.95,3.974,0.450,0.396,banana,spoiled
507471,501,813.00,92.15,81.00,3.974,0.450,0.396,banana,spoiled
508482,502,813.00,92.05,80.95,3.974,0.450,0.396,banana,spoiled
509493,503,813.00,92.00,81.00,3.974,0.450,0.396,banana,spoiled
510504,504,813.00,92.10,80.90,3.974,0.450,0.395,banana,spoiled
511515,505,813.00,92.00,81.00,3.974,0.450,0.396,banana,spoiled
512526,506,813.00,92.05,81.00,3.974,0.450,0.396,banana,spoiled
513537,507,812.95,92.10,81.00,3.973,0.450,0.396,banana,spoiled
514548,508,813.00,92.05,80.95,3.974,0.450,0.396,banana,spoiled
515559,509,813.00,92.00,81.00,3.974,0.450,0.396,banana,spoiled
516570,510,813.00,92.05,80.95,3.974,0.450,0.396,banana,spoiled
517580,511,813.00,92.15,81.00,3.974,0.450,0.396,banana,spoiled
518592,512,813.00,92.00,81.00,3.974,0.450,0.396,banana,spoiled
519603,513,813.00,92.00,80.95,3.974,0.450,0.396,banana,spoiled
520613,514,813.00,92.05,80.90,3.974,0.450,0.395,banana,spoiled
521624,515,813.00,92.10,80.90,3.974,0.450,0.395,banana,spoiled
522636,516,813.00,92.00,80.95,3.974,0.450,0.396,banana,spoiled
523646,517,813.00,92.15,80.85,3.974,0.450,0.395,banana,spoiled
524657,518,813.00,92.10,81.00,3.974,0.450,0.396,banana,spoiled
525668,519,813.00,92.00,80.90,3.974,0.450,0.395,banana,spoiled
526680,520,813.00,92.05,80.95,3.974,0.450,0.396,banana,spoiled
527690,521,813.00,92.05,80.90,3.974,0.450,0.395,banana,spoiled
528701,522,813.00,92.10,81.00,3.974,0.450,0.396,banana,spoiled
529712,523,813.10,92.05,80.85,3.974,0.450,0.395,banana,spoiled
530723,524,813.00,92.00,80.85,3.974,0.450,0.395,banana,spoiled
531734,525,813.05,92.00,81.00,3.974,0.450,0.396,banana,spoiled
532745,526,813.00,92.05,80.95,3.974,0.450,0.396,banana,spoiled
533755,527,813.00,92.10,81.00,3.974,0.450,0.396,banana,spoiled
534767,528,813.00,92.05,81.00,3.974,0.450,0.396,banana,spoiled
535778,529,813.00,92.05,81.00,3.974,0.450,0.396,banana,spoiled
536788,530,813.00,92.25,80.95,3.974,0.451,0.396,banana,spoiled
537799,531,813.00,92.05,80.85,3.974,0.450,0.395,banana,spoiled
538811,532,813.05,92.10,80.95,3.974,0.450,0.396,banana,spoiled
539822,533,813.00,92.05,81.00,3.974,0.450,0.396,banana,spoiled
540832,534,813.00,92.05,81.00,3.974,0.450,0.396,banana,spoiled
541843,535,813.15,92.15,81.00,3.974,0.450,0.396,banana,spoiled
542855,536,813.15,92.10,80.95,3.974,0.450,0.396,banana,spoiled
543865,537,813.10,92.05,80.95,3.974,0.450,0.396,banana,spoiled
544876,538,813.35,92.30,80.95,3.975,0.451,0.396,banana,spoiled
545887,539,813.30,92.05,81.00,3.975,0.450,0.396,banana,spoiled
546898,540,813.10,92.00,81.00,3.974,0.450,0.396,banana,spoiled
547909,541,813.20,92.05,80.95,3.975,0.450,0.396,banana,spoiled
548920,542,813.40,92.05,81.00,3.976,0.450,0.396,banana,spoiled
549931,543,813.40,92.15,80.90,3.976,0.450,0.395,banana,spoiled
550942,544,813.40,92.20,80.95,3.976,0.451,0.396,banana,spoiled
551953,545,813.50,92.10,80.95,3.976,0.450,0.396,banana,spoiled
552964,546,813.25,92.05,80.95,3.975,0.450,0.396,banana,spoiled
553975,547,813.55,92.00,80.90,3.976,0.450,0.395,banana,spoiled
554986,548,813.45,92.10,80.95,3.976,0.450,0.396,banana,spoiled
555997,549,813.35,92.10,80.95,3.975,0.450,0.396,banana,spoiled
557007,550,813.45,92.00,81.00,3.976,0.450,0.396,banana,spoiled
558019,551,813.35,92.15,81.00,3.975,0.450,0.396,banana,spoiled
559030,552,813.60,92.20,80.95,3.977,0.451,0.396,banana,spoiled
560040,553,813.65,92.10,80.85,3.977,0.450,0.395,banana,spoiled
561051,554,813.40,92.05,81.00,3.976,0.450,0.396,banana,spoiled
562063,555,813.70,92.10,81.00,3.977,0.450,0.396,banana,spoiled
563074,556,813.50,92.00,81.00,3.976,0.450,0.396,banana,spoiled
564084,557,813.75,92.05,81.00,3.977,0.450,0.396,banana,spoiled
565095,558,813.55,92.05,81.00,3.976,0.450,0.396,banana,spoiled
566107,559,813.65,92.05,81.00,3.977,0.450,0.396,banana,spoiled
567117,560,813.75,92.05,81.00,3.977,0.450,0.396,banana,spoiled
568128,561,813.95,92.00,81.00,3.978,0.450,0.396,banana,spoiled
569139,562,813.55,92.15,81.00,3.976,0.450,0.396,banana,spoiled
570150,563,813.95,92.00,81.00,3.978,0.450,0.396,banana,spoiled
571161,564,813.75,92.05,80.95,3.977,0.450,0.396,banana,spoiled
572172,565,813.50,92.00,81.00,3.976,0.450,0.396,banana,spoiled
573182,566,813.75,92.10,81.00,3.977,0.450,0.396,banana,spoiled
574194,567,813.90,92.05,81.00,3.978,0.450,0.396,banana,spoiled
575205,568,813.85,92.00,81.00,3.978,0.450,0.396,banana,spoiled
576216,569,813.85,92.05,81.00,3.978,0.450,0.396,banana,spoiled
577226,570,813.90,92.05,81.00,3.978,0.450,0.396,banana,spoiled
578238,571,813.90,92.05,81.00,3.978,0.450,0.396,banana,spoiled
579249,572,813.95,92.05,81.00,3.978,0.450,0.396,banana,spoiled
580259,573,813.95,92.10,80.95,3.978,0.450,0.396,banana,spoiled
581270,574,813.95,92.10,80.90,3.978,0.450,0.395,banana,spoiled
582282,575,813.90,92.10,80.90,3.978,0.450,0.395,banana,spoiled
583292,576,813.95,92.15,81.00,3.978,0.450,0.396,banana,spoiled
584303,577,813.95,92.25,80.95,3.978,0.451,0.396,banana,spoiled
585314,578,814.00,92.00,80.95,3.978,0.450,0.396,banana,spoiled
586326,579,814.00,92.10,81.00,3.978,0.450,0.396,banana,spoiled
587336,580,813.90,92.10,81.00,3.978,0.450,0.396,banana,spoiled
588347,581,814.00,92.05,81.00,3.978,0.450,0.396,banana,spoiled
589358,582,814.00,92.15,81.00,3.978,0.450,0.396,banana,spoiled
590369,583,814.00,92.15,81.00,3.978,0.450,0.396,banana,spoiled
591380,584,814.00,92.10,81.00,3.978,0.450,0.396,banana,spoiled
592391,585,813.90,92.15,81.00,3.978,0.450,0.396,banana,spoiled
593401,586,814.00,92.10,81.00,3.978,0.450,0.396,banana,spoiled
594412,587,814.00,92.15,81.00,3.978,0.450,0.396,banana,spoiled
595424,588,814.00,92.05,81.00,3.978,0.450,0.396,banana,spoiled
596434,589,814.00,92.05,81.00,3.978,0.450,0.396,banana,spoiled
597445,590,814.00,92.05,80.95,3.978,0.450,0.396,banana,spoiled
598456,591,814.00,92.10,81.00,3.978,0.450,0.396,banana,spoiled
599468,592,814.00,92.10,81.00,3.978,0.450,0.396,banana,spoiled
600478,593,814.00,92.15,81.00,3.978,0.450,0.396,banana,spoiled
601489,594,813.95,92.05,81.00,3.978,0.450,0.396,banana,spoiled
602500,595,814.00,92.05,80.90,3.978,0.450,0.395,banana,spoiled
603511,596,814.00,92.10,81.00,3.978,0.450,0.396,banana,spoiled
604522,597,814.00,92.10,81.00,3.978,0.450,0.396,banana,spoiled
605533,598,814.00,92.10,81.00,3.978,0.450,0.396,banana,spoiled
606543,599,814.00,92.10,81.00,3.978,0.450,0.396,banana,spoiled
607555,600,814.00,92.10,80.90,3.978,0.450,0.395,banana,spoiled
608566,601,814.00,92.00,81.00,3.978,0.450,0.396,banana,spoiled
609576,602,814.00,92.10,81.00,3.978,0.450,0.396,banana,spoiled
610587,603,814.00,92.10,81.00,3.978,0.450,0.396,banana,spoiled
611599,604,814.00,92.15,81.00,3.978,0.450,0.396,banana,spoiled
612610,605,814.00,92.00,81.00,3.978,0.450,0.396,banana,spoiled
613620,606,814.05,92.15,81.00,3.979,0.450,0.396,banana,spoiled
614631,607,814.00,92.10,81.00,3.978,0.450,0.396,banana,spoiled
615643,608,814.00,92.25,81.00,3.978,0.451,0.396,banana,spoiled
616653,609,814.00,92.10,80.85,3.978,0.450,0.395,banana,spoiled
617664,610,814.00,92.15,81.00,3.978,0.450,0.396,banana,spoiled
618675,611,814.00,92.15,80.95,3.978,0.450,0.396,banana,spoiled
619686,612,814.00,92.10,81.00,3.978,0.450,0.396,banana,spoiled
620697,613,814.00,92.15,80.95,3.978,0.450,0.396,banana,spoiled
621708,614,814.00,92.25,80.95,3.978,0.451,0.396,banana,spoiled
622718,615,814.00,92.15,80.95,3.978,0.450,0.396,banana,spoiled
623730,616,814.00,92.20,81.00,3.978,0.451,0.396,banana,spoiled
624741,617,814.00,92.10,81.00,3.978,0.450,0.396,banana,spoiled
625752,618,814.00,92.20,80.95,3.978,0.451,0.396,banana,spoiled
626762,619,814.00,92.10,81.00,3.978,0.450,0.396,banana,spoiled
627774,620,814.00,92.10,81.00,3.978,0.450,0.396,banana,spoiled
628785,621,814.00,92.20,81.00,3.978,0.451,0.396,banana,spoiled
629795,622,814.00,92.15,81.00,3.978,0.450,0.396,banana,spoiled
630806,623,814.00,92.20,80.95,3.978,0.451,0.396,banana,spoiled
631818,624,814.00,92.30,81.00,3.978,0.451,0.396,banana,spoiled
632828,625,814.00,92.20,80.95,3.978,0.451,0.396,banana,spoiled
633839,626,814.00,92.20,81.00,3.978,0.451,0.396,banana,spoiled
634850,627,814.05,92.45,81.00,3.979,0.452,0.396,banana,spoiled
635862,628,814.00,92.15,81.00,3.978,0.450,0.396,banana,spoiled
636872,629,814.00,92.25,80.95,3.978,0.451,0.396,banana,spoiled
637883,630,814.00,92.30,81.00,3.978,0.451,0.396,banana,spoiled
638895,631,814.00,92.20,81.00,3.978,0.451,0.396,banana,spoiled
639905,632,814.00,92.40,81.00,3.978,0.452,0.396,banana,spoiled
640916,633,814.00,92.25,81.00,3.978,0.451,0.396,banana,spoiled
641927,634,814.15,92.40,81.00,3.979,0.452,0.396,banana,spoiled
642938,635,814.05,92.15,80.95,3.979,0.450,0.396,banana,spoiled
643949,636,814.00,92.35,81.00,3.978,0.451,0.396,banana,spoiled
644960,637,814.00,92.30,81.00,3.978,0.451,0.396,banana,spoiled
645970,638,814.05,92.30,81.00,3.979,0.451,0.396,banana,spoiled
646982,639,814.05,92.30,80.90,3.979,0.451,0.395,banana,spoiled
647993,640,814.05,92.55,81.00,3.979,0.452,0.396,banana,spoiled
649004,641,814.00,92.35,81.00,3.978,0.451,0.396,banana,spoiled
650014,642,814.10,92.35,81.00,3.979,0.451,0.396,banana,spoiled
651026,643,814.05,92.55,81.00,3.979,0.452,0.396,banana,spoiled
652037,644,814.05,92.45,80.95,3.979,0.452,0.396,banana,spoiled
653047,645,814.05,92.40,80.95,3.979,0.452,0.396,banana,spoiled
654058,646,814.05,92.15,81.00,3.979,0.450,0.396,banana,spoiled
655070,647,814.05,92.40,81.00,3.979,0.452,0.396,banana,spoiled
656080,648,814.00,92.45,80.95,3.978,0.452,0.396,banana,spoiled
657091,649,814.00,92.25,81.00,3.978,0.451,0.396,banana,spoiled
658102,650,814.00,92.35,80.95,3.978,0.451,0.396,banana,spoiled
659113,651,814.00,92.50,80.90,3.978,0.452,0.395,banana,spoiled
660124,652,814.05,92.35,80.95,3.979,0.451,0.396,banana,spoiled
661135,653,814.15,92.45,80.95,3.979,0.452,0.396,banana,spoiled
662146,654,814.05,92.35,81.00,3.979,0.451,0.396,banana,spoiled
663157,655,814.10,92.55,81.00,3.979,0.452,0.396,banana,spoiled
664168,656,814.25,92.35,81.00,3.980,0.451,0.396,banana,spoiled
665179,657,814.15,92.20,81.00,3.979,0.451,0.396,banana,spoiled
666189,658,814.00,92.45,80.95,3.978,0.452,0.396,banana,spoiled
667201,659,814.00,92.30,81.00,3.978,0.451,0.396,banana,spoiled
668212,660,814.05,92.45,81.00,3.979,0.452,0.396,banana,spoiled
669222,661,814.00,92.50,81.00,3.978,0.452,0.396,banana,spoiled
670233,662,814.15,92.20,80.95,3.979,0.451,0.396,banana,spoiled
671245,663,814.05,92.30,80.90,3.979,0.451,0.395,banana,spoiled
672256,664,814.05,92.55,80.95,3.979,0.452,0.396,banana,spoiled
673266,665,814.20,92.40,81.00,3.979,0.452,0.396,banana,spoiled
674277,666,814.10,92.40,81.00,3.979,0.452,0.396,banana,spoiled
675289,667,814.25,92.20,80.90,3.980,0.451,0.395,banana,spoiled
676299,668,814.10,92.35,80.95,3.979,0.451,0.396,banana,spoiled
677310,669,814.10,92.40,80.95,3.979,0.452,0.396,banana,spoiled
678321,670,814.15,92.40,81.00,3.979,0.452,0.396,banana,spoiled
679332,671,814.15,92.25,80.95,3.979,0.451,0.396,banana,spoiled
680343,672,814.20,92.35,81.00,3.979,0.451,0.396,banana,spoiled
681354,673,814.40,92.35,81.00,3.980,0.451,0.396,banana,spoiled
682365,674,814.40,92.20,80.95,3.980,0.451,0.396,banana,spoiled
683376,675,814.45,92.45,80.90,3.981,0.452,0.395,banana,spoiled
684387,676,814.35,92.55,81.00,3.980,0.452,0.396,banana,spoiled
685398,677,814.20,92.40,81.00,3.979,0.452,0.396,banana,spoiled
686409,678,814.35,92.50,80.90,3.980,0.452,0.395,banana,spoiled
687420,679,814.20,92.75,81.00,3.979,0.453,0.396,banana,spoiled
688431,680,814.40,92.50,81.00,3.980,0.452,0.396,banana,spoiled
689441,681,814.20,92.45,81.00,3.979,0.452,0.396,banana,spoiled
690453,682,814.50,92.45,81.00,3.981,0.452,0.396,banana,spoiled
691464,683,814.70,92.60,80.95,3.982,0.453,0.396,banana,spoiled
692474,684,814.50,92.55,80.95,3.981,0.452,0.396,banana,spoiled
693485,685,814.70,92.65,81.00,3.982,0.453,0.396,banana,spoiled
694497,686,814.40,92.60,81.00,3.980,0.453,0.396,banana,spoiled
695507,687,814.55,92.75,81.00,3.981,0.453,0.396,banana,spoiled
696518,688,814.60,92.70,81.00,3.981,0.453,0.396,banana,spoiled
697529,689,814.70,92.75,80.95,3.982,0.453,0.396,banana,spoiled
698541,690,814.85,92.90,81.00,3.983,0.454,0.396,banana,spoiled
699551,691,814.80,92.80,81.00,3.982,0.454,0.396,banana,spoiled
700562,692,814.75,92.95,81.00,3.982,0.454,0.396,banana,spoiled
701573,693,814.75,92.85,81.00,3.982,0.454,0.396,banana,spoiled
702584,694,814.85,92.85,81.00,3.983,0.454,0.396,banana,spoiled
703595,695,814.70,93.00,81.00,3.982,0.455,0.396,banana,spoiled
704606,696,814.80,92.90,81.00,3.982,0.454,0.396,banana,spoiled
705616,697,814.90,92.85,81.00,3.983,0.454,0.396,banana,spoiled
706628,698,814.80,92.95,81.00,3.982,0.454,0.396,banana,spoiled
707639,699,814.95,92.95,81.00,3.983,0.454,0.396,banana,spoiled
708649,700,814.95,92.95,81.00,3.983,0.454,0.396,banana,spoiled
709660,701,814.90,93.00,81.00,3.983,0.455,0.396,banana,spoiled
710672,702,814.85,93.00,81.00,3.983,0.455,0.396,banana,spoiled
711683,703,814.85,93.00,81.00,3.983,0.455,0.396,banana,spoiled
712693,704,815.00,92.85,81.00,3.983,0.454,0.396,banana,spoiled
713704,705,814.95,93.00,81.00,3.983,0.455,0.396,banana,spoiled
714716,706,815.00,92.95,81.00,3.983,0.454,0.396,banana,spoiled
715726,707,814.95,93.00,81.00,3.983,0.455,0.396,banana,spoiled
716737,708,815.00,93.00,81.00,3.983,0.455,0.396,banana,spoiled
717748,709,815.00,92.95,81.00,3.983,0.454,0.396,banana,spoiled
718759,710,815.00,93.00,81.00,3.983,0.455,0.396,banana,spoiled
719770,711,815.00,92.90,81.00,3.983,0.454,0.396,banana,spoiled
720781,712,814.95,93.00,81.00,3.983,0.455,0.396,banana,spoiled
721792,713,814.95,93.00,81.00,3.983,0.455,0.396,banana,spoiled
722803,714,814.95,92.95,81.00,3.983,0.454,0.396,banana,spoiled
723814,715,815.00,92.95,81.00,3.983,0.454,0.396,banana,spoiled
724825,716,815.00,93.00,81.00,3.983,0.455,0.396,banana,spoiled
725835,717,815.00,92.95,81.05,3.983,0.454,0.396,banana,spoiled
726847,718,814.95,93.00,81.00,3.983,0.455,0.396,banana,spoiled
727858,719,815.00,93.00,81.00,3.983,0.455,0.396,banana,spoiled
728868,720,815.00,93.00,81.05,3.983,0.455,0.396,banana,spoiled
729879,721,815.00,93.00,81.00,3.983,0.455,0.396,banana,spoiled
730891,722,815.00,93.00,81.05,3.983,0.455,0.396,banana,spoiled
731901,723,815.00,93.00,81.00,3.983,0.455,0.396,banana,spoiled
732912,724,815.00,92.95,81.00,3.983,0.454,0.396,banana,spoiled
733923,725,815.05,93.00,80.95,3.984,0.455,0.396,banana,spoiled
734935,726,815.00,92.95,81.00,3.983,0.454,0.396,banana,spoiled
735945,727,815.00,92.95,81.00,3.983,0.454,0.396,banana,spoiled
736956,728,815.00,92.95,81.00,3.983,0.454,0.396,banana,spoiled
737967,729,815.00,93.00,81.00,3.983,0.455,0.396,banana,spoiled
738978,730,815.00,93.00,81.00,3.983,0.455,0.396,banana,spoiled
739989,731,815.00,93.00,81.00,3.983,0.455,0.396,banana,spoiled
741000,732,815.00,93.00,81.00,3.983,0.455,0.396,banana,spoiled
742010,733,814.75,93.90,82.30,3.982,0.459,0.402,banana,spoiled
743022,734,814.80,94.00,82.05,3.982,0.459,0.401,banana,spoiled
744033,735,814.80,94.00,82.00,3.982,0.459,0.401,banana,spoiled
745043,736,814.80,93.95,82.00,3.982,0.459,0.401,banana,spoiled
746054,737,814.95,94.00,82.00,3.983,0.459,0.401,banana,spoiled
747066,738,814.85,94.00,82.15,3.983,0.459,0.402,banana,spoiled
748077,739,814.55,94.00,82.10,3.981,0.459,0.401,banana,spoiled
749087,740,814.60,94.00,82.20,3.981,0.459,0.402,banana,spoiled
750098,741,814.45,94.00,82.35,3.981,0.459,0.402,banana,spoiled
751110,742,814.55,94.00,82.55,3.981,0.459,0.403,banana,spoiled
752120,743,814.35,94.00,82.55,3.980,0.459,0.403,banana,spoiled
753131,744,814.15,94.00,82.80,3.979,0.459,0.405,banana,spoiled
754142,745,814.05,94.00,82.90,3.979,0.459,0.405,banana,spoiled
755153,746,814.00,94.00,82.80,3.978,0.459,0.405,banana,spoiled
756164,747,814.05,94.05,82.90,3.979,0.460,0.405,banana,spoiled
757175,748,814.00,94.00,82.75,3.978,0.459,0.404,banana,spoiled
758185,749,814.00,94.00,82.90,3.978,0.459,0.405,banana,spoiled
759197,750,814.00,94.05,83.00,3.978,0.460,0.406,banana,spoiled
760208,751,814.00,94.05,82.90,3.978,0.460,0.405,banana,spoiled
761219,752,814.00,94.00,82.95,3.978,0.459,0.405,banana,spoiled
762229,753,814.00,94.25,83.00,3.978,0.461,0.406,banana,spoiled
763241,754,813.90,94.25,83.00,3.978,0.461,0.406,banana,spoiled
764252,755,813.75,94.05,83.00,3.977,0.460,0.406,banana,spoiled
765262,756,813.85,94.20,82.95,3.978,0.460,0.405,banana,spoiled
766273,757,813.65,94.20,82.95,3.977,0.460,0.405,banana,spoiled
767285,758,813.50,94.30,83.00,3.976,0.461,0.406,banana,spoiled
768295,759,813.35,94.35,83.00,3.975,0.461,0.406,banana,spoiled
769306,760,813.25,94.30,83.00,3.975,0.461,0.406,banana,spoiled
770317,761,813.35,94.20,83.00,3.975,0.460,0.406,banana,spoiled
771329,762,813.05,94.25,83.00,3.974,0.461,0.406,banana,spoiled
772339,763,813.30,94.40,83.00,3.975,0.461,0.406,banana,spoiled
773350,764,813.05,94.25,83.00,3.974,0.461,0.406,banana,spoiled
774361,765,813.00,94.35,83.00,3.974,0.461,0.406,banana,spoiled
775372,766,813.10,94.50,83.00,3.974,0.462,0.406,banana,spoiled
776383,767,813.10,94.20,83.00,3.974,0.460,0.406,banana,spoiled
777394,768,813.10,94.45,83.00,3.974,0.462,0.406,banana,spoiled
778404,769,813.10,94.60,82.90,3.974,0.462,0.405,banana,spoiled
779416,770,813.00,94.50,82.95,3.974,0.462,0.405,banana,spoiled
780427,771,813.00,94.40,83.00,3.974,0.461,0.406,banana,spoiled
781437,772,813.05,94.45,83.00,3.974,0.462,0.406,banana,spoiled
782448,773,813.00,94.40,82.95,3.974,0.461,0.405,banana,spoiled
783460,774,813.00,94.40,82.95,3.974,0.461,0.405,banana,spoiled
784471,775,813.05,94.70,82.95,3.974,0.463,0.405,banana,spoiled
785481,776,813.00,94.55,82.95,3.974,0.462,0.405,banana,spoiled
786492,777,813.00,94.30,82.90,3.974,0.461,0.405,banana,spoiled
787504,778,813.00,94.60,83.00,3.974,0.462,0.406,banana,spoiled
788514,779,813.00,94.45,83.00,3.974,0.462,0.406,banana,spoiled
789525,780,813.00,94.60,83.00,3.974,0.462,0.406,banana,spoiled
790536,781,813.00,94.55,82.90,3.974,0.462,0.405,banana,spoiled
791547,782,813.00,94.50,82.90,3.974,0.462,0.405,banana,spoiled
792558,783,813.00,94.65,83.00,3.974,0.463,0.406,banana,spoiled
793569,784,813.00,94.60,82.95,3.974,0.462,0.405,banana,spoiled
794579,785,813.00,94.35,82.95,3.974,0.461,0.405,banana,spoiled
795591,786,813.00,94.45,82.90,3.974,0.462,0.405,banana,spoiled
796602,787,813.00,94.55,82.95,3.974,0.462,0.405,banana,spoiled
797613,788,813.00,94.45,82.90,3.974,0.462,0.405,banana,spoiled
798623,789,813.00,94.45,82.95,3.974,0.462,0.405,banana,spoiled
799635,790,813.00,94.45,83.00,3.974,0.462,0.406,banana,spoiled
800646,791,813.00,94.45,83.00,3.974,0.462,0.406,banana,spoiled
801656,792,813.00,94.35,82.95,3.974,0.461,0.405,banana,spoiled
802667,793,813.00,94.40,82.95,3.974,0.461,0.405,banana,spoiled
803679,794,813.00,94.50,83.00,3.974,0.462,0.406,banana,spoiled
804689,795,812.95,94.65,83.00,3.973,0.463,0.406,banana,spoiled
805700,796,813.00,94.35,82.95,3.974,0.461,0.405,banana,spoiled
806711,797,812.95,94.65,83.00,3.973,0.463,0.406,banana,spoiled
807723,798,812.95,94.40,82.95,3.973,0.461,0.405,banana,spoiled
808733,799,813.00,94.35,82.75,3.974,0.461,0.404,banana,spoiled
809744,800,813.00,94.75,82.85,3.974,0.463,0.405,banana,spoiled
810755,801,813.00,94.45,82.85,3.974,0.462,0.405,banana,spoiled
811766,802,812.95,94.50,82.90,3.973,0.462,0.405,banana,spoiled
812777,803,812.95,94.45,82.90,3.973,0.462,0.405,banana,spoiled
813788,804,812.95,94.55,82.90,3.973,0.462,0.405,banana,spoiled
814799,805,812.95,94.55,82.95,3.973,0.462,0.405,banana,spoiled
815810,806,812.95,94.55,82.85,3.973,0.462,0.405,banana,spoiled
816821,807,812.95,94.45,82.95,3.973,0.462,0.405,banana,spoiled
817831,808,812.95,94.60,82.90,3.973,0.462,0.405,banana,spoiled
818843,809,813.00,94.25,82.90,3.974,0.461,0.405,banana,spoiled
819854,810,812.95,94.45,82.95,3.973,0.462,0.405,banana,spoiled
820865,811,812.90,94.45,82.85,3.973,0.462,0.405,banana,spoiled
821875,812,812.95,94.50,82.90,3.973,0.462,0.405,banana,spoiled
822887,813,813.00,94.55,83.00,3.974,0.462,0.406,banana,spoiled
823898,814,812.95,94.25,82.90,3.973,0.461,0.405,banana,spoiled
824908,815,813.00,94.40,83.00,3.974,0.461,0.406,banana,spoiled
825919,816,813.00,94.50,82.90,3.974,0.462,0.405,banana,spoiled
826931,817,812.95,94.35,82.95,3.973,0.461,0.405,banana,spoiled
827941,818,812.90,94.60,82.85,3.973,0.462,0.405,banana,spoiled
828952,819,813.00,94.35,82.75,3.974,0.461,0.404,banana,spoiled
829963,820,812.90,94.50,82.90,3.973,0.462,0.405,banana,spoiled
830974,821,812.90,94.30,82.95,3.973,0.461,0.405,banana,spoiled
831985,822,812.90,94.60,82.85,3.973,0.462,0.405,banana,spoiled
832996,823,812.95,94.35,82.85,3.973,0.461,0.405,banana,spoiled
834007,824,812.90,94.15,82.75,3.973,0.460,0.404,banana,spoiled
835018,825,812.90,94.45,82.80,3.973,0.462,0.405,banana,spoiled
836029,826,812.90,94.40,82.80,3.973,0.461,0.405,banana,spoiled
837040,827,812.95,94.50,83.00,3.973,0.462,0.406,banana,spoiled
838050,828,812.95,94.55,82.95,3.973,0.462,0.405,banana,spoiled
839062,829,812.85,94.45,82.70,3.973,0.462,0.404,banana,spoiled
840073,830,812.95,94.25,82.85,3.973,0.461,0.405,banana,spoiled
841083,831,812.85,94.35,82.80,3.973,0.461,0.405,banana,spoiled
842095,832,812.95,94.35,82.90,3.973,0.461,0.405,banana,spoiled
843106,833,812.95,94.30,82.70,3.973,0.461,0.404,banana,spoiled
844116,834,812.80,94.50,82.95,3.973,0.462,0.405,banana,spoiled
845127,835,812.75,94.45,82.80,3.972,0.462,0.405,banana,spoiled
846139,836,812.95,94.50,82.90,3.973,0.462,0.405,banana,spoiled
847150,837,812.90,94.40,82.80,3.973,0.461,0.405,banana,spoiled
848160,838,812.90,94.45,82.80,3.973,0.462,0.405,banana,spoiled
849171,839,812.85,94.55,82.80,3.973,0.462,0.405,banana,spoiled
850183,840,812.85,94.40,82.65,3.973,0.461,0.404,banana,spoiled
851193,841,812.80,94.50,82.70,3.973,0.462,0.404,banana,spoiled
852204,842,812.90,94.30,82.90,3.973,0.461,0.405,banana,spoiled
853215,843,812.85,94.50,82.70,3.973,0.462,0.404,banana,spoiled
854226,844,812.90,94.50,82.90,3.973,0.462,0.405,banana,spoiled
855237,845,812.85,94.40,82.90,3.973,0.461,0.405,banana,spoiled
856248,846,812.80,94.55,82.60,3.973,0.462,0.404,banana,spoiled
857259,847,812.80,94.20,82.60,3.973,0.460,0.404,banana,spoiled
858270,848,812.75,94.35,82.75,3.972,0.461,0.404,banana,spoiled
859281,849,812.80,94.40,82.55,3.973,0.461,0.403,banana,spoiled
860292,850,812.85,94.50,82.70,3.973,0.462,0.404,banana,spoiled
861302,851,812.80,94.50,82.55,3.973,0.462,0.403,banana,spoiled
862314,852,812.80,94.45,82.55,3.973,0.462,0.403,banana,spoiled
863325,853,812.90,94.20,82.35,3.973,0.460,0.402,banana,spoiled
864335,854,812.95,94.40,82.60,3.973,0.461,0.404,banana,spoiled
865347,855,812.80,94.40,82.65,3.973,0.461,0.404,banana,spoiled
866358,856,812.45,94.50,82.65,3.971,0.462,0.404,banana,spoiled
867368,857,812.75,94.20,82.50,3.972,0.460,0.403,banana,spoiled
868379,858,812.60,94.40,82.40,3.972,0.461,0.403,banana,spoiled
869391,859,812.60,94.30,82.40,3.972,0.461,0.403,banana,spoiled
870402,860,812.55,94.25,82.70,3.971,0.461,0.404,banana,spoiled
871412,861,812.70,94.15,82.60,3.972,0.460,0.404,banana,spoiled
872423,862,812.80,94.25,82.55,3.973,0.461,0.403,banana,spoiled
873435,863,812.70,94.40,82.60,3.972,0.461,0.404,banana,spoiled
874445,864,812.80,94.25,82.65,3.973,0.461,0.404,banana,spoiled
875456,865,812.80,94.30,82.70,3.973,0.461,0.404,banana,spoiled
876467,866,812.60,94.30,82.35,3.972,0.461,0.402,banana,spoiled
877478,867,812.65,94.30,82.55,3.972,0.461,0.403,banana,spoiled
878489,868,812.60,94.35,82.45,3.972,0.461,0.403,banana,spoiled
879500,869,812.80,94.15,82.60,3.973,0.460,0.404,banana,spoiled
880510,870,812.70,94.30,82.45,3.972,0.461,0.403,banana,spoiled
881522,871,812.50,94.40,82.50,3.971,0.461,0.403,banana,spoiled
882533,872,812.55,94.25,82.50,3.971,0.461,0.403,banana,spoiled
883544,873,812.65,94.40,82.45,3.972,0.461,0.403,banana,spoiled
884554,874,812.75,94.25,82.20,3.972,0.461,0.402,banana,spoiled
885566,875,812.75,94.20,82.50,3.972,0.460,0.403,banana,spoiled
886577,876,812.50,94.20,82.40,3.971,0.460,0.403,banana,spoiled
887587,877,812.85,94.20,82.30,3.973,0.460,0.402,banana,spoiled
888598,878,812.65,94.20,82.45,3.972,0.460,0.403,banana,spoiled
889610,879,812.70,94.15,82.50,3.972,0.460,0.403,banana,spoiled
890620,880,812.55,94.20,82.45,3.971,0.460,0.403,banana,spoiled
891631,881,812.55,94.10,82.55,3.971,0.460,0.403,banana,spoiled
892643,882,812.55,94.20,82.40,3.971,0.460,0.403,banana,spoiled
893654,883,812.75,94.25,82.65,3.972,0.461,0.404,banana,spoiled
894664,884,812.70,94.20,82.50,3.972,0.460,0.403,banana,spoiled
895675,885,812.50,94.40,82.55,3.971,0.461,0.403,banana,spoiled
896687,886,812.55,94.25,82.65,3.971,0.461,0.404,banana,spoiled
897697,887,812.65,94.35,82.45,3.972,0.461,0.403,banana,spoiled
898708,888,812.75,94.05,82.65,3.972,0.460,0.404,banana,spoiled
899719,889,812.65,94.50,82.30,3.972,0.462,0.402,banana,spoiled
900730,890,812.75,94.20,82.35,3.972,0.460,0.402,banana,spoiled
901741,891,812.80,94.35,82.35,3.973,0.461,0.402,banana,spoiled
902752,892,812.90,94.20,82.60,3.973,0.460,0.404,banana,spoiled
903762,893,812.85,94.20,82.40,3.973,0.460,0.403,banana,spoiled
904774,894,812.60,94.30,82.45,3.972,0.461,0.403,banana,spoiled
905785,895,812.75,94.40,82.35,3.972,0.461,0.402,banana,spoiled
906796,896,812.65,94.30,82.65,3.972,0.461,0.404,banana,spoiled
907806,897,812.70,94.25,82.60,3.972,0.461,0.404,banana,spoiled
908818,898,812.65,94.20,82.70,3.972,0.460,0.404,banana,spoiled
909829,899,812.75,94.30,82.45,3.972,0.461,0.403,banana,spoiled
910839,900,812.75,94.30,82.45,3.972,0.461,0.403,banana,spoiled
911850,901,812.75,94.15,82.35,3.972,0.460,0.402,banana,spoiled
912862,902,812.65,94.30,82.60,3.972,0.461,0.404,banana,spoiled
913872,903,812.80,94.35,82.50,3.973,0.461,0.403,banana,spoiled
914883,904,812.60,94.15,82.40,3.972,0.460,0.403,banana,spoiled
915894,905,812.55,94.35,82.45,3.971,0.461,0.403,banana,spoiled
916905,906,812.65,94.25,82.45,3.972,0.461,0.403,banana,spoiled
917916,907,812.55,94.35,82.25,3.971,0.461,0.402,banana,spoiled
918927,908,812.80,94.25,82.30,3.973,0.461,0.402,banana,spoiled
919939,909,812.70,94.30,82.60,3.972,0.461,0.404,banana,spoiled
920949,910,812.80,94.35,82.55,3.973,0.461,0.403,banana,spoiled
921960,911,812.70,94.40,82.40,3.972,0.461,0.403,banana,spoiled
922971,912,812.80,94.30,82.30,3.973,0.461,0.402,banana,spoiled
923982,913,812.85,94.30,82.30,3.973,0.461,0.402,banana,spoiled
924993,914,812.85,94.15,82.35,3.973,0.460,0.402,banana,spoiled
926004,915,812.85,94.35,82.60,3.973,0.461,0.404,banana,spoiled
927014,916,812.55,94.30,82.25,3.971,0.461,0.402,banana,spoiled
928026,917,812.80,94.35,82.30,3.973,0.461,0.402,banana,spoiled
929037,918,812.70,94.25,82.30,3.972,0.461,0.402,banana,spoiled
930048,919,812.70,94.35,82.35,3.972,0.461,0.402,banana,spoiled
931058,920,812.65,94.15,82.60,3.972,0.460,0.404,banana,spoiled
932070,921,812.85,94.05,82.50,3.973,0.460,0.403,banana,spoiled
933081,922,812.85,94.25,82.50,3.973,0.461,0.403,banana,spoiled
934091,923,812.70,94.35,82.50,3.972,0.461,0.403,banana,spoiled
935102,924,812.65,94.30,82.35,3.972,0.461,0.402,banana,spoiled
936114,925,812.75,94.15,82.25,3.972,0.460,0.402,banana,spoiled
937124,926,812.75,94.20,82.40,3.972,0.460,0.403,banana,spoiled
938135,927,812.85,94.10,82.45,3.973,0.460,0.403,banana,spoiled
939147,928,812.80,94.20,82.30,3.973,0.460,0.402,banana,spoiled
940157,929,812.75,94.20,82.25,3.972,0.460,0.402,banana,spoiled
941168,930,812.75,94.20,82.40,3.972,0.460,0.403,banana,spoiled
942179,931,812.80,94.15,82.35,3.973,0.460,0.402,banana,spoiled
943191,932,812.70,94.30,82.35,3.972,0.461,0.402,banana,spoiled
944201,933,812.80,94.10,82.10,3.973,0.460,0.401,banana,spoiled
945212,934,812.85,94.20,82.05,3.973,0.460,0.401,banana,spoiled
946223,935,812.90,94.15,82.25,3.973,0.460,0.402,banana,spoiled
947234,936,812.90,94.10,82.35,3.973,0.460,0.402,banana,spoiled
948245,937,812.90,94.25,82.20,3.973,0.461,0.402,banana,spoiled
949256,938,812.95,94.10,82.15,3.973,0.460,0.402,banana,spoiled
950266,939,813.00,94.15,82.25,3.974,0.460,0.402,banana,spoiled
951278,940,812.70,94.10,82.20,3.972,0.460,0.402,banana,spoiled
952289,941,812.85,94.15,82.25,3.973,0.460,0.402,banana,spoiled
953299,942,812.85,94.15,82.25,3.973,0.460,0.402,banana,spoiled
954310,943,812.90,94.10,82.20,3.973,0.460,0.402,banana,spoiled
955322,944,812.90,94.15,82.20,3.973,0.460,0.402,banana,spoiled
956333,945,812.90,94.35,82.05,3.973,0.461,0.401,banana,spoiled
957343,946,812.90,94.20,82.05,3.973,0.460,0.401,banana,spoiled
958354,947,812.90,94.20,82.20,3.973,0.460,0.402,banana,spoiled
959366,948,812.90,94.10,82.35,3.973,0.460,0.402,banana,spoiled
960376,949,812.95,94.05,82.25,3.973,0.460,0.402,banana,spoiled
961387,950,812.80,94.25,82.10,3.973,0.461,0.401,banana,spoiled
962398,951,812.90,94.15,82.05,3.973,0.460,0.401,banana,spoiled
963409,952,812.95,94.00,82.10,3.973,0.459,0.401,banana,spoiled
964420,953,812.80,94.05,82.15,3.973,0.460,0.402,banana,spoiled
965431,954,812.90,94.15,82.30,3.973,0.460,0.402,banana,spoiled
966441,955,812.95,94.10,82.20,3.973,0.460,0.402,banana,spoiled
967453,956,813.00,94.10,82.05,3.974,0.460,0.401,banana,spoiled
968464,957,813.00,94.10,82.05,3.974,0.460,0.401,banana,spoiled
969475,958,812.90,94.20,82.15,3.973,0.460,0.402,banana,spoiled
970485,959,812.95,94.05,82.15,3.973,0.460,0.402,banana,spoiled
971497,960,812.95,94.10,82.00,3.973,0.460,0.401,banana,spoiled
972508,961,812.95,94.05,82.15,3.973,0.460,0.402,banana,spoiled
973518,962,813.00,94.15,82.05,3.974,0.460,0.401,banana,spoiled
974529,963,813.00,94.10,82.15,3.974,0.460,0.402,banana,spoiled
975541,964,812.95,94.00,82.05,3.973,0.459,0.401,banana,spoiled
976551,965,813.00,94.00,82.10,3.974,0.459,0.401,banana,spoiled
977562,966,813.00,94.10,82.10,3.974,0.460,0.401,banana,spoiled
978573,967,812.95,94.05,82.05,3.973,0.460,0.401,banana,spoiled
979585,968,813.00,94.00,82.05,3.974,0.459,0.401,banana,spoiled
980595,969,813.00,94.15,82.15,3.974,0.460,0.402,banana,spoiled
981606,970,813.00,94.05,82.05,3.974,0.460,0.401,banana,spoiled
982617,971,813.00,94.00,82.35,3.974,0.459,0.402,banana,spoiled
983628,972,813.00,94.00,82.10,3.974,0.459,0.401,banana,spoiled
984639,973,813.00,94.20,82.15,3.974,0.460,0.402,banana,spoiled
985650,974,813.00,94.05,82.25,3.974,0.460,0.402,banana,spoiled
986660,975,813.00,94.05,82.15,3.974,0.460,0.402,banana,spoiled
987672,976,813.00,94.05,82.15,3.974,0.460,0.402,banana,spoiled
988683,977,813.00,94.00,82.10,3.974,0.459,0.401,banana,spoiled
989693,978,813.00,94.05,82.05,3.974,0.460,0.401,banana,spoiled
990704,979,813.00,94.05,82.15,3.974,0.460,0.402,banana,spoiled
991716,980,813.00,94.10,82.15,3.974,0.460,0.402,banana,spoiled
992727,981,812.95,94.00,82.05,3.973,0.459,0.401,banana,spoiled
993737,982,813.00,94.00,82.20,3.974,0.459,0.402,banana,spoiled
994748,983,813.00,94.10,82.15,3.974,0.460,0.402,banana,spoiled
995760,984,813.00,94.00,82.10,3.974,0.459,0.401,banana,spoiled
996770,985,813.00,94.05,82.25,3.974,0.460,0.402,banana,spoiled
997781,986,813.00,94.00,82.20,3.974,0.459,0.402,banana,spoiled
998792,987,813.00,94.15,82.10,3.974,0.460,0.401,banana,spoiled
999803,988,813.00,94.05,82.20,3.974,0.460,0.402,banana,spoiled
1000814,989,813.00,94.05,82.10,3.974,0.460,0.401,banana,spoiled
1001825,990,813.00,94.05,82.10,3.974,0.460,0.401,banana,spoiled
1002836,991,813.00,94.10,82.10,3.974,0.460,0.401,banana,spoiled
1003847,992,813.00,94.05,82.20,3.974,0.460,0.402,banana,spoiled
1004858,993,813.00,94.20,82.05,3.974,0.460,0.401,banana,spoiled
1005869,994,813.05,94.15,82.25,3.974,0.460,0.402,banana,spoiled
1006880,995,813.00,94.10,82.15,3.974,0.460,0.402,banana,spoiled
1007891,996,813.00,94.10,82.25,3.974,0.460,0.402,banana,spoiled
1008902,997,813.00,94.10,82.15,3.974,0.460,0.402,banana,spoiled
1009913,998,813.00,94.00,82.20,3.974,0.459,0.402,banana,spoiled
1010924,999,813.00,94.25,82.20,3.974,0.461,0.402,banana,spoiled
1011935,1000,813.00,94.10,82.15,3.974,0.460,0.402,banana,spoiled
1012946,1001,813.00,94.15,82.30,3.974,0.460,0.402,banana,spoiled
1013957,1002,813.00,94.25,82.10,3.974,0.461,0.401,banana,spoiled
1014968,1003,813.00,94.10,82.30,3.974,0.460,0.402,banana,spoiled
1015980,1004,813.00,94.05,82.25,3.974,0.460,0.402,banana,spoiled
1016990,1005,813.00,94.20,82.15,3.974,0.460,0.402,banana,spoiled
1018001,1006,813.00,94.05,82.20,3.974,0.460,0.402,banana,spoiled
1019013,1007,813.00,94.05,82.15,3.974,0.460,0.402,banana,spoiled
1020023,1008,813.00,94.00,82.10,3.974,0.459,0.401,banana,spoiled
1021034,1009,813.00,94.15,82.10,3.974,0.460,0.401,banana,spoiled
1022046,1010,813.00,94.05,82.15,3.974,0.460,0.402,banana,spoiled
1023056,1011,813.00,94.00,82.20,3.974,0.459,0.402,banana,spoiled
1024067,1012,813.05,94.10,82.25,3.974,0.460,0.402,banana,spoiled
1025079,1013,813.00,94.05,82.15,3.974,0.460,0.402,banana,spoiled
1026089,1014,813.00,94.10,82.30,3.974,0.460,0.402,banana,spoiled
1027100,1015,813.00,94.05,82.25,3.974,0.460,0.402,banana,spoiled
1028112,1016,813.00,94.10,82.25,3.974,0.460,0.402,banana,spoiled
1029123,1017,813.00,94.00,82.15,3.974,0.459,0.402,banana,spoiled
1030133,1018,813.05,94.05,82.20,3.974,0.460,0.402,banana,spoiled
1031145,1019,813.00,94.00,82.35,3.974,0.459,0.402,banana,spoiled
1032156,1020,813.00,94.00,82.25,3.974,0.459,0.402,banana,spoiled
1033166,1021,813.00,94.05,82.20,3.974,0.460,0.402,banana,spoiled
1034178,1022,813.00,94.00,82.30,3.974,0.459,0.402,banana,spoiled
1035189,1023,813.10,94.00,82.20,3.974,0.459,0.402,banana,spoiled
1036199,1024,813.00,94.10,82.25,3.974,0.460,0.402,banana,spoiled
1037211,1025,813.15,94.05,82.25,3.974,0.460,0.402,banana,spoiled
1038222,1026,813.10,94.10,82.25,3.974,0.460,0.402,banana,spoiled
1039233,1027,813.10,94.05,82.35,3.974,0.460,0.402,banana,spoiled
1040244,1028,813.20,94.05,82.25,3.975,0.460,0.402,banana,spoiled
1041255,1029,813.05,94.10,82.25,3.974,0.460,0.402,banana,spoiled
1042266,1030,813.15,94.10,82.45,3.974,0.460,0.403,banana,spoiled
1043277,1031,813.10,94.15,82.25,3.974,0.460,0.402,banana,spoiled
1044288,1032,813.15,94.20,82.45,3.974,0.460,0.403,banana,spoiled
1045299,1033,813.15,94.05,82.20,3.974,0.460,0.402,banana,spoiled
1046310,1034,813.15,94.20,82.50,3.974,0.460,0.403,banana,spoiled
1047321,1035,813.15,94.15,82.45,3.974,0.460,0.403,banana,spoiled
1048333,1036,813.20,94.10,82.50,3.975,0.460,0.403,banana,spoiled
1049344,1037,813.25,94.05,82.30,3.975,0.460,0.402,banana,spoiled
1050354,1038,813.25,94.00,82.35,3.975,0.459,0.402,banana,spoiled
1051366,1039,813.40,94.00,82.30,3.976,0.459,0.402,banana,spoiled
1052377,1040,813.25,94.00,82.50,3.975,0.459,0.403,banana,spoiled
1053387,1041,813.25,94.05,82.35,3.975,0.460,0.402,banana,spoiled
1054399,1042,813.45,94.05,82.20,3.976,0.460,0.402,banana,spoiled
1055410,1043,813.50,94.00,82.35,3.976,0.459,0.402,banana,spoiled
1056420,1044,813.35,94.05,82.40,3.975,0.460,0.403,banana,spoiled
1057432,1045,813.50,94.00,82.40,3.976,0.459,0.403,banana,spoiled
1058443,1046,813.35,94.05,82.50,3.975,0.460,0.403,banana,spoiled
1059453,1047,813.40,94.05,82.35,3.976,0.460,0.402,banana,spoiled
1060465,1048,813.80,94.15,82.60,3.978,0.460,0.404,banana,spoiled
1061476,1049,813.55,94.10,82.40,3.976,0.460,0.403,banana,spoiled
1062487,1050,813.60,94.00,82.40,3.977,0.459,0.403,banana,spoiled
1063498,1051,813.50,94.05,82.40,3.976,0.460,0.403,banana,spoiled
1064509,1052,813.55,94.00,82.30,3.976,0.459,0.402,banana,spoiled
1065520,1053,813.90,94.10,82.70,3.978,0.460,0.404,banana,spoiled
1066531,1054,813.60,94.10,82.55,3.977,0.460,0.403,banana,spoiled
1067542,1055,813.65,94.05,82.35,3.977,0.460,0.402,banana,spoiled
1068553,1056,813.70,94.05,82.45,3.977,0.460,0.403,banana,spoiled
1069564,1057,813.55,94.05,82.60,3.976,0.460,0.404,banana,spoiled
1070575,1058,813.80,94.20,82.30,3.978,0.460,0.402,banana,spoiled
1071586,1059,813.70,94.15,82.40,3.977,0.460,0.403,banana,spoiled
1072598,1060,813.85,94.05,82.30,3.978,0.460,0.402,banana,spoiled
1073608,1061,813.90,94.20,82.45,3.978,0.460,0.403,banana,spoiled
1074620,1062,813.95,94.05,82.30,3.978,0.460,0.402,banana,spoiled
1075631,1063,813.90,94.05,82.35,3.978,0.460,0.402,banana,spoiled
1076641,1064,813.95,94.20,82.50,3.978,0.460,0.403,banana,spoiled
1077653,1065,813.90,94.10,82.45,3.978,0.460,0.403,banana,spoiled
1078664,1066,813.95,94.15,82.50,3.978,0.460,0.403,banana,spoiled
1079674,1067,813.95,94.25,82.50,3.978,0.461,0.403,banana,spoiled
1080686,1068,814.00,94.10,82.40,3.978,0.460,0.403,banana,spoiled
1081697,1069,813.95,94.15,82.60,3.978,0.460,0.404,banana,spoiled
1082707,1070,814.00,94.10,82.45,3.978,0.460,0.403,banana,spoiled
1083719,1071,814.00,94.15,82.40,3.978,0.460,0.403,banana,spoiled
1084730,1072,814.00,94.10,82.60,3.978,0.460,0.404,banana,spoiled
1085741,1073,814.00,94.25,82.40,3.978,0.461,0.403,banana,spoiled
1086752,1074,814.00,94.10,82.45,3.978,0.460,0.403,banana,spoiled
1087763,1075,814.00,94.20,82.70,3.978,0.460,0.404,banana,spoiled
1088774,1076,813.95,94.05,82.70,3.978,0.460,0.404,banana,spoiled
1089785,1077,814.00,94.15,82.50,3.978,0.460,0.403,banana,spoiled
1090796,1078,814.00,94.05,82.60,3.978,0.460,0.404,banana,spoiled
1091807,1079,814.00,94.15,82.40,3.978,0.460,0.403,banana,spoiled
1092818,1080,814.00,94.25,82.45,3.978,0.461,0.403,banana,spoiled
1093829,1081,814.00,94.05,82.50,3.978,0.460,0.403,banana,spoiled
1094840,1082,814.00,94.05,82.50,3.978,0.460,0.403,banana,spoiled
1095852,1083,814.00,94.15,82.50,3.978,0.460,0.403,banana,spoiled
1096862,1084,814.00,94.15,82.65,3.978,0.460,0.404,banana,spoiled
1097873,1085,813.95,94.15,82.60,3.978,0.460,0.404,banana,spoiled
1098885,1086,814.00,94.00,82.40,3.978,0.459,0.403,banana,spoiled
1099895,1087,814.00,94.15,82.75,3.978,0.460,0.404,banana,spoiled
1100906,1088,814.00,94.05,82.55,3.978,0.460,0.403,banana,spoiled
1101918,1089,813.95,94.05,82.45,3.978,0.460,0.403,banana,spoiled
1102928,1090,814.00,94.20,82.50,3.978,0.460,0.403,banana,spoiled
1103940,1091,814.00,94.20,82.35,3.978,0.460,0.402,banana,spoiled
1104951,1092,814.00,94.25,82.50,3.978,0.461,0.403,banana,spoiled
1105961,1093,814.00,94.20,82.45,3.978,0.460,0.403,banana,spoiled
1106973,1094,814.00,94.05,82.40,3.978,0.460,0.403,banana,spoiled
1107984,1095,814.00,94.20,82.45,3.978,0.460,0.403,banana,spoiled
1108995,1096,814.00,94.10,82.65,3.978,0.460,0.404,banana,spoiled
1110006,1097,814.00,94.05,82.45,3.978,0.460,0.403,banana,spoiled
1111017,1098,814.00,94.15,82.45,3.978,0.460,0.403,banana,spoiled
1112028,1099,814.00,94.00,82.60,3.978,0.459,0.404,banana,spoiled
1113039,1100,814.00,94.05,82.75,3.978,0.460,0.404,banana,spoiled
1114050,1101,814.00,94.10,82.45,3.978,0.460,0.403,banana,spoiled
1115061,1102,814.00,94.05,82.25,3.978,0.460,0.402,banana,spoiled
1116072,1103,814.00,94.10,82.50,3.978,0.460,0.403,banana,spoiled
1117083,1104,814.00,94.15,82.20,3.978,0.460,0.402,banana,spoiled
1118094,1105,814.00,94.00,82.55,3.978,0.459,0.403,banana,spoiled
1119106,1106,814.00,94.15,82.25,3.978,0.460,0.402,banana,spoiled
1120116,1107,814.00,94.00,82.65,3.978,0.459,0.404,banana,spoiled
1121127,1108,814.00,94.20,82.30,3.978,0.460,0.402,banana,spoiled
1122139,1109,814.00,94.05,82.50,3.978,0.460,0.403,banana,spoiled
1123149,1110,814.00,94.05,82.55,3.978,0.460,0.403,banana,spoiled
1124160,1111,814.00,94.10,82.45,3.978,0.460,0.403,banana,spoiled
1125172,1112,814.00,94.05,82.55,3.978,0.460,0.403,banana,spoiled
1126182,1113,814.00,94.10,82.60,3.978,0.460,0.404,banana,spoiled
1127193,1114,814.00,94.05,82.50,3.978,0.460,0.403,banana,spoiled
1128205,1115,814.00,94.00,82.45,3.978,0.459,0.403,banana,spoiled
1129216,1116,814.00,94.05,82.55,3.978,0.460,0.403,banana,spoiled
1130226,1117,814.00,94.05,82.45,3.978,0.460,0.403,banana,spoiled
1131238,1118,814.00,94.05,82.40,3.978,0.460,0.403,banana,spoiled
1132249,1119,814.00,94.05,82.35,3.978,0.460,0.402,banana,spoiled
1133259,1120,814.00,94.10,82.45,3.978,0.460,0.403,banana,spoiled
1134271,1121,814.00,94.05,82.40,3.978,0.460,0.403,banana,spoiled
1135282,1122,814.00,94.15,82.25,3.978,0.460,0.402,banana,spoiled
1136292,1123,814.00,94.05,82.45,3.978,0.460,0.403,banana,spoiled
1137304,1124,814.00,94.20,82.40,3.978,0.460,0.403,banana,spoiled
1138315,1125,814.00,94.15,82.40,3.978,0.460,0.403,banana,spoiled
1139325,1126,814.00,94.10,82.55,3.978,0.460,0.403,banana,spoiled
1140337,1127,814.00,94.00,82.50,3.978,0.459,0.403,banana,spoiled
1141348,1128,814.00,94.05,82.30,3.978,0.460,0.402,banana,spoiled
1142359,1129,814.00,94.05,82.20,3.978,0.460,0.402,banana,spoiled
1143370,1130,814.00,94.05,82.55,3.978,0.460,0.403,banana,spoiled
1144381,1131,814.00,94.15,82.40,3.978,0.460,0.403,banana,spoiled
1145393,1132,814.00,94.15,82.45,3.978,0.460,0.403,banana,spoiled
1146403,1133,814.00,94.00,82.45,3.978,0.459,0.403,banana,spoiled
1147414,1134,814.00,94.05,82.55,3.978,0.460,0.403,banana,spoiled
1148426,1135,814.00,94.05,82.35,3.978,0.460,0.402,banana,spoiled
1149436,1136,814.00,94.15,82.60,3.978,0.460,0.404,banana,spoiled
1150447,1137,814.00,94.10,82.35,3.978,0.460,0.402,banana,spoiled
1151459,1138,814.00,94.10,82.30,3.978,0.460,0.402,banana,spoiled
1152470,1139,814.00,94.10,82.60,3.978,0.460,0.404,banana,spoiled
1153480,1140,814.00,94.00,82.45,3.978,0.459,0.403,banana,spoiled
1154492,1141,814.00,94.15,82.40,3.978,0.460,0.403,banana,spoiled
1155503,1142,814.00,94.15,82.45,3.978,0.460,0.403,banana,spoiled
1156513,1143,814.00,94.05,82.15,3.978,0.460,0.402,banana,spoiled
1157525,1144,814.00,94.05,82.45,3.978,0.460,0.403,banana,spoiled
1158536,1145,814.00,94.10,82.35,3.978,0.460,0.402,banana,spoiled
1159546,1146,814.00,94.00,82.35,3.978,0.459,0.402,banana,spoiled
1160558,1147,814.00,94.20,82.55,3.978,0.460,0.403,banana,spoiled
1161569,1148,814.00,94.10,82.30,3.978,0.460,0.402,banana,spoiled
1162579,1149,814.00,94.15,82.55,3.978,0.460,0.403,banana,spoiled
1163591,1150,814.00,94.10,82.35,3.978,0.460,0.402,banana,spoiled
1164602,1151,814.00,94.00,82.30,3.978,0.459,0.402,banana,spoiled
1165613,1152,814.00,94.15,82.30,3.978,0.460,0.402,banana,spoiled
1166624,1153,814.00,94.05,82.30,3.978,0.460,0.402,banana,spoiled
1167635,1154,814.00,94.00,82.60,3.978,0.459,0.404,banana,spoiled
1168646,1155,814.00,94.00,82.35,3.978,0.459,0.402,banana,spoiled
1169657,1156,814.00,94.10,82.40,3.978,0.460,0.403,banana,spoiled
1170668,1157,814.00,94.10,82.30,3.978,0.460,0.402,banana,spoiled
1171679,1158,814.00,94.00,82.30,3.978,0.459,0.402,banana,spoiled
1172690,1159,814.00,94.00,82.25,3.978,0.459,0.402,banana,spoiled
1173701,1160,814.00,94.00,82.45,3.978,0.459,0.403,banana,spoiled
1174712,1161,814.00,94.00,82.25,3.978,0.459,0.402,banana,spoiled
1175724,1162,814.00,94.05,82.10,3.978,0.460,0.401,banana,spoiled
1176734,1163,814.00,94.05,82.10,3.978,0.460,0.401,banana,spoiled
1177745,1164,814.00,94.10,82.25,3.978,0.460,0.402,banana,spoiled
1178757,1165,814.00,94.00,82.15,3.978,0.459,0.402,banana,spoiled
1179767,1166,814.00,94.00,82.25,3.978,0.459,0.402,banana,spoiled
1180778,1167,814.00,94.05,82.00,3.978,0.460,0.401,banana,spoiled
1181790,1168,814.00,94.00,82.20,3.978,0.459,0.402,banana,spoiled
1182800,1169,814.00,94.05,82.15,3.978,0.460,0.402,banana,spoiled
1183811,1170,814.00,94.00,82.20,3.978,0.459,0.402,banana,spoiled
1184823,1171,814.00,94.05,82.25,3.978,0.460,0.402,banana,spoiled
1185833,1172,814.00,94.00,82.25,3.978,0.459,0.402,banana,spoiled
1186844,1173,814.00,94.00,82.10,3.978,0.459,0.401,banana,spoiled
1187856,1174,814.00,94.00,82.20,3.978,0.459,0.402,banana,spoiled
1188867,1175,814.00,94.00,82.05,3.978,0.459,0.401,banana,spoiled
1189877,1176,814.00,94.05,82.00,3.978,0.460,0.401,banana,spoiled
1190889,1177,814.00,94.00,82.20,3.978,0.459,0.402,banana,spoiled
1191900,1178,814.00,94.00,82.05,3.978,0.459,0.401,banana,spoiled
1192911,1179,814.00,94.00,82.05,3.978,0.459,0.401,banana,spoiled
1193922,1180,814.00,94.05,82.20,3.978,0.460,0.402,banana,spoiled
1194933,1181,814.00,94.05,82.15,3.978,0.460,0.402,banana,spoiled
1195944,1182,814.00,94.00,82.10,3.978,0.459,0.401,banana,spoiled
1196955,1183,814.05,94.00,82.20,3.979,0.459,0.402,banana,spoiled
1197966,1184,814.00,94.00,82.20,3.978,0.459,0.402,banana,spoiled
1198978,1185,814.00,94.05,82.15,3.978,0.460,0.402,banana,spoiled
1199988,1186,814.05,94.00,82.15,3.979,0.459,0.402,banana,spoiled
1200999,1187,814.00,94.00,82.20,3.978,0.459,0.402,banana,spoiled
1202011,1188,814.00,94.00,82.05,3.978,0.459,0.401,banana,spoiled
1203021,1189,814.00,94.00,82.25,3.978,0.459,0.402,banana,spoiled
1204032,1190,814.00,94.05,82.30,3.978,0.460,0.402,banana,spoiled
1205044,1191,814.00,94.00,82.20,3.978,0.459,0.402,banana,spoiled
1206054,1192,814.00,94.05,82.40,3.978,0.460,0.403,banana,spoiled
1207065,1193,814.00,94.00,82.20,3.978,0.459,0.402,banana,spoiled
1208077,1194,814.00,94.05,82.20,3.978,0.460,0.402,banana,spoiled
1209088,1195,814.00,94.00,82.10,3.978,0.459,0.401,banana,spoiled
1210098,1196,814.00,94.00,82.20,3.978,0.459,0.402,banana,spoiled
1211110,1197,814.00,94.00,82.10,3.978,0.459,0.401,banana,spoiled
1212121,1198,814.00,94.00,82.15,3.978,0.459,0.402,banana,spoiled
1213131,1199,814.05,94.00,82.05,3.979,0.459,0.401,banana,spoiled
1214143,1200,814.05,94.00,82.20,3.979,0.459,0.402,banana,spoiled
1215154,1201,814.00,94.00,82.10,3.978,0.459,0.401,banana,spoiled
1216164,1202,814.00,94.00,82.00,3.978,0.459,0.401,banana,spoiled
1217176,1203,814.00,94.00,82.30,3.978,0.459,0.402,banana,spoiled
1218187,1204,814.05,94.00,82.00,3.979,0.459,0.401,banana,spoiled
1219197,1205,814.00,94.00,82.15,3.978,0.459,0.402,banana,spoiled
1220209,1206,814.00,94.00,82.15,3.978,0.459,0.402,banana,spoiled
1221220,1207,814.00,94.00,82.15,3.978,0.459,0.402,banana,spoiled
1222231,1208,814.05,94.00,82.10,3.979,0.459,0.401,banana,spoiled
1223242,1209,814.05,94.00,82.05,3.979,0.459,0.401,banana,spoiled
1224253,1210,814.00,94.05,82.10,3.978,0.460,0.401,banana,spoiled
1225264,1211,814.00,94.05,82.10,3.978,0.460,0.401,banana,spoiled
1226275,1212,814.00,94.00,82.25,3.978,0.459,0.402,banana,spoiled
1227286,1213,814.00,94.00,82.20,3.978,0.459,0.402,banana,spoiled
1228297,1214,814.10,94.00,82.15,3.979,0.459,0.402,banana,spoiled
1229308,1215,814.00,94.00,82.25,3.978,0.459,0.402,banana,spoiled
1230319,1216,814.00,94.10,82.15,3.978,0.460,0.402,banana,spoiled
1231330,1217,814.05,94.00,82.10,3.979,0.459,0.401,banana,spoiled
1232342,1218,814.10,94.00,82.20,3.979,0.459,0.402,banana,spoiled
1233352,1219,814.15,94.00,82.20,3.979,0.459,0.402,banana,spoiled
1234363,1220,814.00,94.00,82.20,3.978,0.459,0.402,banana,spoiled
1235375,1221,814.00,94.00,82.20,3.978,0.459,0.402,banana,spoiled
1236385,1222,814.15,94.00,82.15,3.979,0.459,0.402,banana,spoiled
1237396,1223,814.00,94.00,82.20,3.978,0.459,0.402,banana,spoiled
1238408,1224,814.00,94.00,82.25,3.978,0.459,0.402,banana,spoiled
1239418,1225,814.00,94.00,82.40,3.978,0.459,0.403,banana,spoiled
1240429,1226,814.00,94.05,82.25,3.978,0.460,0.402,banana,spoiled
1241441,1227,814.00,94.05,82.15,3.978,0.460,0.402,banana,spoiled
1242451,1228,814.00,94.00,82.25,3.978,0.459,0.402,banana,spoiled
1243462,1229,814.00,94.00,82.10,3.978,0.459,0.401,banana,spoiled
1244474,1230,814.05,94.00,82.10,3.979,0.459,0.401,banana,spoiled
1245485,1231,814.00,94.00,82.15,3.978,0.459,0.402,banana,spoiled
1246495,1232,814.10,94.00,82.25,3.979,0.459,0.402,banana,spoiled
1247507,1233,814.05,94.00,82.20,3.979,0.459,0.402,banana,spoiled
1248518,1234,814.00,94.00,82.10,3.978,0.459,0.401,banana,spoiled
1249528,1235,814.10,94.00,82.20,3.979,0.459,0.402,banana,spoiled
1250540,1236,814.05,94.00,82.15,3.979,0.459,0.402,banana,spoiled
1251551,1237,814.05,94.05,82.20,3.979,0.460,0.402,banana,spoiled
1252562,1238,814.05,94.05,82.10,3.979,0.460,0.401,banana,spoiled
1253573,1239,814.00,94.05,82.25,3.978,0.460,0.402,banana,spoiled
1254584,1240,814.00,94.05,82.20,3.978,0.460,0.402,banana,spoiled
1255596,1241,814.05,94.00,82.30,3.979,0.459,0.402,banana,spoiled
1256606,1242,814.00,94.00,82.40,3.978,0.459,0.403,banana,spoiled
1257617,1243,814.00,94.00,82.20,3.978,0.459,0.402,banana,spoiled
1258629,1244,814.00,94.00,82.25,3.978,0.459,0.402,banana,spoiled
1259639,1245,814.00,94.00,82.10,3.978,0.459,0.401,banana,spoiled
1260650,1246,814.05,94.00,82.25,3.979,0.459,0.402,banana,spoiled
1261662,1247,814.00,94.05,82.25,3.978,0.460,0.402,banana,spoiled
1262672,1248,814.00,94.00,82.15,3.978,0.459,0.402,banana,spoiled
1263683,1249,814.00,94.00,82.35,3.978,0.459,0.402,banana,spoiled
1264695,1250,814.10,94.00,82.25,3.979,0.459,0.402,banana,spoiled
1265705,1251,814.00,94.05,82.30,3.978,0.460,0.402,banana,spoiled
1266716,1252,814.00,94.00,82.25,3.978,0.459,0.402,banana,spoiled
1267728,1253,814.00,94.00,82.40,3.978,0.459,0.403,banana,spoiled
1268739,1254,814.00,94.00,82.20,3.978,0.459,0.402,banana,spoiled
1269749,1255,814.05,94.00,82.20,3.979,0.459,0.402,banana,spoiled
1270761,1256,814.00,94.00,82.15,3.978,0.459,0.402,banana,spoiled
1271772,1257,814.05,94.00,82.20,3.979,0.459,0.402,banana,spoiled
1272782,1258,814.00,94.05,82.30,3.978,0.460,0.402,banana,spoiled
1273794,1259,814.00,94.10,82.10,3.978,0.460,0.401,banana,spoiled
1274805,1260,814.10,94.10,82.15,3.979,0.460,0.402,banana,spoiled
1275815,1261,814.00,94.00,82.30,3.978,0.459,0.402,banana,spoiled
1276827,1262,814.00,94.00,82.30,3.978,0.459,0.402,banana,spoiled
1277838,1263,814.00,94.00,82.20,3.978,0.459,0.402,banana,spoiled
1278849,1264,814.00,94.05,82.15,3.978,0.460,0.402,banana,spoiled
1279860,1265,814.00,94.00,82.20,3.978,0.459,0.402,banana,spoiled
1280871,1266,814.10,94.00,82.05,3.979,0.459,0.401,banana,spoiled
1281882,1267,814.00,94.10,82.20,3.978,0.460,0.402,banana,spoiled
1282893,1268,814.05,94.05,82.10,3.979,0.460,0.401,banana,spoiled
1283904,1269,814.00,94.00,82.20,3.978,0.459,0.402,banana,spoiled
1284915,1270,814.00,94.00,82.15,3.978,0.459,0.402,banana,spoiled
1285926,1271,814.00,94.05,82.20,3.978,0.460,0.402,banana,spoiled
1286937,1272,814.05,94.00,82.20,3.979,0.459,0.402,banana,spoiled
1287948,1273,814.05,94.10,82.10,3.979,0.460,0.401,banana,spoiled
1288960,1274,814.00,94.00,82.20,3.978,0.459,0.402,banana,spoiled
1289970,1275,814.05,94.00,82.15,3.979,0.459,0.402,banana,spoiled
1290981,1276,814.05,94.10,82.10,3.979,0.460,0.401,banana,spoiled
1291993,1277,814.00,94.05,82.35,3.978,0.460,0.402,banana,spoiled
1293003,1278,814.05,94.05,82.05,3.979,0.460,0.401,banana,spoiled
1294014,1279,814.05,94.00,82.10,3.979,0.459,0.401,banana,spoiled
1295026,1280,814.05,94.05,82.25,3.979,0.460,0.402,banana,spoiled
1296036,1281,814.00,94.00,82.15,3.978,0.459,0.402,banana,spoiled
1297047,1282,814.00,94.05,82.20,3.978,0.460,0.402,banana,spoiled
1298059,1283,814.00,94.00,82.20,3.978,0.459,0.402,banana,spoiled
1299069,1284,814.05,94.00,82.15,3.979,0.459,0.402,banana,spoiled
1300081,1285,814.00,94.00,82.20,3.978,0.459,0.402,banana,spoiled
1301092,1286,814.00,94.10,82.10,3.978,0.460,0.401,banana,spoiled
1302103,1287,814.00,94.00,82.10,3.978,0.459,0.401,banana,spoiled
1303114,1288,814.05,94.05,82.05,3.979,0.460,0.401,banana,spoiled
1304125,1289,814.05,94.15,82.10,3.979,0.460,0.401,banana,spoiled
1305136,1290,814.00,94.00,82.00,3.978,0.459,0.401,banana,spoiled
1306147,1291,814.00,94.10,82.15,3.978,0.460,0.402,banana,spoiled
1307158,1292,814.00,94.10,82.20,3.978,0.460,0.402,banana,spoiled
1308169,1293,814.05,94.05,82.20,3.979,0.460,0.402,banana,spoiled
1309180,1294,814.00,94.00,82.15,3.978,0.459,0.402,banana,spoiled
1310191,1295,814.00,94.00,82.05,3.978,0.459,0.401,banana,spoiled
1311202,1296,814.00,94.05,82.05,3.978,0.460,0.401,banana,spoiled
1312214,1297,814.00,94.25,82.15,3.978,0.461,0.402,banana,spoiled
1313224,1298,814.00,94.10,82.15,3.978,0.460,0.402,banana,spoiled
1314235,1299,814.00,94.00,82.15,3.978,0.459,0.402,banana,spoiled
1315247,1300,814.05,94.00,82.10,3.979,0.459,0.401,banana,spoiled
1316257,1301,814.00,94.05,82.15,3.978,0.460,0.402,banana,spoiled
1317268,1302,814.00,94.10,82.10,3.978,0.460,0.401,banana,spoiled
1318280,1303,814.00,94.00,82.05,3.978,0.459,0.401,banana,spoiled
1319290,1304,814.00,94.05,82.05,3.978,0.460,0.401,banana,spoiled
1320301,1305,814.00,94.05,82.05,3.978,0.460,0.401,banana,spoiled
1321313,1306,814.00,94.10,82.05,3.978,0.460,0.401,banana,spoiled
1322323,1307,814.00,94.05,82.15,3.978,0.460,0.402,banana,spoiled
1323334,1308,814.00,94.00,82.00,3.978,0.459,0.401,banana,spoiled
1324346,1309,814.00,94.00,82.05,3.978,0.459,0.401,banana,spoiled
1325357,1310,814.05,94.10,82.05,3.979,0.460,0.401,banana,spoiled
1326367,1311,814.00,94.15,82.15,3.978,0.460,0.402,banana,spoiled
1327379,1312,814.00,94.00,82.15,3.978,0.459,0.402,banana,spoiled
1328390,1313,814.00,94.05,82.15,3.978,0.460,0.402,banana,spoiled
1329400,1314,814.00,94.05,82.10,3.978,0.460,0.401,banana,spoiled
1330412,1315,814.00,94.00,82.20,3.978,0.459,0.402,banana,spoiled
1331423,1316,814.05,94.05,82.10,3.979,0.460,0.401,banana,spoiled
1332433,1317,814.00,94.00,82.10,3.978,0.459,0.401,banana,spoiled
1333445,1318,814.00,94.00,82.10,3.978,0.459,0.401,banana,spoiled
1334456,1319,814.15,94.10,82.05,3.979,0.460,0.401,banana,spoiled
1335467,1320,814.10,94.05,82.15,3.979,0.460,0.402,banana,spoiled
1336478,1321,814.10,94.00,82.05,3.979,0.459,0.401,banana,spoiled
1337489,1322,814.10,94.00,82.10,3.979,0.459,0.401,banana,spoiled
1338500,1323,814.00,94.00,82.15,3.978,0.459,0.402,banana,spoiled
1339511,1324,814.00,94.00,82.05,3.978,0.459,0.401,banana,spoiled
1340522,1325,814.10,94.00,82.00,3.979,0.459,0.401,banana,spoiled
1341533,1326,814.15,94.00,82.05,3.979,0.459,0.401,banana,spoiled
1342544,1327,814.20,94.00,82.00,3.979,0.459,0.401,banana,spoiled
1343555,1328,814.50,94.00,82.10,3.981,0.459,0.401,banana,spoiled
1344566,1329,814.45,94.00,82.05,3.981,0.459,0.401,banana,spoiled
1345577,1330,814.45,94.00,82.00,3.981,0.459,0.401,banana,spoiled
1346588,1331,814.70,94.05,82.00,3.982,0.460,0.401,banana,spoiled
1347599,1332,814.85,94.00,82.00,3.983,0.459,0.401,banana,spoiled
1348611,1333,814.75,94.00,82.05,3.982,0.459,0.401,banana,spoiled
1349621,1334,814.75,94.00,82.00,3.982,0.459,0.401,banana,spoiled
1350632,1335,815.00,94.10,82.00,3.983,0.460,0.401,banana,spoiled
1351644,1336,815.00,94.00,82.00,3.983,0.459,0.401,banana,spoiled
1352654,1337,815.00,94.00,82.00,3.983,0.459,0.401,banana,spoiled
1353665,1338,815.00,94.00,82.00,3.983,0.459,0.401,banana,spoiled
1354677,1339,815.00,94.00,82.00,3.983,0.459,0.401,banana,spoiled
1355687,1340,815.00,94.00,82.05,3.983,0.459,0.401,banana,spoiled
1356698,1341,815.00,94.00,82.00,3.983,0.459,0.401,banana,spoiled
1357710,1342,815.00,94.00,82.05,3.983,0.459,0.401,banana,spoiled
1358721,1343,815.00,94.00,82.00,3.983,0.459,0.401,banana,spoiled
1359731,1344,815.00,94.00,82.00,3.983,0.459,0.401,banana,spoiled
1360743,1345,815.00,94.00,82.05,3.983,0.459,0.401,banana,spoiled
1361754,1346,815.00,94.00,82.00,3.983,0.459,0.401,banana,spoiled
1362764,1347,815.00,94.00,82.00,3.983,0.459,0.401,banana,spoiled
1363776,1348,815.00,94.00,82.00,3.983,0.459,0.401,banana,spoiled
1364787,1349,815.00,94.00,82.00,3.983,0.459,0.401,banana,spoiled
1365797,1350,815.00,94.00,82.00,3.983,0.459,0.401,banana,spoiled
1366809,1351,815.00,94.05,82.00,3.983,0.460,0.401,banana,spoiled
1367820,1352,815.00,94.00,82.05,3.983,0.459,0.401,banana,spoiled
1368830,1353,815.00,94.00,82.00,3.983,0.459,0.401,banana,spoiled
1369842,1354,815.00,94.00,82.00,3.983,0.459,0.401,banana,spoiled
1370853,1355,815.00,94.00,82.00,3.983,0.459,0.401,banana,spoiled
1371864,1356,815.00,94.00,82.00,3.983,0.459,0.401,banana,spoiled
1372875,1357,815.00,94.00,82.00,3.983,0.459,0.401,banana,spoiled
1373886,1358,815.00,94.00,82.00,3.983,0.459,0.401,banana,spoiled
1374897,1359,815.00,94.00,82.00,3.983,0.459,0.401,banana,spoiled
1375908,1360,815.05,94.00,82.00,3.984,0.459,0.401,banana,spoiled
1376919,1361,815.00,94.00,82.00,3.983,0.459,0.401,banana,spoiled
1377930,1362,815.00,94.00,82.00,3.983,0.459,0.401,banana,spoiled
1378941,1363,815.05,94.00,82.00,3.984,0.459,0.401,banana,spoiled
1379952,1364,815.05,94.00,82.00,3.984,0.459,0.401,banana,spoiled
1380963,1365,815.05,94.00,82.00,3.984,0.459,0.401,banana,spoiled
1381975,1366,815.05,94.00,82.00,3.984,0.459,0.401,banana,spoiled
1382985,1367,815.00,94.00,82.00,3.983,0.459,0.401,banana,spoiled
1383996,1368,815.05,94.00,82.00,3.984,0.459,0.401,banana,spoiled
1385008,1369,815.20,94.00,82.00,3.984,0.459,0.401,banana,spoiled
1386018,1370,815.00,94.00,82.00,3.983,0.459,0.401,banana,spoiled
1387029,1371,815.25,94.00,82.00,3.985,0.459,0.401,banana,spoiled
1388041,1372,815.05,94.00,82.00,3.984,0.459,0.401,banana,spoiled
1389051,1373,815.10,94.00,82.00,3.984,0.459,0.401,banana,spoiled
1390062,1374,815.15,94.00,82.00,3.984,0.459,0.401,banana,spoiled
1391074,1375,815.30,94.00,82.00,3.985,0.459,0.401,banana,spoiled
1392084,1376,815.15,94.00,82.00,3.984,0.459,0.401,banana,spoiled
1393095,1377,815.35,94.00,82.00,3.985,0.459,0.401,banana,spoiled
1394107,1378,815.15,94.00,82.00,3.984,0.459,0.401,banana,spoiled
1395118,1379,815.25,94.00,82.00,3.985,0.459,0.401,banana,spoiled
1396128,1380,815.20,94.00,82.00,3.984,0.459,0.401,banana,spoiled
1397140,1381,815.40,94.00,82.00,3.985,0.459,0.401,banana,spoiled
1398151,1382,815.40,94.00,82.00,3.985,0.459,0.401,banana,spoiled
1399161,1383,815.50,94.00,82.00,3.986,0.459,0.401,banana,spoiled
1400173,1384,815.55,94.00,82.00,3.986,0.459,0.401,banana,spoiled
1401184,1385,815.65,94.00,82.00,3.987,0.459,0.401,banana,spoiled
1402194,1386,815.60,94.00,82.00,3.986,0.459,0.401,banana,spoiled
1403206,1387,815.60,93.95,82.00,3.986,0.459,0.401,banana,spoiled
1404217,1388,815.70,94.00,82.00,3.987,0.459,0.401,banana,spoiled
1405228,1389,815.35,94.00,82.00,3.985,0.459,0.401,banana,spoiled
1406239,1390,815.50,94.00,82.00,3.986,0.459,0.401,banana,spoiled
1407250,1391,815.75,94.00,82.00,3.987,0.459,0.401,banana,spoiled
1408261,1392,815.80,94.00,82.00,3.987,0.459,0.401,banana,spoiled
1409272,1393,815.55,94.00,82.00,3.986,0.459,0.401,banana,spoiled
1410283,1394,815.60,94.00,82.00,3.986,0.459,0.401,banana,spoiled
1411294,1395,815.55,94.00,82.00,3.986,0.459,0.401,banana,spoiled
1412305,1396,815.50,94.00,82.00,3.986,0.459,0.401,banana,spoiled
1413316,1397,815.75,94.00,82.00,3.987,0.459,0.401,banana,spoiled
1414327,1398,815.60,94.00,82.00,3.986,0.459,0.401,banana,spoiled
1415339,1399,815.70,94.00,82.00,3.987,0.459,0.401,banana,spoiled
1416349,1400,815.65,94.00,82.00,3.987,0.459,0.401,banana,spoiled
1417360,1401,815.80,94.00,82.00,3.987,0.459,0.401,banana,spoiled
1418372,1402,815.85,94.00,82.00,3.988,0.459,0.401,banana,spoiled
1419382,1403,815.80,94.00,82.00,3.987,0.459,0.401,banana,spoiled
1420393,1404,815.60,94.00,82.00,3.986,0.459,0.401,banana,spoiled
1421405,1405,815.90,94.00,82.00,3.988,0.459,0.401,banana,spoiled
1422415,1406,815.65,94.00,82.00,3.987,0.459,0.401,banana,spoiled
1423426,1407,815.70,93.95,82.00,3.987,0.459,0.401,banana,spoiled
1424438,1408,815.90,94.00,82.00,3.988,0.459,0.401,banana,spoiled
1425448,1409,815.70,94.00,82.00,3.987,0.459,0.401,banana,spoiled
1426459,1410,815.95,94.00,82.00,3.988,0.459,0.401,banana,spoiled
1427471,1411,815.85,94.00,82.00,3.988,0.459,0.401,banana,spoiled
1428482,1412,815.70,94.00,82.00,3.987,0.459,0.401,banana,spoiled
1429492,1413,815.75,94.00,82.00,3.987,0.459,0.401,banana,spoiled
1430504,1414,815.75,94.00,82.00,3.987,0.459,0.401,banana,spoiled
1431515,1415,815.90,94.00,82.00,3.988,0.459,0.401,banana,spoiled
1432525,1416,815.70,94.00,82.00,3.987,0.459,0.401,banana,spoiled
1433537,1417,815.80,94.00,82.00,3.987,0.459,0.401,banana,spoiled
1434548,1418,815.85,94.00,82.00,3.988,0.459,0.401,banana,spoiled
1435558,1419,815.95,94.00,82.00,3.988,0.459,0.401,banana,spoiled
1436570,1420,815.85,94.00,82.00,3.988,0.459,0.401,banana,spoiled
1437581,1421,815.80,94.00,82.00,3.987,0.459,0.401,banana,spoiled
1438592,1422,815.90,93.95,82.00,3.988,0.459,0.401,banana,spoiled
1439603,1423,815.85,94.00,82.00,3.988,0.459,0.401,banana,spoiled
1440614,1424,815.95,94.00,82.00,3.988,0.459,0.401,banana,spoiled
1441625,1425,815.85,94.00,82.00,3.988,0.459,0.401,banana,spoiled
1442636,1426,815.70,94.00,82.00,3.987,0.459,0.401,banana,spoiled
1443647,1427,815.80,94.00,82.00,3.987,0.459,0.401,banana,spoiled
1444658,1428,815.75,94.00,82.00,3.987,0.459,0.401,banana,spoiled
1445669,1429,815.95,94.00,82.00,3.988,0.459,0.401,banana,spoiled
1446680,1430,815.95,94.00,82.00,3.988,0.459,0.401,banana,spoiled
1447691,1431,815.95,94.00,82.00,3.988,0.459,0.401,banana,spoiled
1448702,1432,815.80,94.00,82.00,3.987,0.459,0.401,banana,spoiled
1449713,1433,815.90,94.00,82.00,3.988,0.459,0.401,banana,spoiled
1450724,1434,815.90,94.00,82.00,3.988,0.459,0.401,banana,spoiled
1451736,1435,815.85,94.00,82.00,3.988,0.459,0.401,banana,spoiled
1452746,1436,815.90,94.00,82.00,3.988,0.459,0.401,banana,spoiled
1453757,1437,815.95,94.00,82.00,3.988,0.459,0.401,banana,spoiled
1454769,1438,815.95,93.95,82.00,3.988,0.459,0.401,banana,spoiled
1455779,1439,815.85,94.00,82.00,3.988,0.459,0.401,banana,spoiled
1456790,1440,815.80,94.00,82.00,3.987,0.459,0.401,banana,spoiled
1457802,1441,816.00,94.00,82.00,3.988,0.459,0.401,banana,spoiled
1458812,1442,815.95,94.00,82.00,3.988,0.459,0.401,banana,spoiled
1459823,1443,816.00,94.00,82.00,3.988,0.459,0.401,banana,spoiled
1460835,1444,815.95,94.00,82.00,3.988,0.459,0.401,banana,spoiled
1461846,1445,815.95,94.00,82.00,3.988,0.459,0.401,banana,spoiled
1462856,1446,815.90,93.95,82.00,3.988,0.459,0.401,banana,spoiled
1463868,1447,815.90,94.00,82.00,3.988,0.459,0.401,banana,spoiled
1464879,1448,816.00,93.95,82.00,3.988,0.459,0.401,banana,spoiled
1465889,1449,816.00,94.00,82.00,3.988,0.459,0.401,banana,spoiled
1466901,1450,816.00,94.00,82.00,3.988,0.459,0.401,banana,spoiled
1467912,1451,815.95,93.95,82.00,3.988,0.459,0.401,banana,spoiled
1468922,1452,816.00,94.00,82.00,3.988,0.459,0.401,banana,spoiled
1469934,1453,815.95,94.00,82.00,3.988,0.459,0.401,banana,spoiled
1470945,1454,815.95,94.00,82.00,3.988,0.459,0.401,banana,spoiled
1471955,1455,816.00,94.00,82.00,3.988,0.459,0.401,banana,spoiled
1472967,1456,816.00,94.00,82.00,3.988,0.459,0.401,banana,spoiled
1473978,1457,816.00,94.00,82.00,3.988,0.459,0.401,banana,spoiled
1474989,1458,816.00,94.00,82.00,3.988,0.459,0.401,banana,spoiled
1476000,1459,816.00,94.00,82.00,3.988,0.459,0.401,banana,spoiled
1477011,1460,816.00,94.00,81.95,3.988,0.459,0.401,banana,spoiled
1478022,1461,816.00,94.00,82.00,3.988,0.459,0.401,banana,spoiled
1479033,1462,815.95,94.00,82.00,3.988,0.459,0.401,banana,spoiled
1480044,1463,816.00,93.95,82.00,3.988,0.459,0.401,banana,spoiled
1481055,1464,816.00,94.00,82.00,3.988,0.459,0.401,banana,spoiled
1482066,1465,816.00,94.00,82.00,3.988,0.459,0.401,banana,spoiled
1483077,1466,816.00,94.00,82.00,3.988,0.459,0.401,banana,spoiled
1484088,1467,816.00,94.00,82.00,3.988,0.459,0.401,banana,spoiled
1485100,1468,816.00,94.00,82.00,3.988,0.459,0.401,banana,spoiled
1486110,1469,816.00,94.00,81.95,3.988,0.459,0.401,banana,spoiled
1487121,1470,816.00,94.00,82.00,3.988,0.459,0.401,banana,spoiled
1488133,1471,816.00,94.00,82.00,3.988,0.459,0.401,banana,spoiled
1489143,1472,816.00,94.00,82.00,3.988,0.459,0.401,banana,spoiled
1490154,1473,816.00,94.00,82.00,3.988,0.459,0.401,banana,spoiled
1491165,1474,816.00,94.00,82.00,3.988,0.459,0.401,banana,spoiled
1492176,1475,816.00,94.00,82.00,3.988,0.459,0.401,banana,spoiled
1493187,1476,816.00,94.00,82.00,3.988,0.459,0.401,banana,spoiled
1494198,1477,816.05,94.00,82.00,3.989,0.459,0.401,banana,spoiled
1495209,1478,816.00,94.00,82.00,3.988,0.459,0.401,banana,spoiled
1496220,1479,816.05,94.00,82.00,3.989,0.459,0.401,banana,spoiled
1497231,1480,816.00,93.95,82.00,3.988,0.459,0.401,banana,spoiled
1498243,1481,816.00,94.00,82.00,3.988,0.459,0.401,banana,spoiled
1499253,1482,816.00,94.00,82.00,3.988,0.459,0.401,banana,spoiled
1500264,1483,816.00,94.00,82.00,3.988,0.459,0.401,banana,spoiled
1501276,1484,816.00,94.00,82.00,3.988,0.459,0.401,banana,spoiled
1502286,1485,816.00,94.00,81.95,3.988,0.459,0.401,banana,spoiled
1503297,1486,816.00,94.00,82.00,3.988,0.459,0.401,banana,spoiled
1504309,1487,816.00,94.00,82.00,3.988,0.459,0.401,banana,spoiled
1505319,1488,816.00,94.00,82.00,3.988,0.459,0.401,banana,spoiled
1506330,1489,816.00,94.00,82.00,3.988,0.459,0.401,banana,spoiled
1507342,1490,816.00,94.00,82.00,3.988,0.459,0.401,banana,spoiled
1508353,1491,816.00,94.00,82.00,3.988,0.459,0.401,banana,spoiled
1509363,1492,816.00,94.00,82.00,3.988,0.459,0.401,banana,spoiled
1510375,1493,816.00,94.00,82.00,3.988,0.459,0.401,banana,spoiled
1511386,1494,816.00,94.00,82.00,3.988,0.459,0.401,banana,spoiled
1512396,1495,816.00,94.00,82.00,3.988,0.459,0.401,banana,spoiled
1513408,1496,816.00,93.95,82.00,3.988,0.459,0.401,banana,spoiled
1514419,1497,816.05,94.00,82.00,3.989,0.459,0.401,banana,spoiled
1515429,1498,816.05,94.00,82.00,3.989,0.459,0.401,banana,spoiled
1516441,1499,816.00,93.95,82.00,3.988,0.459,0.401,banana,spoiled
1517452,1500,816.00,94.00,82.00,3.988,0.459,0.401,banana,spoiled
1518462,1501,816.05,94.00,82.00,3.989,0.459,0.401,banana,spoiled
1519474,1502,816.00,94.00,82.00,3.988,0.459,0.401,banana,spoiled
1520485,1503,816.05,94.00,82.00,3.989,0.459,0.401,banana,spoiled
1521496,1504,816.00,94.00,82.00,3.988,0.459,0.401,banana,spoiled
1522507,1505,816.05,94.00,82.00,3.989,0.459,0.401,banana,spoiled
1523518,1506,816.00,94.00,82.00,3.988,0.459,0.401,banana,spoiled
1524529,1507,816.00,94.00,82.00,3.988,0.459,0.401,banana,spoiled
1525540,1508,816.05,94.00,82.00,3.989,0.459,0.401,banana,spoiled
1526551,1509,816.00,93.95,82.00,3.988,0.459,0.401,banana,spoiled
1527562,1510,816.10,94.00,82.00,3.989,0.459,0.401,banana,spoiled
1528573,1511,816.00,94.00,82.00,3.988,0.459,0.401,banana,spoiled
1529584,1512,816.10,94.00,82.00,3.989,0.459,0.401,banana,spoiled
1530595,1513,816.10,94.00,82.00,3.989,0.459,0.401,banana,spoiled
1531607,1514,816.00,94.00,82.00,3.988,0.459,0.401,banana,spoiled
1532617,1515,816.00,94.00,82.00,3.988,0.459,0.401,banana,spoiled
1533628,1516,816.10,94.00,82.00,3.989,0.459,0.401,banana,spoiled
1534640,1517,816.00,94.00,82.00,3.988,0.459,0.401,banana,spoiled
1535650,1518,816.00,94.00,82.00,3.988,0.459,0.401,banana,spoiled
1536661,1519,816.05,94.00,82.00,3.989,0.459,0.401,banana,spoiled
1537673,1520,816.00,94.00,82.00,3.988,0.459,0.401,banana,spoiled
1538683,1521,816.00,94.00,82.00,3.988,0.459,0.401,banana,spoiled
1539694,1522,816.05,94.00,82.00,3.989,0.459,0.401,banana,spoiled
1540706,1523,816.10,94.00,82.00,3.989,0.459,0.401,banana,spoiled
1541716,1524,816.05,94.00,82.00,3.989,0.459,0.401,banana,spoiled
1542727,1525,816.10,94.00,82.00,3.989,0.459,0.401,banana,spoiled
1543739,1526,816.15,94.00,82.00,3.989,0.459,0.401,banana,spoiled
1544750,1527,816.10,94.00,82.00,3.989,0.459,0.401,banana,spoiled
1545760,1528,816.05,94.00,82.00,3.989,0.459,0.401,banana,spoiled
1546772,1529,816.10,94.00,82.00,3.989,0.459,0.401,banana,spoiled
1547783,1530,816.15,94.00,82.00,3.989,0.459,0.401,banana,spoiled
1548793,1531,816.00,94.00,82.00,3.988,0.459,0.401,banana,spoiled
1549805,1532,816.10,94.00,82.00,3.989,0.459,0.401,banana,spoiled
1550816,1533,816.30,94.00,82.00,3.990,0.459,0.401,banana,spoiled
1551826,1534,816.05,94.00,82.00,3.989,0.459,0.401,banana,spoiled
1552838,1535,816.00,94.00,82.00,3.988,0.459,0.401,banana,spoiled
1553849,1536,816.10,94.00,82.00,3.989,0.459,0.401,banana,spoiled
1554860,1537,816.00,94.00,82.00,3.988,0.459,0.401,banana,spoiled
1555871,1538,816.10,94.00,82.00,3.989,0.459,0.401,banana,spoiled
1556882,1539,816.05,94.00,82.00,3.989,0.459,0.401,banana,spoiled
1557893,1540,816.20,94.00,82.00,3.989,0.459,0.401,banana,spoiled
1558904,1541,816.00,94.00,82.00,3.988,0.459,0.401,banana,spoiled
1559915,1542,816.05,94.00,82.00,3.989,0.459,0.401,banana,spoiled
1560926,1543,816.10,94.00,82.00,3.989,0.459,0.401,banana,spoiled
1561937,1544,816.10,94.05,82.00,3.989,0.460,0.401,banana,spoiled
1562948,1545,816.10,94.00,82.00,3.989,0.459,0.401,banana,spoiled
1563959,1546,816.05,94.00,82.00,3.989,0.459,0.401,banana,spoiled
1564971,1547,816.25,94.00,82.00,3.989,0.459,0.401,banana,spoiled
1565981,1548,816.05,94.00,82.00,3.989,0.459,0.401,banana,spoiled
1566992,1549,816.10,94.05,82.00,3.989,0.460,0.401,banana,spoiled
1568004,1550,816.20,94.05,82.00,3.989,0.460,0.401,banana,spoiled
1569014,1551,816.15,94.00,82.00,3.989,0.459,0.401,banana,spoiled
1570025,1552,816.15,94.10,82.00,3.989,0.460,0.401,banana,spoiled
1571037,1553,816.05,94.00,82.00,3.989,0.459,0.401,banana,spoiled
1572047,1554,816.30,94.00,82.00,3.990,0.459,0.401,banana,spoiled
1573058,1555,816.25,94.05,82.00,3.989,0.460,0.401,banana,spoiled
1574070,1556,816.20,94.00,82.00,3.989,0.459,0.401,banana,spoiled
1575080,1557,816.20,94.05,82.00,3.989,0.460,0.401,banana,spoiled
1576091,1558,816.25,94.00,82.00,3.989,0.459,0.401,banana,spoiled
1577103,1559,816.25,94.05,82.00,3.989,0.460,0.401,banana,spoiled
1578114,1560,816.20,94.05,82.00,3.989,0.460,0.401,banana,spoiled
1579124,1561,816.40,94.00,82.00,3.990,0.459,0.401,banana,spoiled
1580136,1562,816.20,94.00,82.05,3.989,0.459,0.401,banana,spoiled
1581147,1563,816.30,94.00,82.00,3.990,0.459,0.401,banana,spoiled
1582157,1564,816.15,94.00,82.00,3.989,0.459,0.401,banana,spoiled
1583169,1565,816.20,94.05,82.00,3.989,0.460,0.401,banana,spoiled
1584180,1566,816.10,94.00,82.00,3.989,0.459,0.401,banana,spoiled
1585190,1567,816.15,94.05,82.00,3.989,0.460,0.401,banana,spoiled
1586202,1568,816.15,94.00,82.00,3.989,0.459,0.401,banana,spoiled
1587213,1569,816.15,94.00,82.00,3.989,0.459,0.401,banana,spoiled
1588224,1570,816.10,94.00,82.00,3.989,0.459,0.401,banana,spoiled
1589235,1571,816.10,94.00,82.00,3.989,0.459,0.401,banana,spoiled
1590246,1572,816.10,94.10,82.00,3.989,0.460,0.401,banana,spoiled
1591257,1573,816.20,94.00,82.00,3.989,0.459,0.401,banana,spoiled
1592268,1574,816.20,94.00,82.00,3.989,0.459,0.401,banana,spoiled
1593279,1575,816.15,94.00,82.05,3.989,0.459,0.401,banana,spoiled
1594290,1576,816.25,94.00,82.00,3.989,0.459,0.401,banana,spoiled
1595301,1577,816.25,94.05,82.00,3.989,0.460,0.401,banana,spoiled
1596312,1578,816.10,94.00,82.00,3.989,0.459,0.401,banana,spoiled
1597323,1579,816.15,94.05,82.00,3.989,0.460,0.401,banana,spoiled
1598334,1580,816.30,94.00,82.05,3.990,0.459,0.401,banana,spoiled
1599345,1581,816.05,94.10,82.00,3.989,0.460,0.401,banana,spoiled
1600356,1582,816.05,94.15,82.00,3.989,0.460,0.401,banana,spoiled
1601368,1583,816.00,94.00,82.00,3.988,0.459,0.401,banana,spoiled
1602378,1584,816.10,94.05,82.00,3.989,0.460,0.401,banana,spoiled
1603389,1585,816.30,94.00,82.00,3.990,0.459,0.401,banana,spoiled
1604401,1586,816.15,94.00,82.00,3.989,0.459,0.401,banana,spoiled
1605411,1587,816.40,94.00,82.00,3.990,0.459,0.401,banana,spoiled
1606422,1588,816.50,94.00,82.00,3.991,0.459,0.401,banana,spoiled
1607434,1589,816.40,94.10,82.00,3.990,0.460,0.401,banana,spoiled
1608444,1590,816.40,94.10,82.00,3.990,0.460,0.401,banana,spoiled
1609455,1591,816.30,94.10,82.00,3.990,0.460,0.401,banana,spoiled
1610467,1592,816.40,94.05,82.00,3.990,0.460,0.401,banana,spoiled
1611478,1593,816.45,94.20,82.00,3.990,0.460,0.401,banana,spoiled
1612488,1594,816.20,94.20,82.00,3.989,0.460,0.401,banana,spoiled
1613500,1595,816.65,94.10,82.00,3.991,0.460,0.401,banana,spoiled
1614511,1596,816.50,94.10,82.00,3.991,0.460,0.401,banana,spoiled
1615521,1597,816.45,94.05,82.00,3.990,0.460,0.401,banana,spoiled
1616533,1598,816.50,94.00,82.00,3.991,0.459,0.401,banana,spoiled
1617544,1599,816.40,94.10,82.00,3.990,0.460,0.401,banana,spoiled
1618554,1600,816.30,94.15,82.00,3.990,0.460,0.401,banana,spoiled
1619566,1601,816.35,94.10,82.00,3.990,0.460,0.401,banana,spoiled
1620577,1602,816.35,94.05,82.00,3.990,0.460,0.401,banana,spoiled
1621587,1603,816.45,94.00,82.00,3.990,0.459,0.401,banana,spoiled
1622599,1604,816.50,94.05,82.00,3.991,0.460,0.401,banana,spoiled
1623610,1605,816.55,94.05,82.00,3.991,0.460,0.401,banana,spoiled
1624621,1606,816.40,94.25,82.00,3.990,0.461,0.401,banana,spoiled
1625632,1607,816.50,94.10,82.00,3.991,0.460,0.401,banana,spoiled
1626643,1608,816.45,94.00,82.00,3.990,0.459,0.401,banana,spoiled
1627655,1609,816.25,94.05,82.00,3.989,0.460,0.401,banana,spoiled
1628665,1610,816.20,94.05,82.00,3.989,0.460,0.401,banana,spoiled
1629676,1611,816.60,94.15,82.00,3.991,0.460,0.401,banana,spoiled
1630688,1612,816.55,94.05,82.00,3.991,0.460,0.401,banana,spoiled
1631698,1613,816.70,94.10,82.00,3.992,0.460,0.401,banana,spoiled
1632709,1614,816.75,94.00,82.00,3.992,0.459,0.401,banana,spoiled
1633721,1615,816.80,94.10,82.00,3.992,0.460,0.401,banana,spoiled
1634732,1616,816.80,94.10,82.00,3.992,0.460,0.401,banana,spoiled
1635742,1617,816.50,94.00,82.00,3.991,0.459,0.401,banana,spoiled
1636754,1618,816.55,94.10,82.00,3.991,0.460,0.401,banana,spoiled
1637765,1619,816.90,94.00,82.00,3.993,0.459,0.401,banana,spoiled
1638775,1620,816.80,94.15,82.00,3.992,0.460,0.401,banana,spoiled
1639787,1621,816.95,94.10,82.00,3.993,0.460,0.401,banana,spoiled
1640798,1622,816.95,94.25,82.00,3.993,0.461,0.401,banana,spoiled
1641808,1623,816.75,94.85,83.15,3.992,0.464,0.406,banana,spoiled
1642820,1624,817.10,94.75,82.05,3.994,0.463,0.401,banana,spoiled
1643831,1625,819.10,94.25,82.00,4.003,0.461,0.401,banana,spoiled
1644841,1626,821.00,94.25,82.00,4.013,0.461,0.401,banana,spoiled
1645853,1627,822.55,94.85,82.00,4.020,0.464,0.401,banana,spoiled
1646864,1628,823.65,94.85,82.00,4.026,0.464,0.401,banana,spoiled
1647875,1629,824.25,94.95,82.00,4.029,0.464,0.401,banana,spoiled
1648886,1630,824.90,95.00,82.00,4.032,0.464,0.401,banana,spoiled
1649897,1631,825.10,95.00,82.50,4.033,0.464,0.403,banana,spoiled
1650908,1632,825.50,95.10,82.90,4.035,0.465,0.405,banana,spoiled
1651919,1633,825.00,95.10,83.20,4.032,0.465,0.407,banana,spoiled
1652930,1634,823.15,95.00,83.10,4.023,0.464,0.406,banana,spoiled
1653941,1635,821.00,95.05,83.10,4.013,0.465,0.406,banana,spoiled
1654952,1636,819.35,95.00,83.05,4.005,0.464,0.406,banana,spoiled
1655963,1637,818.40,95.10,83.05,4.000,0.465,0.406,banana,spoiled
1656974,1638,818.00,95.00,83.05,3.998,0.464,0.406,banana,spoiled
1657986,1639,817.90,95.05,83.00,3.998,0.465,0.406,banana,spoiled
1658996,1640,817.30,95.00,83.00,3.995,0.464,0.406,banana,spoiled
1660007,1641,817.10,95.10,83.00,3.994,0.465,0.406,banana,spoiled
1661019,1642,817.10,95.10,83.00,3.994,0.465,0.406,banana,spoiled
1662029,1643,817.10,95.15,83.00,3.994,0.465,0.406,banana,spoiled
1663040,1644,817.05,95.20,83.00,3.993,0.465,0.406,banana,spoiled
1664052,1645,817.00,95.30,83.00,3.993,0.466,0.406,banana,spoiled
1665062,1646,817.00,95.15,82.80,3.993,0.465,0.405,banana,spoiled
1666073,1647,816.75,95.20,82.75,3.992,0.465,0.404,banana,spoiled
1667085,1648,816.65,95.10,82.50,3.991,0.465,0.403,banana,spoiled
1668096,1649,816.00,95.00,82.50,3.988,0.464,0.403,banana,spoiled
1669107,1650,816.05,95.00,82.20,3.989,0.464,0.402,banana,spoiled
1670118,1651,816.00,95.05,82.10,3.988,0.465,0.401,banana,spoiled
1671129,1652,815.95,95.00,82.00,3.988,0.464,0.401,banana,spoiled
1672140,1653,815.70,95.00,82.00,3.987,0.464,0.401,banana,spoiled
1673151,1654,815.40,95.00,82.00,3.985,0.464,0.401,banana,spoiled
1674162,1655,815.05,95.00,82.00,3.984,0.464,0.401,banana,spoiled
1675173,1656,815.00,95.00,82.00,3.983,0.464,0.401,banana,spoiled
1676184,1657,815.00,94.95,82.00,3.983,0.464,0.401,banana,spoiled
1677195,1658,815.00,94.80,82.00,3.983,0.463,0.401,banana,spoiled
1678206,1659,814.80,94.75,82.00,3.982,0.463,0.401,banana,spoiled
1679217,1660,814.60,94.85,81.95,3.981,0.464,0.401,banana,spoiled
1680228,1661,814.20,94.50,82.00,3.979,0.462,0.401,banana,spoiled
1681240,1662,814.00,94.15,81.95,3.978,0.460,0.401,banana,spoiled
1682250,1663,814.00,94.20,81.95,3.978,0.460,0.401,banana,spoiled
1683261,1664,814.00,94.05,82.00,3.978,0.460,0.401,banana,spoiled
1684273,1665,814.00,94.05,81.80,3.978,0.460,0.400,banana,spoiled
1685283,1666,814.00,94.00,81.95,3.978,0.459,0.401,banana,spoiled
1686294,1667,813.85,94.00,81.75,3.978,0.459,0.400,banana,spoiled
1687306,1668,813.55,94.00,81.85,3.976,0.459,0.400,banana,spoiled
1688316,1669,813.50,94.00,81.90,3.976,0.459,0.400,banana,spoiled
1689327,1670,813.10,94.00,81.65,3.974,0.459,0.399,banana,spoiled
1690339,1671,813.15,94.00,81.50,3.974,0.459,0.398,banana,spoiled
1691350,1672,813.05,94.00,81.70,3.974,0.459,0.399,banana,spoiled
1692360,1673,813.00,94.00,81.70,3.974,0.459,0.399,banana,spoiled
1693372,1674,813.00,93.95,81.55,3.974,0.459,0.399,banana,spoiled
1694383,1675,813.00,93.95,81.40,3.974,0.459,0.398,banana,spoiled
1695393,1676,813.00,93.80,81.35,3.974,0.458,0.398,banana,spoiled
1696405,1677,813.00,93.65,81.50,3.974,0.458,0.398,banana,spoiled
1697416,1678,813.00,93.80,81.60,3.974,0.458,0.399,banana,spoiled
1698426,1679,813.00,93.35,81.65,3.974,0.456,0.399,banana,spoiled
1699438,1680,813.00,93.50,81.55,3.974,0.457,0.399,banana,spoiled
1700449,1681,812.95,93.30,81.35,3.973,0.456,0.398,banana,spoiled
1701459,1682,812.95,93.25,81.50,3.973,0.456,0.398,banana,spoiled
1702471,1683,812.95,93.15,81.50,3.973,0.455,0.398,banana,spoiled
1703482,1684,812.95,93.15,81.50,3.973,0.455,0.398,banana,spoiled
1704493,1685,812.85,93.20,81.50,3.973,0.456,0.398,banana,spoiled
1705504,1686,812.85,93.10,81.60,3.973,0.455,0.399,banana,spoiled
1706515,1687,812.80,93.15,81.70,3.973,0.455,0.399,banana,spoiled
1707527,1688,812.85,93.15,81.60,3.973,0.455,0.399,banana,spoiled
1708537,1689,813.00,93.05,81.60,3.974,0.455,0.399,banana,spoiled
1709548,1690,812.90,93.05,81.80,3.973,0.455,0.400,banana,spoiled
1710560,1691,812.95,93.00,81.70,3.973,0.455,0.399,banana,spoiled
1711570,1692,812.95,93.00,81.95,3.973,0.455,0.401,banana,spoiled
1712581,1693,813.00,93.10,81.80,3.974,0.455,0.400,banana,spoiled
1713593,1694,813.00,93.00,81.85,3.974,0.455,0.400,banana,spoiled
1714604,1695,813.00,93.10,81.95,3.974,0.455,0.401,banana,spoiled
1715614,1696,813.00,93.00,81.95,3.974,0.455,0.401,banana,spoiled
1716626,1697,813.00,93.05,81.95,3.974,0.455,0.401,banana,spoiled
1717637,1698,813.00,93.00,81.95,3.974,0.455,0.401,banana,spoiled
1718647,1699,813.00,93.10,81.85,3.974,0.455,0.400,banana,spoiled
1719659,1700,813.00,93.00,81.85,3.974,0.455,0.400,banana,spoiled
1720670,1701,813.00,93.00,82.00,3.974,0.455,0.401,banana,spoiled
1721680,1702,813.00,93.00,82.00,3.974,0.455,0.401,banana,spoiled
1722692,1703,813.00,93.00,81.90,3.974,0.455,0.400,banana,spoiled
1723703,1704,813.00,93.05,81.95,3.974,0.455,0.401,banana,spoiled
1724713,1705,813.00,93.00,81.90,3.974,0.455,0.400,banana,spoiled
1725725,1706,813.00,93.10,82.00,3.974,0.455,0.401,banana,spoiled
1726736,1707,813.00,93.00,81.90,3.974,0.455,0.400,banana,spoiled
1727747,1708,813.00,93.00,81.95,3.974,0.455,0.401,banana,spoiled
1728758,1709,813.00,93.00,82.00,3.974,0.455,0.401,banana,spoiled
1729769,1710,813.00,93.00,82.00,3.974,0.455,0.401,banana,spoiled
1730780,1711,813.00,93.05,82.00,3.974,0.455,0.401,banana,spoiled
1731791,1712,813.00,93.00,82.00,3.974,0.455,0.401,banana,spoiled
1732802,1713,813.00,93.05,82.00,3.974,0.455,0.401,banana,spoiled
1733813,1714,813.00,93.00,82.00,3.974,0.455,0.401,banana,spoiled
1734824,1715,812.95,93.00,81.95,3.973,0.455,0.401,banana,spoiled
1735835,1716,813.00,93.00,82.00,3.974,0.455,0.401,banana,spoiled
1736846,1717,813.00,93.00,81.95,3.974,0.455,0.401,banana,spoiled
1737858,1718,813.00,93.00,81.95,3.974,0.455,0.401,banana,spoiled
1738868,1719,813.00,93.00,82.00,3.974,0.455,0.401,banana,spoiled
1739879,1720,813.00,93.00,82.00,3.974,0.455,0.401,banana,spoiled
1740891,1721,813.00,93.00,82.00,3.974,0.455,0.401,banana,spoiled
1741901,1722,812.95,93.00,82.00,3.973,0.455,0.401,banana,spoiled
1742912,1723,813.00,93.00,82.00,3.974,0.455,0.401,banana,spoiled
1743924,1724,813.00,93.05,82.00,3.974,0.455,0.401,banana,spoiled
1744934,1725,813.00,93.00,82.00,3.974,0.455,0.401,banana,spoiled
1745945,1726,813.00,93.00,82.00,3.974,0.455,0.401,banana,spoiled
1746957,1727,813.00,93.05,81.95,3.974,0.455,0.401,banana,spoiled
1747968,1728,813.00,93.00,82.00,3.974,0.455,0.401,banana,spoiled
1748978,1729,813.00,93.00,82.00,3.974,0.455,0.401,banana,spoiled
1749990,1730,813.00,93.05,82.00,3.974,0.455,0.401,banana,spoiled
1751001,1731,813.00,93.00,82.00,3.974,0.455,0.401,banana,spoiled
1752011,1732,813.00,93.00,82.00,3.974,0.455,0.401,banana,spoiled
1753023,1733,813.00,93.00,82.00,3.974,0.455,0.401,banana,spoiled
1754034,1734,813.00,93.00,82.00,3.974,0.455,0.401,banana,spoiled
1755044,1735,813.00,93.00,82.00,3.974,0.455,0.401,banana,spoiled
1756056,1736,813.00,93.00,82.00,3.974,0.455,0.401,banana,spoiled
1757067,1737,813.00,93.05,81.95,3.974,0.455,0.401,banana,spoiled
1758077,1738,813.00,93.05,82.00,3.974,0.455,0.401,banana,spoiled
1759089,1739,813.00,93.00,82.00,3.974,0.455,0.401,banana,spoiled
1760100,1740,813.00,93.05,82.00,3.974,0.455,0.401,banana,spoiled
1761111,1741,813.00,93.05,81.95,3.974,0.455,0.401,banana,spoiled
1762122,1742,813.00,93.00,82.00,3.974,0.455,0.401,banana,spoiled
1763133,1743,813.00,93.00,82.00,3.974,0.455,0.401,banana,spoiled
1764144,1744,813.00,93.00,82.00,3.974,0.455,0.401,banana,spoiled
1765155,1745,813.00,93.00,82.00,3.974,0.455,0.401,banana,spoiled
1766166,1746,813.00,93.00,82.00,3.974,0.455,0.401,banana,spoiled
1767177,1747,813.00,93.00,82.00,3.974,0.455,0.401,banana,spoiled
1768188,1748,813.00,93.00,82.00,3.974,0.455,0.401,banana,spoiled
1769199,1749,813.00,93.00,82.00,3.974,0.455,0.401,banana,spoiled
1770210,1750,813.00,93.00,82.00,3.974,0.455,0.401,banana,spoiled
1771222,1751,813.00,93.05,82.00,3.974,0.455,0.401,banana,spoiled
1772232,1752,813.00,93.00,82.00,3.974,0.455,0.401,banana,spoiled
1773243,1753,813.00,93.05,82.00,3.974,0.455,0.401,banana,spoiled
1774255,1754,813.00,93.00,82.00,3.974,0.455,0.401,banana,spoiled
1775265,1755,813.00,93.00,82.00,3.974,0.455,0.401,banana,spoiled
1776276,1756,813.00,93.00,82.00,3.974,0.455,0.401,banana,spoiled
1777288,1757,813.00,93.05,82.00,3.974,0.455,0.401,banana,spoiled
1778298,1758,813.00,93.00,82.00,3.974,0.455,0.401,banana,spoiled
1779309,1759,813.00,93.00,81.95,3.974,0.455,0.401,banana,spoiled
1780321,1760,813.00,93.05,82.00,3.974,0.455,0.401,banana,spoiled
1781331,1761,813.00,93.00,82.00,3.974,0.455,0.401,banana,spoiled
1782342,1762,813.00,93.00,82.00,3.974,0.455,0.401,banana,spoiled
1783354,1763,813.00,93.00,82.00,3.974,0.455,0.401,banana,spoiled
1784365,1764,813.00,93.00,82.00,3.974,0.455,0.401,banana,spoiled
1785375,1765,813.00,93.00,82.00,3.974,0.455,0.401,banana,spoiled
1786387,1766,813.00,93.00,82.00,3.974,0.455,0.401,banana,spoiled
1787398,1767,813.00,93.00,81.95,3.974,0.455,0.401,banana,spoiled
1788408,1768,813.00,93.05,82.00,3.974,0.455,0.401,banana,spoiled
1789420,1769,813.00,93.00,81.95,3.974,0.455,0.401,banana,spoiled
1790431,1770,813.00,93.00,82.00,3.974,0.455,0.401,banana,spoiled
1791441,1771,813.00,93.00,82.00,3.974,0.455,0.401,banana,spoiled
1792453,1772,813.00,93.05,82.00,3.974,0.455,0.401,banana,spoiled
1793464,1773,813.00,93.00,82.00,3.974,0.455,0.401,banana,spoiled
1794475,1774,813.00,93.00,82.00,3.974,0.455,0.401,banana,spoiled
1795486,1775,813.00,93.00,81.95,3.974,0.455,0.401,banana,spoiled
1796497,1776,813.00,93.00,81.95,3.974,0.455,0.401,banana,spoiled
1797508,1777,813.00,93.00,82.00,3.974,0.455,0.401,banana,spoiled
1798519,1778,813.00,93.05,81.95,3.974,0.455,0.401,banana,spoiled
1799530,1779,813.00,93.00,81.90,3.974,0.455,0.400,banana,spoiled
1800541,1780,813.00,93.00,82.00,3.974,0.455,0.401,banana,spoiled
1801552,1781,813.00,93.05,82.00,3.974,0.455,0.401,banana,spoiled
1802563,1782,813.00,93.00,82.00,3.974,0.455,0.401,banana,spoiled
1803574,1783,813.00,93.05,81.95,3.974,0.455,0.401,banana,spoiled
1804585,1784,813.00,93.00,81.95,3.974,0.455,0.401,banana,spoiled
1805596,1785,813.00,93.00,82.00,3.974,0.455,0.401,banana,spoiled
1806607,1786,813.00,93.00,82.00,3.974,0.455,0.401,banana,spoiled
1807619,1787,813.00,93.00,82.00,3.974,0.455,0.401,banana,spoiled
1808629,1788,813.00,93.00,82.00,3.974,0.455,0.401,banana,spoiled
1809640,1789,813.00,93.00,81.95,3.974,0.455,0.401,banana,spoiled
1810652,1790,813.00,93.05,81.95,3.974,0.455,0.401,banana,spoiled
1811662,1791,813.00,93.00,81.95,3.974,0.455,0.401,banana,spoiled
1812673,1792,813.00,93.05,81.90,3.974,0.455,0.400,banana,spoiled
1813685,1793,813.00,93.00,81.90,3.974,0.455,0.400,banana,spoiled
1814695,1794,813.00,93.00,82.00,3.974,0.455,0.401,banana,spoiled
1815706,1795,813.00,93.00,82.00,3.974,0.455,0.401,banana,spoiled
1816718,1796,813.00,93.00,82.00,3.974,0.455,0.401,banana,spoiled
1817729,1797,813.00,93.00,81.95,3.974,0.455,0.401,banana,spoiled
1818739,1798,813.00,93.00,82.00,3.974,0.455,0.401,banana,spoiled
1819751,1799,813.00,93.00,81.90,3.974,0.455,0.400,banana,spoiled
1820762,1800,813.00,93.05,81.95,3.974,0.455,0.401,banana,spoiled
1821772,1801,813.00,93.05,82.00,3.974,0.455,0.401,banana,spoiled
1822784,1802,813.00,93.00,81.90,3.974,0.455,0.400,banana,spoiled
1823795,1803,813.00,93.00,82.00,3.974,0.455,0.401,banana,spoiled
1824805,1804,813.15,93.05,81.85,3.974,0.455,0.400,banana,spoiled
1825817,1805,813.00,93.00,81.95,3.974,0.455,0.401,banana,spoiled
1826828,1806,813.00,93.10,81.95,3.974,0.455,0.401,banana,spoiled
1827838,1807,813.00,93.00,81.85,3.974,0.455,0.400,banana,spoiled
1828850,1808,813.00,93.05,81.95,3.974,0.455,0.401,banana,spoiled
1829861,1809,813.00,93.15,81.95,3.974,0.455,0.401,banana,spoiled
1830872,1810,813.00,93.00,81.90,3.974,0.455,0.400,banana,spoiled
1831883,1811,813.00,93.00,81.95,3.974,0.455,0.401,banana,spoiled
1832894,1812,813.00,93.00,81.95,3.974,0.455,0.401,banana,spoiled
1833906,1813,813.00,93.05,81.95,3.974,0.455,0.401,banana,spoiled
1834916,1814,813.05,93.00,81.80,3.974,0.455,0.400,banana,spoiled
1835927,1815,813.00,93.00,81.90,3.974,0.455,0.400,banana,spoiled
1836939,1816,813.00,93.00,81.95,3.974,0.455,0.401,banana,spoiled
1837949,1817,813.00,93.05,81.95,3.974,0.455,0.401,banana,spoiled
1838960,1818,813.05,93.05,81.85,3.974,0.455,0.400,banana,spoiled
1839972,1819,813.00,93.00,81.85,3.974,0.455,0.400,banana,spoiled
1840983,1820,813.05,93.00,81.80,3.974,0.455,0.400,banana,spoiled
1841993,1821,813.00,93.00,81.90,3.974,0.455,0.400,banana,spoiled
1843005,1822,813.00,93.05,81.80,3.974,0.455,0.400,banana,spoiled
1844016,1823,813.05,93.00,81.90,3.974,0.455,0.400,banana,spoiled
1845026,1824,813.15,93.10,81.85,3.974,0.455,0.400,banana,spoiled
1846038,1825,813.20,93.00,81.80,3.975,0.455,0.400,banana,spoiled
1847049,1826,813.00,93.05,81.90,3.974,0.455,0.400,banana,spoiled
1848059,1827,813.05,93.05,81.80,3.974,0.455,0.400,banana,spoiled
1849071,1828,813.05,93.00,81.85,3.974,0.455,0.400,banana,spoiled
1850082,1829,813.00,93.05,81.90,3.974,0.455,0.400,banana,spoiled
1851092,1830,813.00,93.05,81.75,3.974,0.455,0.400,banana,spoiled
1852104,1831,813.00,93.00,82.00,3.974,0.455,0.401,banana,spoiled
1853115,1832,813.00,93.05,81.95,3.974,0.455,0.401,banana,spoiled
1854126,1833,813.10,93.00,81.80,3.974,0.455,0.400,banana,spoiled
1855137,1834,813.10,93.05,81.85,3.974,0.455,0.400,banana,spoiled
1856148,1835,813.05,93.10,81.80,3.974,0.455,0.400,banana,spoiled
1857159,1836,813.15,93.05,81.85,3.974,0.455,0.400,banana,spoiled
1858170,1837,813.25,93.05,81.90,3.975,0.455,0.400,banana,spoiled
1859181,1838,813.00,93.15,81.95,3.974,0.455,0.401,banana,spoiled
1860192,1839,813.05,93.00,81.90,3.974,0.455,0.400,banana,spoiled
1861203,1840,813.05,93.00,81.95,3.974,0.455,0.401,banana,spoiled
1862214,1841,813.10,93.00,81.90,3.974,0.455,0.400,banana,spoiled
1863225,1842,813.10,93.00,81.90,3.974,0.455,0.400,banana,spoiled
1864237,1843,813.05,93.05,81.95,3.974,0.455,0.401,banana,spoiled
1865247,1844,813.10,93.00,81.90,3.974,0.455,0.400,banana,spoiled
1866258,1845,813.00,93.15,82.00,3.974,0.455,0.401,banana,spoiled
1867270,1846,813.05,93.00,81.90,3.974,0.455,0.400,banana,spoiled
1868280,1847,813.15,93.05,81.95,3.974,0.455,0.401,banana,spoiled
1869291,1848,813.10,93.10,81.95,3.974,0.455,0.401,banana,spoiled
1870303,1849,813.10,93.10,81.95,3.974,0.455,0.401,banana,spoiled
1871313,1850,813.20,93.00,81.80,3.975,0.455,0.400,banana,spoiled
1872324,1851,813.10,93.10,81.90,3.974,0.455,0.400,banana,spoiled
1873336,1852,813.15,93.05,81.95,3.974,0.455,0.401,banana,spoiled
1874347,1853,813.05,93.00,81.90,3.974,0.455,0.400,banana,spoiled
1875358,1854,813.05,93.05,81.85,3.974,0.455,0.400,banana,spoiled
1876369,1855,813.05,93.00,81.85,3.974,0.455,0.400,banana,spoiled
1877380,1856,813.05,93.05,81.95,3.974,0.455,0.401,banana,spoiled
1878391,1857,813.20,93.00,81.95,3.975,0.455,0.401,banana,spoiled
1879402,1858,813.10,93.00,81.90,3.974,0.455,0.400,banana,spoiled
1880413,1859,813.05,93.05,81.75,3.974,0.455,0.400,banana,spoiled
1881424,1860,813.15,93.05,81.80,3.974,0.455,0.400,banana,spoiled
1882435,1861,813.10,93.05,81.80,3.974,0.455,0.400,banana,spoiled
1883446,1862,813.15,93.15,81.85,3.974,0.455,0.400,banana,spoiled
1884457,1863,813.10,93.00,81.75,3.974,0.455,0.400,banana,spoiled
1885468,1864,813.10,93.00,81.80,3.974,0.455,0.400,banana,spoiled
1886479,1865,813.15,93.00,81.85,3.974,0.455,0.400,banana,spoiled
1887491,1866,813.10,93.10,81.85,3.974,0.455,0.400,banana,spoiled
1888501,1867,813.10,93.05,81.90,3.974,0.455,0.400,banana,spoiled
1889512,1868,813.20,93.00,81.85,3.975,0.455,0.400,banana,spoiled
1890524,1869,813.20,93.00,81.75,3.975,0.455,0.400,banana,spoiled
1891534,1870,813.00,93.05,81.90,3.974,0.455,0.400,banana,spoiled
1892545,1871,813.05,93.10,81.80,3.974,0.455,0.400,banana,spoiled
1893557,1872,813.05,93.00,81.90,3.974,0.455,0.400,banana,spoiled
1894567,1873,813.15,93.00,82.00,3.974,0.455,0.401,banana,spoiled
1895578,1874,813.10,93.00,81.80,3.974,0.455,0.400,banana,spoiled
1896590,1875,813.10,93.05,81.75,3.974,0.455,0.400,banana,spoiled
1897601,1876,813.10,93.00,81.85,3.974,0.455,0.400,banana,spoiled
1898611,1877,813.15,93.05,81.70,3.974,0.455,0.399,banana,spoiled
1899623,1878,813.00,93.00,81.80,3.974,0.455,0.400,banana,spoiled
1900634,1879,813.00,93.10,81.90,3.974,0.455,0.400,banana,spoiled
1901644,1880,813.00,93.05,81.70,3.974,0.455,0.399,banana,spoiled
1902656,1881,813.00,93.00,81.75,3.974,0.455,0.400,banana,spoiled
1903667,1882,813.00,93.00,81.65,3.974,0.455,0.399,banana,spoiled
1904677,1883,813.10,93.00,81.85,3.974,0.455,0.400,banana,spoiled
1905689,1884,813.00,93.05,81.80,3.974,0.455,0.400,banana,spoiled
1906700,1885,813.00,93.05,81.70,3.974,0.455,0.399,banana,spoiled
1907712,1886,813.10,93.00,81.55,3.974,0.455,0.399,banana,spoiled
1908722,1887,813.05,93.05,81.65,3.974,0.455,0.399,banana,spoiled
1909733,1888,813.05,93.00,81.55,3.974,0.455,0.399,banana,spoiled
1910745,1889,813.05,93.05,81.50,3.974,0.455,0.398,banana,spoiled
1911755,1890,813.00,93.10,81.70,3.974,0.455,0.399,banana,spoiled
1912766,1891,813.00,93.00,81.60,3.974,0.455,0.399,banana,spoiled
1913778,1892,813.00,93.00,81.50,3.974,0.455,0.398,banana,spoiled
1914788,1893,813.10,93.00,81.70,3.974,0.455,0.399,banana,spoiled
1915799,1894,813.15,93.05,81.60,3.974,0.455,0.399,banana,spoiled
1916811,1895,813.05,93.05,81.55,3.974,0.455,0.399,banana,spoiled
1917821,1896,813.05,93.00,81.45,3.974,0.455,0.398,banana,spoiled
1918832,1897,813.00,93.00,81.55,3.974,0.455,0.399,banana,spoiled
1919844,1898,813.10,93.10,81.80,3.974,0.455,0.400,banana,spoiled
1920855,1899,813.05,93.00,81.65,3.974,0.455,0.399,banana,spoiled
1921865,1900,813.05,93.05,81.60,3.974,0.455,0.399,banana,spoiled
1922877,1901,813.10,93.00,81.70,3.974,0.455,0.399,banana,spoiled
1923888,1902,813.10,93.10,81.55,3.974,0.455,0.399,banana,spoiled
1924898,1903,813.05,93.05,81.65,3.974,0.455,0.399,banana,spoiled
1925910,1904,813.10,93.05,81.65,3.974,0.455,0.399,banana,spoiled
1926921,1905,813.05,93.00,81.45,3.974,0.455,0.398,banana,spoiled
1927932,1906,813.10,93.05,81.55,3.974,0.455,0.399,banana,spoiled
1928943,1907,813.00,93.00,81.60,3.974,0.455,0.399,banana,spoiled
1929954,1908,813.05,93.05,81.60,3.974,0.455,0.399,banana,spoiled
1930966,1909,813.00,93.05,81.60,3.974,0.455,0.399,banana,spoiled
1931976,1910,813.05,93.05,81.50,3.974,0.455,0.398,banana,spoiled
1932987,1911,813.00,93.05,81.50,3.974,0.455,0.398,banana,spoiled
1933999,1912,813.00,93.00,81.60,3.974,0.455,0.399,banana,spoiled
1935009,1913,813.00,93.05,81.30,3.974,0.455,0.397,banana,spoiled
1936020,1914,813.20,93.05,81.65,3.975,0.455,0.399,banana,spoiled
1937032,1915,813.00,93.05,81.75,3.974,0.455,0.400,banana,spoiled
1938042,1916,813.05,93.05,81.60,3.974,0.455,0.399,banana,spoiled
1939053,1917,813.00,93.05,81.55,3.974,0.455,0.399,banana,spoiled
1940065,1918,813.00,93.05,81.45,3.974,0.455,0.398,banana,spoiled
1941075,1919,813.10,93.00,81.50,3.974,0.455,0.398,banana,spoiled
1942086,1920,813.05,93.00,81.50,3.974,0.455,0.398,banana,spoiled
1943098,1921,813.00,93.00,81.50,3.974,0.455,0.398,banana,spoiled
1944109,1922,813.00,93.05,81.50,3.974,0.455,0.398,banana,spoiled
1945119,1923,813.05,93.00,81.30,3.974,0.455,0.397,banana,spoiled
1946131,1924,813.05,93.05,81.40,3.974,0.455,0.398,banana,spoiled
1947142,1925,813.10,93.00,81.35,3.974,0.455,0.398,banana,spoiled
1948152,1926,813.05,93.00,81.55,3.974,0.455,0.399,banana,spoiled
1949164,1927,813.05,93.00,81.50,3.974,0.455,0.398,banana,spoiled
1950175,1928,813.05,93.00,81.35,3.974,0.455,0.398,banana,spoiled
1951185,1929,813.00,93.00,81.40,3.974,0.455,0.398,banana,spoiled
1952197,1930,813.00,93.00,81.45,3.974,0.455,0.398,banana,spoiled
1953208,1931,813.00,93.00,81.60,3.974,0.455,0.399,banana,spoiled
1954220,1932,813.05,93.00,81.25,3.974,0.455,0.397,banana,spoiled
1955230,1933,813.00,93.00,81.40,3.974,0.455,0.398,banana,spoiled
1956241,1934,813.00,93.00,81.25,3.974,0.455,0.397,banana,spoiled
1957253,1935,813.00,93.05,81.35,3.974,0.455,0.398,banana,spoiled
1958263,1936,813.00,93.00,81.35,3.974,0.455,0.398,banana,spoiled
1959274,1937,813.00,93.05,81.25,3.974,0.455,0.397,banana,spoiled
1960286,1938,813.05,93.00,81.35,3.974,0.455,0.398,banana,spoiled
1961296,1939,813.00,93.00,81.10,3.974,0.455,0.396,banana,spoiled
1962307,1940,813.00,93.00,81.10,3.974,0.455,0.396,banana,spoiled
1963319,1941,813.00,93.00,81.20,3.974,0.455,0.397,banana,spoiled
1964329,1942,813.00,93.00,81.25,3.974,0.455,0.397,banana,spoiled
1965340,1943,813.00,93.00,81.10,3.974,0.455,0.396,banana,spoiled
1966352,1944,813.00,93.00,81.40,3.974,0.455,0.398,banana,spoiled
1967363,1945,813.00,93.00,81.25,3.974,0.455,0.397,banana,spoiled
1968373,1946,813.00,93.00,81.35,3.974,0.455,0.398,banana,spoiled
1969385,1947,813.00,93.00,81.15,3.974,0.455,0.397,banana,spoiled
1970396,1948,813.00,93.00,81.25,3.974,0.455,0.397,banana,spoiled
1971406,1949,813.00,93.00,81.15,3.974,0.455,0.397,banana,spoiled
1972418,1950,813.00,93.00,81.20,3.974,0.455,0.397,banana,spoiled
1973429,1951,813.10,93.00,81.10,3.974,0.455,0.396,banana,spoiled
1974439,1952,813.00,93.00,81.10,3.974,0.455,0.396,banana,spoiled
1975451,1953,813.00,93.00,81.15,3.974,0.455,0.397,banana,spoiled
1976462,1954,813.00,93.00,81.20,3.974,0.455,0.397,banana,spoiled
1977473,1955,813.00,93.00,81.10,3.974,0.455,0.396,banana,spoiled
1978484,1956,813.00,93.00,81.20,3.974,0.455,0.397,banana,spoiled
1979495,1957,813.00,93.00,81.10,3.974,0.455,0.396,banana,spoiled
1980506,1958,813.00,93.00,81.15,3.974,0.455,0.397,banana,spoiled
1981517,1959,813.00,93.00,81.25,3.974,0.455,0.397,banana,spoiled
1982528,1960,813.00,93.00,81.25,3.974,0.455,0.397,banana,spoiled
1983539,1961,813.05,93.00,81.20,3.974,0.455,0.397,banana,spoiled
1984550,1962,813.00,93.00,81.10,3.974,0.455,0.396,banana,spoiled
1985561,1963,813.10,93.00,81.25,3.974,0.455,0.397,banana,spoiled
1986572,1964,813.00,93.00,81.10,3.974,0.455,0.396,banana,spoiled
1987584,1965,813.00,93.00,81.15,3.974,0.455,0.397,banana,spoiled
1988594,1966,813.00,93.00,81.25,3.974,0.455,0.397,banana,spoiled
1989606,1967,813.00,93.00,81.15,3.974,0.455,0.397,banana,spoiled
1990617,1968,813.00,93.00,81.20,3.974,0.455,0.397,banana,spoiled
1991627,1969,813.05,93.00,81.00,3.974,0.455,0.396,banana,spoiled
1992639,1970,813.05,93.00,81.15,3.974,0.455,0.397,banana,spoiled
1993650,1971,813.05,93.00,81.10,3.974,0.455,0.396,banana,spoiled
1994660,1972,813.05,93.00,81.15,3.974,0.455,0.397,banana,spoiled
1995672,1973,813.00,93.00,81.10,3.974,0.455,0.396,banana,spoiled
1996683,1974,813.05,93.00,81.20,3.974,0.455,0.397,banana,spoiled
1997693,1975,813.05,93.00,81.20,3.974,0.455,0.397,banana,spoiled
1998705,1976,813.05,93.00,81.15,3.974,0.455,0.397,banana,spoiled
1999716,1977,813.00,93.00,81.05,3.974,0.455,0.396,banana,spoiled
2000727,1978,813.00,93.00,81.15,3.974,0.455,0.397,banana,spoiled
2001738,1979,813.00,93.00,81.15,3.974,0.455,0.397,banana,spoiled
2002749,1980,813.00,93.00,81.20,3.974,0.455,0.397,banana,spoiled
2003760,1981,813.05,93.00,81.20,3.974,0.455,0.397,banana,spoiled
2004771,1982,813.05,93.00,81.20,3.974,0.455,0.397,banana,spoiled
2005782,1983,813.00,93.05,81.10,3.974,0.455,0.396,banana,spoiled
2006793,1984,813.05,93.00,81.15,3.974,0.455,0.397,banana,spoiled
2007804,1985,813.10,93.00,81.30,3.974,0.455,0.397,banana,spoiled
2008815,1986,813.00,93.00,81.10,3.974,0.455,0.396,banana,spoiled
2009826,1987,813.00,93.00,81.20,3.974,0.455,0.397,banana,spoiled
2010838,1988,813.10,93.00,81.05,3.974,0.455,0.396,banana,spoiled
2011848,1989,813.05,93.00,81.15,3.974,0.455,0.397,banana,spoiled
2012859,1990,813.05,93.00,81.10,3.974,0.455,0.396,banana,spoiled
2013871,1991,813.10,93.00,81.05,3.974,0.455,0.396,banana,spoiled
2014881,1992,813.00,93.00,81.15,3.974,0.455,0.397,banana,spoiled
2015892,1993,813.20,93.00,81.10,3.975,0.455,0.396,banana,spoiled
2016904,1994,813.05,93.00,81.25,3.974,0.455,0.397,banana,spoiled
2017914,1995,813.15,93.00,81.10,3.974,0.455,0.396,banana,spoiled
2018926,1996,813.10,93.00,81.15,3.974,0.455,0.397,banana,spoiled
2019937,1997,813.00,92.95,81.10,3.974,0.454,0.396,banana,spoiled
2020947,1998,813.10,93.00,81.10,3.974,0.455,0.396,banana,spoiled
2021959,1999,813.15,93.00,81.05,3.974,0.455,0.396,banana,spoiled
2022970,2000,813.20,93.00,81.15,3.975,0.455,0.397,banana,spoiled
2023981,2001,813.05,93.00,81.15,3.974,0.455,0.397,banana,spoiled
2024992,2002,813.20,93.00,81.15,3.975,0.455,0.397,banana,spoiled
2026003,2003,813.05,93.00,81.35,3.974,0.455,0.398,banana,spoiled
2027014,2004,813.05,93.00,81.10,3.974,0.455,0.396,banana,spoiled
2028025,2005,813.15,93.00,81.40,3.974,0.455,0.398,banana,spoiled
2029036,2006,813.30,93.00,81.20,3.975,0.455,0.397,banana,spoiled
2030047,2007,813.20,93.00,81.20,3.975,0.455,0.397,banana,spoiled
2031058,2008,813.00,93.00,81.45,3.974,0.455,0.398,banana,spoiled
2032069,2009,813.20,93.00,81.10,3.975,0.455,0.396,banana,spoiled
2033080,2010,813.15,93.05,81.20,3.974,0.455,0.397,banana,spoiled
2034092,2011,813.05,93.00,81.15,3.974,0.455,0.397,banana,spoiled
2035102,2012,813.25,93.00,81.20,3.975,0.455,0.397,banana,spoiled
2036113,2013,813.15,93.00,81.10,3.974,0.455,0.396,banana,spoiled
2037125,2014,813.25,93.00,81.10,3.975,0.455,0.396,banana,spoiled
2038135,2015,813.05,93.05,81.00,3.974,0.455,0.396,banana,spoiled
2039146,2016,813.25,93.00,81.15,3.975,0.455,0.397,banana,spoiled
2040158,2017,813.10,93.00,81.10,3.974,0.455,0.396,banana,spoiled
2041168,2018,813.15,93.00,81.15,3.974,0.455,0.397,banana,spoiled
2042180,2019,813.20,93.00,81.05,3.975,0.455,0.396,banana,spoiled
2043191,2020,813.15,93.00,81.35,3.974,0.455,0.398,banana,spoiled
2044201,2021,813.20,93.00,81.20,3.975,0.455,0.397,banana,spoiled
2045213,2022,813.20,93.00,81.00,3.975,0.455,0.396,banana,spoiled
2046224,2023,813.25,93.00,81.20,3.975,0.455,0.397,banana,spoiled
2047235,2024,813.15,93.00,81.20,3.974,0.455,0.397,banana,spoiled
2048246,2025,813.10,93.00,81.15,3.974,0.455,0.397,banana,spoiled
2049257,2026,813.10,93.00,81.20,3.974,0.455,0.397,banana,spoiled
2050268,2027,813.00,93.00,81.15,3.974,0.455,0.397,banana,spoiled
2051279,2028,813.20,93.00,81.05,3.975,0.455,0.396,banana,spoiled
2052290,2029,813.05,93.00,81.15,3.974,0.455,0.397,banana,spoiled
2053301,2030,813.15,93.00,81.20,3.974,0.455,0.397,banana,spoiled
2054312,2031,813.05,93.00,81.15,3.974,0.455,0.397,banana,spoiled
2055323,2032,813.05,93.00,81.15,3.974,0.455,0.397,banana,spoiled
2056334,2033,813.05,93.00,81.15,3.974,0.455,0.397,banana,spoiled
2057346,2034,813.10,93.00,81.00,3.974,0.455,0.396,banana,spoiled
2058356,2035,813.00,93.00,81.10,3.974,0.455,0.396,banana,spoiled
2059367,2036,813.00,93.00,81.10,3.974,0.455,0.396,banana,spoiled
2060379,2037,813.20,93.00,81.10,3.975,0.455,0.396,banana,spoiled
2061389,2038,813.20,93.00,81.25,3.975,0.455,0.397,banana,spoiled
2062400,2039,813.05,93.00,81.10,3.974,0.455,0.396,banana,spoiled
2063412,2040,813.10,93.00,81.00,3.974,0.455,0.396,banana,spoiled
2064422,2041,813.10,93.00,81.15,3.974,0.455,0.397,banana,spoiled
2065433,2042,813.10,93.00,81.00,3.974,0.455,0.396,banana,spoiled
2066445,2043,813.05,93.00,81.05,3.974,0.455,0.396,banana,spoiled
2067456,2044,813.05,93.00,81.15,3.974,0.455,0.397,banana,spoiled
2068466,2045,813.05,93.00,81.05,3.974,0.455,0.396,banana,spoiled
2069478,2046,813.15,93.00,81.00,3.974,0.455,0.396,banana,spoiled
2070489,2047,813.00,93.00,81.10,3.974,0.455,0.396,banana,spoiled
2071500,2048,813.05,92.95,81.05,3.974,0.454,0.396,banana,spoiled
2072511,2049,813.10,93.00,81.15,3.974,0.455,0.397,banana,spoiled
2073522,2050,813.05,93.00,81.00,3.974,0.455,0.396,banana,spoiled
2074533,2051,813.00,93.00,81.05,3.974,0.455,0.396,banana,spoiled
2075544,2052,813.10,93.00,81.15,3.974,0.455,0.397,banana,spoiled
2076555,2053,813.05,93.00,81.15,3.974,0.455,0.397,banana,spoiled
2077566,2054,813.15,93.00,81.15,3.974,0.455,0.397,banana,spoiled
2078577,2055,813.30,93.00,81.10,3.975,0.455,0.396,banana,spoiled
2079588,2056,813.10,93.00,81.15,3.974,0.455,0.397,banana,spoiled
2080600,2057,813.05,93.00,81.10,3.974,0.455,0.396,banana,spoiled
2081610,2058,813.10,93.00,81.05,3.974,0.455,0.396,banana,spoiled
2082621,2059,813.05,93.00,81.15,3.974,0.455,0.397,banana,spoiled
2083633,2060,813.15,92.95,81.10,3.974,0.454,0.396,banana,spoiled
2084643,2061,813.05,93.00,81.15,3.974,0.455,0.397,banana,spoiled
2085654,2062,813.10,93.00,81.15,3.974,0.455,0.397,banana,spoiled
2086666,2063,813.15,93.00,81.00,3.974,0.455,0.396,banana,spoiled
2087676,2064,813.05,92.90,81.05,3.974,0.454,0.396,banana,spoiled
2088687,2065,813.05,93.00,81.30,3.974,0.455,0.397,banana,spoiled
2089699,2066,813.05,92.95,81.20,3.974,0.454,0.397,banana,spoiled
2090710,2067,813.00,93.00,81.10,3.974,0.455,0.396,banana,spoiled
2091721,2068,813.00,93.00,81.15,3.974,0.455,0.397,banana,spoiled
2092732,2069,813.05,93.00,81.05,3.974,0.455,0.396,banana,spoiled
2093743,2070,813.05,93.00,81.10,3.974,0.455,0.396,banana,spoiled
2094754,2071,813.00,93.00,81.15,3.974,0.455,0.397,banana,spoiled
2095765,2072,813.05,93.00,81.10,3.974,0.455,0.396,banana,spoiled
2096776,2073,813.00,93.00,81.05,3.974,0.455,0.396,banana,spoiled
2097787,2074,813.05,93.00,81.00,3.974,0.455,0.396,banana,spoiled
2098798,2075,813.05,93.00,81.05,3.974,0.455,0.396,banana,spoiled
2099809,2076,813.00,92.95,81.00,3.974,0.454,0.396,banana,spoiled
2100820,2077,813.00,93.00,81.10,3.974,0.455,0.396,banana,spoiled
2101831,2078,813.00,93.00,81.10,3.974,0.455,0.396,banana,spoiled
2102842,2079,813.10,93.00,81.05,3.974,0.455,0.396,banana,spoiled
2103854,2080,813.05,93.00,81.05,3.974,0.455,0.396,banana,spoiled
2104864,2081,813.05,92.95,81.10,3.974,0.454,0.396,banana,spoiled
2105875,2082,813.00,93.00,81.00,3.974,0.455,0.396,banana,spoiled
2106887,2083,813.00,93.00,81.05,3.974,0.455,0.396,banana,spoiled
2107897,2084,813.00,93.00,81.10,3.974,0.455,0.396,banana,spoiled
2108908,2085,813.00,93.00,81.00,3.974,0.455,0.396,banana,spoiled
2109920,2086,813.00,93.00,81.05,3.974,0.455,0.396,banana,spoiled
2110930,2087,813.00,93.00,81.05,3.974,0.455,0.396,banana,spoiled
2111941,2088,813.00,93.00,81.10,3.974,0.455,0.396,banana,spoiled
2112953,2089,813.00,93.00,81.15,3.974,0.455,0.397,banana,spoiled
2113964,2090,813.00,93.00,81.00,3.974,0.455,0.396,banana,spoiled
2114974,2091,813.00,92.95,81.00,3.974,0.454,0.396,banana,spoiled
2115986,2092,813.00,93.00,81.00,3.974,0.455,0.396,banana,spoiled
2116997,2093,813.05,93.00,81.05,3.974,0.455,0.396,banana,spoiled
2118007,2094,813.00,93.00,81.00,3.974,0.455,0.396,banana,spoiled
2119019,2095,813.00,93.00,81.05,3.974,0.455,0.396,banana,spoiled
2120030,2096,813.00,93.00,81.05,3.974,0.455,0.396,banana,spoiled
2121040,2097,813.00,92.95,81.00,3.974,0.454,0.396,banana,spoiled
2122052,2098,813.00,93.00,81.00,3.974,0.455,0.396,banana,spoiled
2123063,2099,813.00,93.00,81.00,3.974,0.455,0.396,banana,spoiled
2124073,2100,813.00,93.00,81.05,3.974,0.455,0.396,banana,spoiled
2125085,2101,813.10,93.00,81.05,3.974,0.455,0.396,banana,spoiled
2126096,2102,813.10,92.95,81.05,3.974,0.454,0.396,banana,spoiled
2127107,2103,813.05,93.00,81.05,3.974,0.455,0.396,banana,spoiled
2128118,2104,813.00,93.00,81.15,3.974,0.455,0.397,banana,spoiled
2129129,2105,813.05,93.00,81.05,3.974,0.455,0.396,banana,spoiled
2130140,2106,813.00,93.00,81.05,3.974,0.455,0.396,banana,spoiled
2131151,2107,813.00,93.00,81.05,3.974,0.455,0.396,banana,spoiled
2132162,2108,813.00,93.00,81.10,3.974,0.455,0.396,banana,spoiled
2133173,2109,813.05,93.00,81.20,3.974,0.455,0.397,banana,spoiled
2134184,2110,813.05,93.00,81.00,3.974,0.455,0.396,banana,spoiled
2135195,2111,813.00,93.00,81.10,3.974,0.455,0.396,banana,spoiled
2136206,2112,813.00,93.00,81.00,3.974,0.455,0.396,banana,spoiled
2137218,2113,813.00,93.00,81.15,3.974,0.455,0.397,banana,spoiled
2138228,2114,813.05,93.00,81.00,3.974,0.455,0.396,banana,spoiled
2139240,2115,813.10,93.00,81.05,3.974,0.455,0.396,banana,spoiled
2140251,2116,813.00,93.00,81.05,3.974,0.455,0.396,banana,spoiled
2141261,2117,813.00,93.00,81.05,3.974,0.455,0.396,banana,spoiled
2142273,2118,813.00,93.00,81.10,3.974,0.455,0.396,banana,spoiled
2143284,2119,813.15,93.00,81.10,3.974,0.455,0.396,banana,spoiled
2144294,2120,813.00,93.00,81.05,3.974,0.455,0.396,banana,spoiled
2145306,2121,813.00,93.00,81.00,3.974,0.455,0.396,banana,spoiled
2146317,2122,813.00,93.00,81.15,3.974,0.455,0.397,banana,spoiled
2147328,2123,813.00,93.00,81.05,3.974,0.455,0.396,banana,spoiled
2148339,2124,813.05,93.00,81.00,3.974,0.455,0.396,banana,spoiled
2149350,2125,813.00,93.00,81.15,3.974,0.455,0.397,banana,spoiled
2150361,2126,813.05,93.00,81.15,3.974,0.455,0.397,banana,spoiled
2151372,2127,813.05,93.00,81.05,3.974,0.455,0.396,banana,spoiled
2152383,2128,813.00,93.00,81.00,3.974,0.455,0.396,banana,spoiled
2153394,2129,813.00,93.00,81.05,3.974,0.455,0.396,banana,spoiled
2154405,2130,813.05,93.00,81.05,3.974,0.455,0.396,banana,spoiled
2155416,2131,813.05,93.00,81.05,3.974,0.455,0.396,banana,spoiled
2156427,2132,813.10,93.00,81.05,3.974,0.455,0.396,banana,spoiled
2157438,2133,813.10,93.00,81.10,3.974,0.455,0.396,banana,spoiled
2158449,2134,813.00,93.00,81.05,3.974,0.455,0.396,banana,spoiled
2159460,2135,813.05,93.00,81.10,3.974,0.455,0.396,banana,spoiled
2160472,2136,813.00,93.00,81.10,3.974,0.455,0.396,banana,spoiled
2161482,2137,813.00,93.00,81.15,3.974,0.455,0.397,banana,spoiled
2162493,2138,813.05,93.00,81.00,3.974,0.455,0.396,banana,spoiled
2163505,2139,813.05,93.00,81.00,3.974,0.455,0.396,banana,spoiled
2164515,2140,813.00,93.00,81.00,3.974,0.455,0.396,banana,spoiled
2165526,2141,813.00,93.00,81.00,3.974,0.455,0.396,banana,spoiled
2166538,2142,813.00,93.00,81.00,3.974,0.455,0.396,banana,spoiled
2167548,2143,813.00,93.00,81.10,3.974,0.455,0.396,banana,spoiled
2168559,2144,813.10,93.00,81.05,3.974,0.455,0.396,banana,spoiled
2169571,2145,813.00,93.00,81.05,3.974,0.455,0.396,banana,spoiled
2170582,2146,813.00,93.00,81.00,3.974,0.455,0.396,banana,spoiled
2171592,2147,813.00,93.00,81.05,3.974,0.455,0.396,banana,spoiled
2172604,2148,813.00,93.00,81.10,3.974,0.455,0.396,banana,spoiled
2173615,2149,813.00,93.00,81.05,3.974,0.455,0.396,banana,spoiled
2174626,2150,813.10,93.00,81.10,3.974,0.455,0.396,banana,spoiled
2175637,2151,813.00,93.00,81.00,3.974,0.455,0.396,banana,spoiled
2176648,2152,813.00,93.00,81.10,3.974,0.455,0.396,banana,spoiled
2177659,2153,813.05,93.00,81.15,3.974,0.455,0.397,banana,spoiled
2178670,2154,813.00,93.00,81.05,3.974,0.455,0.396,banana,spoiled
2179681,2155,813.00,93.00,81.15,3.974,0.455,0.397,banana,spoiled
2180692,2156,813.00,93.00,81.05,3.974,0.455,0.396,banana,spoiled
2181703,2157,813.05,93.00,81.00,3.974,0.455,0.396,banana,spoiled
2182714,2158,813.00,93.00,81.10,3.974,0.455,0.396,banana,spoiled
2183726,2159,813.05,93.00,81.05,3.974,0.455,0.396,banana,spoiled
2184736,2160,813.05,93.00,81.00,3.974,0.455,0.396,banana,spoiled
2185747,2161,813.00,93.00,81.05,3.974,0.455,0.396,banana,spoiled
2186759,2162,813.00,93.00,81.10,3.974,0.455,0.396,banana,spoiled
2187769,2163,813.00,93.00,81.10,3.974,0.455,0.396,banana,spoiled
2188780,2164,813.00,93.05,81.05,3.974,0.455,0.396,banana,spoiled
2189792,2165,813.00,93.05,81.00,3.974,0.455,0.396,banana,spoiled
2190802,2166,813.00,93.00,81.05,3.974,0.455,0.396,banana,spoiled
2191813,2167,813.00,93.00,81.00,3.974,0.455,0.396,banana,spoiled
2192825,2168,813.05,93.00,81.00,3.974,0.455,0.396,banana,spoiled
2193836,2169,813.00,93.05,81.00,3.974,0.455,0.396,banana,spoiled
2194846,2170,813.00,93.05,81.05,3.974,0.455,0.396,banana,spoiled
2195858,2171,813.00,93.00,81.00,3.974,0.455,0.396,banana,spoiled
2196869,2172,813.05,93.00,81.00,3.974,0.455,0.396,banana,spoiled
2197879,2173,813.00,93.00,81.00,3.974,0.455,0.396,banana,spoiled
2198891,2174,813.00,93.05,81.00,3.974,0.455,0.396,banana,spoiled
2199902,2175,813.00,93.00,81.05,3.974,0.455,0.396,banana,spoiled
2200912,2176,813.00,93.00,81.00,3.974,0.455,0.396,banana,spoiled
2201924,2177,813.00,93.00,81.10,3.974,0.455,0.396,banana,spoiled
2202935,2178,813.00,93.00,81.00,3.974,0.455,0.396,banana,spoiled
2203945,2179,813.05,93.00,81.00,3.974,0.455,0.396,banana,spoiled
2204957,2180,813.05,93.00,81.05,3.974,0.455,0.396,banana,spoiled
2205968,2181,813.00,93.00,81.05,3.974,0.455,0.396,banana,spoiled
2206979,2182,813.05,93.00,81.10,3.974,0.455,0.396,banana,spoiled
2207990,2183,813.05,93.00,81.00,3.974,0.455,0.396,banana,spoiled
2209001,2184,813.00,93.00,81.00,3.974,0.455,0.396,banana,spoiled
2210012,2185,813.00,93.00,81.00,3.974,0.455,0.396,banana,spoiled
2211023,2186,813.00,93.00,81.00,3.974,0.455,0.396,banana,spoiled
2212034,2187,813.05,93.00,81.05,3.974,0.455,0.396,banana,spoiled
2213045,2188,813.00,93.00,81.00,3.974,0.455,0.396,banana,spoiled
2214056,2189,813.00,93.00,81.05,3.974,0.455,0.396,banana,spoiled
2215067,2190,813.00,93.00,81.00,3.974,0.455,0.396,banana,spoiled
2216078,2191,813.00,93.00,81.00,3.974,0.455,0.396,banana,spoiled
2217090,2192,813.00,93.00,81.00,3.974,0.455,0.396,banana,spoiled
2218100,2193,813.00,93.05,81.00,3.974,0.455,0.396,banana,spoiled
2219111,2194,813.00,93.00,81.05,3.974,0.455,0.396,banana,spoiled
2220123,2195,813.00,93.00,81.00,3.974,0.455,0.396,banana,spoiled
2221133,2196,813.00,93.00,81.10,3.974,0.455,0.396,banana,spoiled
2222144,2197,813.00,93.00,81.00,3.974,0.455,0.396,banana,spoiled
2223156,2198,813.00,93.00,80.95,3.974,0.455,0.396,banana,spoiled
2224166,2199,813.00,93.00,81.00,3.974,0.455,0.396,banana,spoiled
2225178,2200,813.00,93.00,81.00,3.974,0.455,0.396,banana,spoiled
2226189,2201,813.00,93.00,81.00,3.974,0.455,0.396,banana,spoiled
2227200,2202,813.00,93.05,81.00,3.974,0.455,0.396,banana,spoiled
2228211,2203,813.00,93.00,81.00,3.974,0.455,0.396,banana,spoiled
2229222,2204,813.00,93.00,81.00,3.974,0.455,0.396,banana,spoiled
2230233,2205,813.00,93.05,81.00,3.974,0.455,0.396,banana,spoiled
2231244,2206,813.00,93.00,81.00,3.974,0.455,0.396,banana,spoiled
2232255,2207,813.00,93.00,81.00,3.974,0.455,0.396,banana,spoiled
2233266,2208,813.00,93.00,81.00,3.974,0.455,0.396,banana,spoiled
2234277,2209,813.00,93.00,81.00,3.974,0.455,0.396,banana,spoiled
2235288,2210,813.00,93.00,81.00,3.974,0.455,0.396,banana,spoiled
2236299,2211,813.00,93.00,81.00,3.974,0.455,0.396,banana,spoiled
2237310,2212,813.00,93.00,81.00,3.974,0.455,0.396,banana,spoiled
2238321,2213,813.00,93.00,81.05,3.974,0.455,0.396,banana,spoiled
2239332,2214,813.00,93.00,81.00,3.974,0.455,0.396,banana,spoiled
2240344,2215,813.00,93.00,81.00,3.974,0.455,0.396,banana,spoiled
2241354,2216,813.00,93.00,81.00,3.974,0.455,0.396,banana,spoiled
2242365,2217,813.00,93.00,81.00,3.974,0.455,0.396,banana,spoiled
2243377,2218,813.00,93.00,81.00,3.974,0.455,0.396,banana,spoiled
2244387,2219,813.00,93.00,81.00,3.974,0.455,0.396,banana,spoiled
2245398,2220,813.00,93.00,81.00,3.974,0.455,0.396,banana,spoiled
2246410,2221,813.00,93.00,81.00,3.974,0.455,0.396,banana,spoiled
2247420,2222,813.00,93.00,81.00,3.974,0.455,0.396,banana,spoiled
2248431,2223,813.00,93.00,81.05,3.974,0.455,0.396,banana,spoiled
2249443,2224,813.00,93.00,81.00,3.974,0.455,0.396,banana,spoiled
2250454,2225,813.00,93.00,81.00,3.974,0.455,0.396,banana,spoiled
2251464,2226,813.00,93.00,81.05,3.974,0.455,0.396,banana,spoiled
2252476,2227,813.00,93.05,81.00,3.974,0.455,0.396,banana,spoiled
2253487,2228,813.00,93.00,81.00,3.974,0.455,0.396,banana,spoiled
2254497,2229,813.00,93.05,81.00,3.974,0.455,0.396,banana,spoiled
2255509,2230,813.00,93.00,81.00,3.974,0.455,0.396,banana,spoiled
2256520,2231,813.00,93.00,81.00,3.974,0.455,0.396,banana,spoiled
2257530,2232,813.00,93.00,81.00,3.974,0.455,0.396,banana,spoiled
2258542,2233,813.00,93.00,81.00,3.974,0.455,0.396,banana,spoiled
2259553,2234,813.00,93.00,81.00,3.974,0.455,0.396,banana,spoiled
2260563,2235,813.00,93.00,81.00,3.974,0.455,0.396,banana,spoiled
2261575,2236,813.05,93.00,81.00,3.974,0.455,0.396,banana,spoiled
2262586,2237,813.00,93.00,81.00,3.974,0.455,0.396,banana,spoiled
2263597,2238,813.00,93.00,81.00,3.974,0.455,0.396,banana,spoiled
2264608,2239,813.00,93.00,81.00,3.974,0.455,0.396,banana,spoiled
2265619,2240,813.00,93.10,81.05,3.974,0.455,0.396,banana,spoiled
2266630,2241,813.00,93.00,81.00,3.974,0.455,0.396,banana,spoiled
2267641,2242,813.00,93.00,81.00,3.974,0.455,0.396,banana,spoiled
2268652,2243,813.00,93.00,81.00,3.974,0.455,0.396,banana,spoiled
2269663,2244,813.05,93.00,81.00,3.974,0.455,0.396,banana,spoiled
2270674,2245,813.05,93.05,81.00,3.974,0.455,0.396,banana,spoiled
2271685,2246,813.05,93.10,81.00,3.974,0.455,0.396,banana,spoiled
2272696,2247,813.00,93.05,81.05,3.974,0.455,0.396,banana,spoiled
2273708,2248,813.00,93.05,81.00,3.974,0.455,0.396,banana,spoiled
2274718,2249,813.00,93.00,81.00,3.974,0.455,0.396,banana,spoiled
2275729,2250,813.00,93.00,81.05,3.974,0.455,0.396,banana,spoiled
2276741,2251,813.10,93.00,81.05,3.974,0.455,0.396,banana,spoiled
2277751,2252,813.00,93.00,81.00,3.974,0.455,0.396,banana,spoiled
2278762,2253,813.00,93.05,81.00,3.974,0.455,0.396,banana,spoiled
2279774,2254,813.05,93.00,81.00,3.974,0.455,0.396,banana,spoiled
2280784,2255,813.00,93.00,81.00,3.974,0.455,0.396,banana,spoiled
2281795,2256,813.00,93.00,81.05,3.974,0.455,0.396,banana,spoiled
2282807,2257,813.00,93.00,81.05,3.974,0.455,0.396,banana,spoiled
2283817,2258,813.05,93.05,81.00,3.974,0.455,0.396,banana,spoiled
2284828,2259,813.00,93.05,81.00,3.974,0.455,0.396,banana,spoiled
2285840,2260,813.00,93.00,81.00,3.974,0.455,0.396,banana,spoiled
2286851,2261,813.00,93.00,81.00,3.974,0.455,0.396,banana,spoiled
2287861,2262,813.05,93.05,81.00,3.974,0.455,0.396,banana,spoiled
2288873,2263,813.00,93.10,81.00,3.974,0.455,0.396,banana,spoiled
2289884,2264,813.00,93.15,81.00,3.974,0.455,0.396,banana,spoiled
2290895,2265,813.00,93.10,81.00,3.974,0.455,0.396,banana,spoiled
2291906,2266,813.05,93.00,81.00,3.974,0.455,0.396,banana,spoiled
2292917,2267,813.00,93.00,81.05,3.974,0.455,0.396,banana,spoiled
2293928,2268,813.10,93.15,81.00,3.974,0.455,0.396,banana,spoiled
2294939,2269,813.00,93.05,81.00,3.974,0.455,0.396,banana,spoiled
2295950,2270,813.05,93.00,81.05,3.974,0.455,0.396,banana,spoiled
2296962,2271,813.10,93.10,81.00,3.974,0.455,0.396,banana,spoiled
2297972,2272,813.05,93.00,81.00,3.974,0.455,0.396,banana,spoiled
2298983,2273,813.00,93.10,81.00,3.974,0.455,0.396,banana,spoiled
2299995,2274,813.00,93.15,81.00,3.974,0.455,0.396,banana,spoiled
2301005,2275,813.00,93.00,81.05,3.974,0.455,0.396,banana,spoiled
2302016,2276,813.05,93.15,81.00,3.974,0.455,0.396,banana,spoiled
2303028,2277,813.00,93.15,81.00,3.974,0.455,0.396,banana,spoiled
2304038,2278,813.00,93.10,81.05,3.974,0.455,0.396,banana,spoiled
2305049,2279,813.10,93.15,81.00,3.974,0.455,0.396,banana,spoiled
2306061,2280,813.00,93.05,81.00,3.974,0.455,0.396,banana,spoiled
2307072,2281,813.05,93.25,81.00,3.974,0.456,0.396,banana,spoiled
2308082,2282,813.05,93.10,81.00,3.974,0.455,0.396,banana,spoiled
2309094,2283,813.00,93.05,81.00,3.974,0.455,0.396,banana,spoiled
2310105,2284,813.00,93.10,81.00,3.974,0.455,0.396,banana,spoiled
2311115,2285,813.05,93.10,81.00,3.974,0.455,0.396,banana,spoiled
2312127,2286,813.10,93.00,81.00,3.974,0.455,0.396,banana,spoiled
2313138,2287,813.15,93.05,81.00,3.974,0.455,0.396,banana,spoiled
2314148,2288,813.00,93.30,81.00,3.974,0.456,0.396,banana,spoiled
2315160,2289,813.05,93.30,81.00,3.974,0.456,0.396,banana,spoiled
2316171,2290,813.05,93.35,81.00,3.974,0.456,0.396,banana,spoiled
2317181,2291,813.15,93.25,81.00,3.974,0.456,0.396,banana,spoiled
2318193,2292,813.10,93.15,81.00,3.974,0.455,0.396,banana,spoiled
2319204,2293,813.10,93.30,81.00,3.974,0.456,0.396,banana,spoiled
2320215,2294,813.15,93.10,81.00,3.974,0.455,0.396,banana,spoiled
2321226,2295,813.05,93.40,81.05,3.974,0.457,0.396,banana,spoiled
2322237,2296,813.05,93.45,81.00,3.974,0.457,0.396,banana,spoiled
2323249,2297,813.05,93.10,81.05,3.974,0.455,0.396,banana,spoiled
2324259,2298,813.15,93.40,81.05,3.974,0.457,0.396,banana,spoiled
2325270,2299,813.20,93.40,81.00,3.975,0.457,0.396,banana,spoiled
2326282,2300,813.05,93.15,81.00,3.974,0.455,0.396,banana,spoiled
2327292,2301,813.10,93.20,81.00,3.974,0.456,0.396,banana,spoiled
2328303,2302,813.05,93.25,81.00,3.974,0.456,0.396,banana,spoiled
2329315,2303,813.15,93.30,81.00,3.974,0.456,0.396,banana,spoiled
2330326,2304,813.25,93.20,81.00,3.975,0.456,0.396,banana,spoiled
2331336,2305,813.15,93.35,81.00,3.974,0.456,0.396,banana,spoiled
2332348,2306,813.05,93.15,81.05,3.974,0.455,0.396,banana,spoiled
2333359,2307,813.05,93.10,81.00,3.974,0.455,0.396,banana,spoiled
2334369,2308,813.15,93.25,81.05,3.974,0.456,0.396,banana,spoiled
2335381,2309,813.05,93.20,81.00,3.974,0.456,0.396,banana,spoiled
2336392,2310,813.00,93.35,81.10,3.974,0.456,0.396,banana,spoiled
2337402,2311,813.15,93.30,81.00,3.974,0.456,0.396,banana,spoiled
2338414,2312,813.05,93.20,81.00,3.974,0.456,0.396,banana,spoiled
2339425,2313,813.10,93.20,81.00,3.974,0.456,0.396,banana,spoiled
2340435,2314,813.00,93.15,81.00,3.974,0.455,0.396,banana,spoiled
2341447,2315,813.15,93.25,81.00,3.974,0.456,0.396,banana,spoiled
2342458,2316,813.05,93.25,81.00,3.974,0.456,0.396,banana,spoiled
2343470,2317,813.05,93.10,81.00,3.974,0.455,0.396,banana,spoiled
2344480,2318,813.00,93.20,81.00,3.974,0.456,0.396,banana,spoiled
2345491,2319,813.15,93.15,81.00,3.974,0.455,0.396,banana,spoiled
2346503,2320,813.05,93.00,81.00,3.974,0.455,0.396,banana,spoiled
2347513,2321,813.05,93.25,81.00,3.974,0.456,0.396,banana,spoiled
2348524,2322,813.05,93.05,81.00,3.974,0.455,0.396,banana,spoiled
2349536,2323,813.00,93.25,81.05,3.974,0.456,0.396,banana,spoiled
2350546,2324,813.10,93.35,81.00,3.974,0.456,0.396,banana,spoiled
2351557,2325,813.20,93.20,81.00,3.975,0.456,0.396,banana,spoiled
2352569,2326,813.10,93.15,81.00,3.974,0.455,0.396,banana,spoiled
2353580,2327,813.05,93.20,81.00,3.974,0.456,0.396,banana,spoiled
2354590,2328,813.00,93.30,81.00,3.974,0.456,0.396,banana,spoiled
2355602,2329,813.15,93.25,81.00,3.974,0.456,0.396,banana,spoiled
2356613,2330,813.15,93.20,81.00,3.974,0.456,0.396,banana,spoiled
2357623,2331,813.05,93.15,81.00,3.974,0.455,0.396,banana,spoiled
2358635,2332,813.05,93.25,81.00,3.974,0.456,0.396,banana,spoiled
2359646,2333,813.10,93.10,81.00,3.974,0.455,0.396,banana,spoiled
2360656,2334,813.05,93.30,81.00,3.974,0.456,0.396,banana,spoiled
2361668,2335,813.00,93.20,81.00,3.974,0.456,0.396,banana,spoiled
2362679,2336,813.05,93.25,81.00,3.974,0.456,0.396,banana,spoiled
2363689,2337,813.10,93.35,81.00,3.974,0.456,0.396,banana,spoiled
2364701,2338,813.15,93.05,81.00,3.974,0.455,0.396,banana,spoiled
2365712,2339,813.10,93.20,81.00,3.974,0.456,0.396,banana,spoiled
2366723,2340,813.05,93.40,81.00,3.974,0.457,0.396,banana,spoiled
2367734,2341,813.00,93.15,81.00,3.974,0.455,0.396,banana,spoiled
2368745,2342,813.00,93.20,81.00,3.974,0.456,0.396,banana,spoiled
2369756,2343,813.00,93.20,81.00,3.974,0.456,0.396,banana,spoiled
2370767,2344,813.05,93.40,81.00,3.974,0.457,0.396,banana,spoiled
2371778,2345,813.00,93.10,81.00,3.974,0.455,0.396,banana,spoiled
2372790,2346,813.00,93.15,81.00,3.974,0.455,0.396,banana,spoiled
2373800,2347,813.05,93.35,81.00,3.974,0.456,0.396,banana,spoiled
2374811,2348,813.00,93.15,81.00,3.974,0.455,0.396,banana,spoiled
2375823,2349,813.00,93.20,81.00,3.974,0.456,0.396,banana,spoiled
2376834,2350,813.05,93.15,81.00,3.974,0.455,0.396,banana,spoiled
2377844,2351,813.05,93.20,81.00,3.974,0.456,0.396,banana,spoiled
2378856,2352,813.00,93.35,81.00,3.974,0.456,0.396,banana,spoiled
2379867,2353,813.00,93.30,81.00,3.974,0.456,0.396,banana,spoiled
2380877,2354,813.05,93.45,81.00,3.974,0.457,0.396,banana,spoiled
2381889,2355,813.10,93.45,81.00,3.974,0.457,0.396,banana,spoiled
2382900,2356,813.00,93.25,81.00,3.974,0.456,0.396,banana,spoiled
2383910,2357,813.00,93.10,81.00,3.974,0.455,0.396,banana,spoiled
2384922,2358,813.05,93.15,81.00,3.974,0.455,0.396,banana,spoiled
2385933,2359,813.10,93.30,81.00,3.974,0.456,0.396,banana,spoiled
2386944,2360,813.05,93.20,81.00,3.974,0.456,0.396,banana,spoiled
2387955,2361,813.05,93.25,81.00,3.974,0.456,0.396,banana,spoiled
2388966,2362,813.00,93.20,81.00,3.974,0.456,0.396,banana,spoiled
2389977,2363,813.05,93.35,81.00,3.974,0.456,0.396,banana,spoiled
2390988,2364,813.05,93.10,81.00,3.974,0.455,0.396,banana,spoiled
2391999,2365,813.10,93.20,81.00,3.974,0.456,0.396,banana,spoiled
2393010,2366,813.05,93.40,81.00,3.974,0.457,0.396,banana,spoiled
2394021,2367,813.05,93.45,81.00,3.974,0.457,0.396,banana,spoiled
2395032,2368,813.10,93.35,81.00,3.974,0.456,0.396,banana,spoiled
2396043,2369,813.10,93.20,81.00,3.974,0.456,0.396,banana,spoiled
2397054,2370,813.05,93.35,81.00,3.974,0.456,0.396,banana,spoiled
2398065,2371,813.05,93.35,81.00,3.974,0.456,0.396,banana,spoiled
2399076,2372,813.00,93.20,81.00,3.974,0.456,0.396,banana,spoiled
2400088,2373,813.05,93.30,81.05,3.974,0.456,0.396,banana,spoiled
2401098,2374,813.05,93.45,81.00,3.974,0.457,0.396,banana,spoiled
2402110,2375,813.05,93.20,81.00,3.974,0.456,0.396,banana,spoiled
2403121,2376,813.05,93.35,81.05,3.974,0.456,0.396,banana,spoiled
2404131,2377,813.00,93.40,81.00,3.974,0.457,0.396,banana,spoiled
2405143,2378,813.00,93.50,81.00,3.974,0.457,0.396,banana,spoiled
2406154,2379,813.00,93.20,81.00,3.974,0.456,0.396,banana,spoiled
2407164,2380,813.00,93.20,81.00,3.974,0.456,0.396,banana,spoiled
2408176,2381,813.00,93.25,81.00,3.974,0.456,0.396,banana,spoiled
2409187,2382,813.05,93.45,81.00,3.974,0.457,0.396,banana,spoiled
2410198,2383,813.00,93.25,81.00,3.974,0.456,0.396,banana,spoiled
2411209,2384,813.00,93.15,81.00,3.974,0.455,0.396,banana,spoiled
2412220,2385,813.05,93.40,81.00,3.974,0.457,0.396,banana,spoiled
2413231,2386,813.00,93.25,81.00,3.974,0.456,0.396,banana,spoiled
2414242,2387,813.00,93.15,81.00,3.974,0.455,0.396,banana,spoiled
2415253,2388,813.00,93.20,81.00,3.974,0.456,0.396,banana,spoiled
2416264,2389,813.00,93.15,81.00,3.974,0.455,0.396,banana,spoiled
2417275,2390,813.00,93.20,81.00,3.974,0.456,0.396,banana,spoiled
2418286,2391,813.05,93.25,81.00,3.974,0.456,0.396,banana,spoiled
2419297,2392,813.10,93.20,81.00,3.974,0.456,0.396,banana,spoiled
2420308,2393,813.00,93.35,81.00,3.974,0.456,0.396,banana,spoiled
2421319,2394,813.05,93.10,81.00,3.974,0.455,0.396,banana,spoiled
2422330,2395,813.05,93.35,81.00,3.974,0.456,0.396,banana,spoiled
2423342,2396,813.05,93.15,81.00,3.974,0.455,0.396,banana,spoiled
2424352,2397,813.00,93.15,81.00,3.974,0.455,0.396,banana,spoiled
2425363,2398,813.00,93.20,81.00,3.974,0.456,0.396,banana,spoiled
2426375,2399,813.05,93.25,81.00,3.974,0.456,0.396,banana,spoiled
2427385,2400,813.05,93.20,81.00,3.974,0.456,0.396,banana,spoiled
2428396,2401,813.00,93.25,81.00,3.974,0.456,0.396,banana,spoiled
2429408,2402,813.05,93.10,81.00,3.974,0.455,0.396,banana,spoiled
2430418,2403,813.00,93.25,81.00,3.974,0.456,0.396,banana,spoiled
2431430,2404,813.05,93.20,81.00,3.974,0.456,0.396,banana,spoiled
2432441,2405,813.05,93.25,81.00,3.974,0.456,0.396,banana,spoiled
2433452,2406,813.00,93.30,81.00,3.974,0.456,0.396,banana,spoiled
2434463,2407,813.00,93.00,81.00,3.974,0.455,0.396,banana,spoiled
2435474,2408,813.00,93.25,81.00,3.974,0.456,0.396,banana,spoiled
2436485,2409,813.00,93.10,81.00,3.974,0.455,0.396,banana,spoiled
2437496,2410,813.00,93.05,81.00,3.974,0.455,0.396,banana,spoiled
2438507,2411,813.00,93.05,81.00,3.974,0.455,0.396,banana,spoiled
2439518,2412,813.05,93.05,81.00,3.974,0.455,0.396,banana,spoiled
2440529,2413,813.00,93.15,81.00,3.974,0.455,0.396,banana,spoiled
2441540,2414,813.10,93.00,81.00,3.974,0.455,0.396,banana,spoiled
2442551,2415,813.00,93.05,81.00,3.974,0.455,0.396,banana,spoiled
2443563,2416,813.05,93.00,81.00,3.974,0.455,0.396,banana,spoiled
2444573,2417,813.10,93.05,81.00,3.974,0.455,0.396,banana,spoiled
2445584,2418,813.10,93.10,81.00,3.974,0.455,0.396,banana,spoiled
2446596,2419,813.10,93.05,81.00,3.974,0.455,0.396,banana,spoiled
2447606,2420,813.15,93.05,81.00,3.974,0.455,0.396,banana,spoiled
2448617,2421,813.10,93.15,81.00,3.974,0.455,0.396,banana,spoiled
2449629,2422,813.10,93.15,81.00,3.974,0.455,0.396,banana,spoiled
2450639,2423,813.15,93.10,81.00,3.974,0.455,0.396,banana,spoiled
2451650,2424,813.10,93.10,81.00,3.974,0.455,0.396,banana,spoiled
2452662,2425,813.40,93.00,81.00,3.976,0.455,0.396,banana,spoiled
2453672,2426,813.25,93.15,81.00,3.975,0.455,0.396,banana,spoiled
2454683,2427,813.30,93.20,81.00,3.975,0.456,0.396,banana,spoiled
2455695,2428,813.25,93.00,81.00,3.975,0.455,0.396,banana,spoiled
2456706,2429,813.15,93.10,81.00,3.974,0.455,0.396,banana,spoiled
2457716,2430,813.35,93.25,81.00,3.975,0.456,0.396,banana,spoiled
2458728,2431,813.25,93.20,81.05,3.975,0.456,0.396,banana,spoiled
2459739,2432,813.20,93.05,81.00,3.975,0.455,0.396,banana,spoiled
2460749,2433,813.35,93.20,81.00,3.975,0.456,0.396,banana,spoiled
2461761,2434,813.20,93.15,81.00,3.975,0.455,0.396,banana,spoiled
2462772,2435,813.25,93.10,81.00,3.975,0.455,0.396,banana,spoiled
2463782,2436,813.35,93.20,81.00,3.975,0.456,0.396,banana,spoiled
2464794,2437,813.50,93.15,81.00,3.976,0.455,0.396,banana,spoiled
2465805,2438,813.60,93.25,81.00,3.977,0.456,0.396,banana,spoiled
2466817,2439,813.40,93.15,81.05,3.976,0.455,0.396,banana,spoiled
2467827,2440,813.35,93.10,81.00,3.975,0.455,0.396,banana,spoiled
2468838,2441,813.40,93.00,81.00,3.976,0.455,0.396,banana,spoiled
2469850,2442,813.45,93.05,81.00,3.976,0.455,0.396,banana,spoiled
2470860,2443,813.55,93.00,81.00,3.976,0.455,0.396,banana,spoiled
2471871,2444,813.65,93.05,81.00,3.977,0.455,0.396,banana,spoiled
2472883,2445,813.65,93.20,81.00,3.977,0.456,0.396,banana,spoiled
2473893,2446,813.55,93.20,81.00,3.976,0.456,0.396,banana,spoiled
2474904,2447,813.65,93.10,81.00,3.977,0.455,0.396,banana,spoiled
2475916,2448,813.80,93.05,81.00,3.978,0.455,0.396,banana,spoiled
2476926,2449,813.80,93.15,81.00,3.978,0.455,0.396,banana,spoiled
2477937,2450,813.95,93.20,81.00,3.978,0.456,0.396,banana,spoiled
2478949,2451,813.70,93.05,81.00,3.977,0.455,0.396,banana,spoiled
2479960,2452,813.75,93.25,81.00,3.977,0.456,0.396,banana,spoiled
2480970,2453,813.80,93.15,81.00,3.978,0.455,0.396,banana,spoiled
2481982,2454,813.90,93.05,81.00,3.978,0.455,0.396,banana,spoiled
2482993,2455,813.85,93.15,81.00,3.978,0.455,0.396,banana,spoiled
2484003,2456,813.95,93.15,81.00,3.978,0.455,0.396,banana,spoiled
2485015,2457,814.00,93.00,81.00,3.978,0.455,0.396,banana,spoiled
2486026,2458,813.90,93.20,81.00,3.978,0.456,0.396,banana,spoiled
2487036,2459,813.95,93.10,81.00,3.978,0.455,0.396,banana,spoiled
2488048,2460,813.90,93.05,81.00,3.978,0.455,0.396,banana,spoiled
2489059,2461,813.95,93.20,81.00,3.978,0.456,0.396,banana,spoiled
2490071,2462,814.00,93.20,81.00,3.978,0.456,0.396,banana,spoiled
2491081,2463,814.00,93.15,81.00,3.978,0.455,0.396,banana,spoiled
2492092,2464,814.00,93.20,81.00,3.978,0.456,0.396,banana,spoiled
2493104,2465,814.00,93.15,81.00,3.978,0.455,0.396,banana,spoiled
2494114,2466,814.00,93.20,81.00,3.978,0.456,0.396,banana,spoiled
2495125,2467,814.00,93.20,81.00,3.978,0.456,0.396,banana,spoiled
2496137,2468,814.00,93.05,81.00,3.978,0.455,0.396,banana,spoiled
2497147,2469,814.00,93.05,81.05,3.978,0.455,0.396,banana,spoiled
2498158,2470,814.00,93.15,81.00,3.978,0.455,0.396,banana,spoiled
2499170,2471,814.00,93.20,81.00,3.978,0.456,0.396,banana,spoiled
2500180,2472,814.00,93.20,81.00,3.978,0.456,0.396,banana,spoiled
2501191,2473,814.00,93.15,81.00,3.978,0.455,0.396,banana,spoiled
2502203,2474,814.00,93.10,81.00,3.978,0.455,0.396,banana,spoiled
2503214,2475,814.00,93.20,81.00,3.978,0.456,0.396,banana,spoiled
2504224,2476,814.00,93.30,81.00,3.978,0.456,0.396,banana,spoiled
2505236,2477,814.00,93.15,81.00,3.978,0.455,0.396,banana,spoiled
2506247,2478,814.00,93.10,81.00,3.978,0.455,0.396,banana,spoiled
2507257,2479,814.00,93.30,81.00,3.978,0.456,0.396,banana,spoiled
2508269,2480,814.00,93.35,81.00,3.978,0.456,0.396,banana,spoiled
2509280,2481,814.00,93.20,81.05,3.978,0.456,0.396,banana,spoiled
2510290,2482,814.00,93.05,81.00,3.978,0.455,0.396,banana,spoiled
2511302,2483,814.00,93.30,81.00,3.978,0.456,0.396,banana,spoiled
2512313,2484,814.00,93.20,81.00,3.978,0.456,0.396,banana,spoiled
2513324,2485,814.00,93.25,81.00,3.978,0.456,0.396,banana,spoiled
2514335,2486,814.00,93.15,81.00,3.978,0.455,0.396,banana,spoiled
2515346,2487,814.00,93.20,81.00,3.978,0.456,0.396,banana,spoiled
2516357,2488,814.00,93.20,81.05,3.978,0.456,0.396,banana,spoiled
2517368,2489,814.05,93.05,81.00,3.979,0.455,0.396,banana,spoiled
2518379,2490,814.00,93.20,81.25,3.978,0.456,0.397,banana,spoiled
2519390,2491,814.00,93.15,81.15,3.978,0.455,0.397,banana,spoiled
2520401,2492,814.05,93.10,81.05,3.979,0.455,0.396,banana,spoiled
2521412,2493,814.05,93.10,81.20,3.979,0.455,0.397,banana,spoiled
2522423,2494,814.05,93.15,81.15,3.979,0.455,0.397,banana,spoiled
2523435,2495,814.05,93.15,81.25,3.979,0.455,0.397,banana,spoiled
2524445,2496,814.15,93.35,81.20,3.979,0.456,0.397,banana,spoiled
2525457,2497,814.20,93.45,81.25,3.979,0.457,0.397,banana,spoiled
2526468,2498,814.95,93.40,81.40,3.983,0.457,0.398,banana,spoiled
2527478,2499,815.00,93.35,81.20,3.983,0.456,0.397,banana,spoiled
2528490,2500,815.00,93.40,81.45,3.983,0.457,0.398,banana,spoiled
2529501,2501,815.00,93.55,81.40,3.983,0.457,0.398,banana,spoiled
2530511,2502,815.00,93.65,81.45,3.983,0.458,0.398,banana,spoiled
2531523,2503,815.05,93.50,81.55,3.984,0.457,0.399,banana,spoiled
2532534,2504,815.30,93.75,81.40,3.985,0.458,0.398,banana,spoiled
2533544,2505,815.70,93.75,81.45,3.987,0.458,0.398,banana,spoiled
2534556,2506,815.80,93.55,81.40,3.987,0.457,0.398,banana,spoiled
2535567,2507,816.00,93.55,81.30,3.988,0.457,0.397,banana,spoiled
2536578,2508,816.00,93.45,81.45,3.988,0.457,0.398,banana,spoiled
2537589,2509,816.00,93.70,81.35,3.988,0.458,0.398,banana,spoiled
2538600,2510,816.10,93.50,81.40,3.989,0.457,0.398,banana,spoiled
2539611,2511,816.05,93.80,81.25,3.989,0.458,0.397,banana,spoiled
2540622,2512,816.05,93.60,81.25,3.989,0.457,0.397,banana,spoiled
2541633,2513,816.25,93.65,81.30,3.989,0.458,0.397,banana,spoiled
2542645,2514,816.85,93.70,81.50,3.992,0.458,0.398,banana,spoiled
2543655,2515,816.90,93.70,81.40,3.993,0.458,0.398,banana,spoiled
2544666,2516,816.80,93.85,81.15,3.992,0.459,0.397,banana,spoiled
2545678,2517,816.95,93.75,81.20,3.993,0.458,0.397,banana,spoiled
2546689,2518,817.00,93.55,81.30,3.993,0.457,0.397,banana,spoiled
2547699,2519,817.00,93.95,81.30,3.993,0.459,0.397,banana,spoiled
2548711,2520,817.00,93.65,81.15,3.993,0.458,0.397,banana,spoiled
2549722,2521,817.00,93.65,81.25,3.993,0.458,0.397,banana,spoiled
2550732,2522,817.00,93.75,81.05,3.993,0.458,0.396,banana,spoiled
2551744,2523,817.00,93.75,81.10,3.993,0.458,0.396,banana,spoiled
2552755,2524,817.05,93.55,81.30,3.993,0.457,0.397,banana,spoiled
2553765,2525,817.05,93.70,81.10,3.993,0.458,0.396,banana,spoiled
2554777,2526,817.20,93.55,81.00,3.994,0.457,0.396,banana,spoiled
2555788,2527,817.45,93.75,81.10,3.995,0.458,0.396,banana,spoiled
2556798,2528,817.55,93.75,81.05,3.996,0.458,0.396,banana,spoiled
2557810,2529,817.70,93.55,81.00,3.997,0.457,0.396,banana,spoiled
2558821,2530,817.90,93.80,81.05,3.998,0.458,0.396,banana,spoiled
2559833,2531,817.90,93.55,81.15,3.998,0.457,0.397,banana,spoiled
2560843,2532,818.00,93.70,81.05,3.998,0.458,0.396,banana,spoiled
2561854,2533,817.95,93.60,81.05,3.998,0.457,0.396,banana,spoiled
2562866,2534,818.00,93.70,81.00,3.998,0.458,0.396,banana,spoiled
2563876,2535,818.00,93.80,81.15,3.998,0.458,0.397,banana,spoiled
2564887,2536,818.00,93.85,81.05,3.998,0.459,0.396,banana,spoiled
2565899,2537,818.00,93.50,81.10,3.998,0.457,0.396,banana,spoiled
2566909,2538,818.00,93.50,81.05,3.998,0.457,0.396,banana,spoiled
2567920,2539,818.00,93.50,81.10,3.998,0.457,0.396,banana,spoiled
2568932,2540,818.00,93.65,81.15,3.998,0.458,0.397,banana,spoiled
2569943,2541,818.00,93.45,81.00,3.998,0.457,0.396,banana,spoiled
2570953,2542,818.05,93.30,81.00,3.998,0.456,0.396,banana,spoiled
2571965,2543,818.05,93.20,81.05,3.998,0.456,0.396,banana,spoiled
2572976,2544,818.05,93.50,81.00,3.998,0.457,0.396,banana,spoiled
2573986,2545,818.15,93.60,81.05,3.999,0.457,0.396,banana,spoiled
2574998,2546,818.05,93.45,81.00,3.998,0.457,0.396,banana,spoiled
2576009,2547,818.00,93.60,81.00,3.998,0.457,0.396,banana,spoiled
2577019,2548,818.15,93.40,81.00,3.999,0.457,0.396,banana,spoiled
2578031,2549,818.15,93.60,81.05,3.999,0.457,0.396,banana,spoiled
2579042,2550,818.10,93.60,81.00,3.999,0.457,0.396,banana,spoiled
2580052,2551,818.25,93.50,81.00,3.999,0.457,0.396,banana,spoiled
2581064,2552,818.25,93.45,81.05,3.999,0.457,0.396,banana,spoiled
2582075,2553,818.50,93.60,81.00,4.000,0.457,0.396,banana,spoiled
2583086,2554,818.55,93.60,81.00,4.001,0.457,0.396,banana,spoiled
2584097,2555,818.45,93.50,81.05,4.000,0.457,0.396,banana,spoiled
2585108,2556,818.55,93.55,81.05,4.001,0.457,0.396,banana,spoiled
2586119,2557,818.65,93.55,81.00,4.001,0.457,0.396,banana,spoiled
2587130,2558,818.65,93.55,81.05,4.001,0.457,0.396,banana,spoiled
2588141,2559,818.90,93.35,81.00,4.002,0.456,0.396,banana,spoiled
2589152,2560,818.65,93.55,81.10,4.001,0.457,0.396,banana,spoiled
2590163,2561,818.95,93.55,81.05,4.003,0.457,0.396,banana,spoiled
2591174,2562,818.85,93.60,81.00,4.002,0.457,0.396,banana,spoiled
2592186,2563,819.00,93.40,81.00,4.003,0.457,0.396,banana,spoiled
2593197,2564,818.90,93.55,81.05,4.002,0.457,0.396,banana,spoiled
2594207,2565,819.00,93.40,81.05,4.003,0.457,0.396,banana,spoiled
2595219,2566,819.00,93.65,81.00,4.003,0.458,0.396,banana,spoiled
2596230,2567,818.95,93.45,81.05,4.003,0.457,0.396,banana,spoiled
2597240,2568,818.95,93.40,81.05,4.003,0.457,0.396,banana,spoiled
2598252,2569,818.95,93.55,81.10,4.003,0.457,0.396,banana,spoiled
2599263,2570,819.00,93.65,81.00,4.003,0.458,0.396,banana,spoiled
2600273,2571,819.00,93.40,81.00,4.003,0.457,0.396,banana,spoiled
2601285,2572,819.00,93.75,81.05,4.003,0.458,0.396,banana,spoiled
2602296,2573,819.00,93.60,81.05,4.003,0.457,0.396,banana,spoiled
2603307,2574,819.00,93.55,81.00,4.003,0.457,0.396,banana,spoiled
2604318,2575,819.00,93.65,81.05,4.003,0.458,0.396,banana,spoiled
2605329,2576,819.00,93.65,81.00,4.003,0.458,0.396,banana,spoiled
2606340,2577,819.00,93.65,81.05,4.003,0.458,0.396,banana,spoiled
2607351,2578,819.00,93.60,81.05,4.003,0.457,0.396,banana,spoiled
2608362,2579,819.00,93.50,81.00,4.003,0.457,0.396,banana,spoiled
2609373,2580,819.00,93.80,81.00,4.003,0.458,0.396,banana,spoiled
2610384,2581,819.00,93.65,81.00,4.003,0.458,0.396,banana,spoiled
2611395,2582,819.00,93.70,81.00,4.003,0.458,0.396,banana,spoiled
2612406,2583,819.00,93.80,81.05,4.003,0.458,0.396,banana,spoiled
2613417,2584,819.00,93.80,81.00,4.003,0.458,0.396,banana,spoiled
2614428,2585,819.00,93.80,81.05,4.003,0.458,0.396,banana,spoiled
2615439,2586,819.00,93.95,81.00,4.003,0.459,0.396,banana,spoiled
2616451,2587,819.00,93.60,81.00,4.003,0.457,0.396,banana,spoiled
2617461,2588,819.05,93.80,81.05,4.003,0.458,0.396,banana,spoiled
2618472,2589,819.00,93.75,81.00,4.003,0.458,0.396,banana,spoiled
2619484,2590,819.00,93.80,81.05,4.003,0.458,0.396,banana,spoiled
2620494,2591,819.00,93.80,81.00,4.003,0.458,0.396,banana,spoiled
2621505,2592,819.00,93.60,81.00,4.003,0.457,0.396,banana,spoiled
2622517,2593,819.00,93.80,81.00,4.003,0.458,0.396,banana,spoiled
2623527,2594,819.00,93.85,81.00,4.003,0.459,0.396,banana,spoiled
2624538,2595,819.00,93.85,81.00,4.003,0.459,0.396,banana,spoiled
2625550,2596,819.00,93.85,81.05,4.003,0.459,0.396,banana,spoiled
2626561,2597,819.00,93.65,81.00,4.003,0.458,0.396,banana,spoiled
2627571,2598,819.00,93.60,81.05,4.003,0.457,0.396,banana,spoiled
2628583,2599,819.00,93.90,81.00,4.003,0.459,0.396,banana,spoiled
2629594,2600,819.00,93.80,81.00,4.003,0.458,0.396,banana,spoiled
2630604,2601,819.05,93.70,81.05,4.003,0.458,0.396,banana,spoiled
2631616,2602,819.00,93.70,81.00,4.003,0.458,0.396,banana,spoiled
2632627,2603,819.05,93.70,81.00,4.003,0.458,0.396,banana,spoiled
2633637,2604,819.05,93.55,81.00,4.003,0.457,0.396,banana,spoiled
2634649,2605,819.00,93.75,81.05,4.003,0.458,0.396,banana,spoiled
2635660,2606,819.05,93.80,81.00,4.003,0.458,0.396,banana,spoiled
2636670,2607,819.00,93.75,81.00,4.003,0.458,0.396,banana,spoiled
2637682,2608,819.00,93.75,81.00,4.003,0.458,0.396,banana,spoiled
2638693,2609,819.00,93.85,81.00,4.003,0.459,0.396,banana,spoiled
2639704,2610,819.00,93.90,81.00,4.003,0.459,0.396,banana,spoiled
2640715,2611,819.05,93.90,81.00,4.003,0.459,0.396,banana,spoiled
2641726,2612,819.00,93.90,81.00,4.003,0.459,0.396,banana,spoiled
2642737,2613,819.00,93.75,81.05,4.003,0.458,0.396,banana,spoiled
2643748,2614,819.05,93.80,81.00,4.003,0.458,0.396,banana,spoiled
2644759,2615,819.05,94.00,81.05,4.003,0.459,0.396,banana,spoiled
2645770,2616,819.00,93.90,81.05,4.003,0.459,0.396,banana,spoiled
2646781,2617,819.05,93.90,81.00,4.003,0.459,0.396,banana,spoiled
2647792,2618,819.00,93.80,81.00,4.003,0.458,0.396,banana,spoiled
2648803,2619,819.05,94.00,81.05,4.003,0.459,0.396,banana,spoiled
2649815,2620,819.10,93.95,81.05,4.003,0.459,0.396,banana,spoiled
2650825,2621,819.05,93.75,81.10,4.003,0.458,0.396,banana,spoiled
2651836,2622,819.00,93.95,81.00,4.003,0.459,0.396,banana,spoiled
2652848,2623,819.00,93.80,81.00,4.003,0.458,0.396,banana,spoiled
2653858,2624,819.00,93.85,81.00,4.003,0.459,0.396,banana,spoiled
2654869,2625,819.05,93.75,81.00,4.003,0.458,0.396,banana,spoiled
2655881,2626,819.05,94.00,81.00,4.003,0.459,0.396,banana,spoiled
2656891,2627,819.00,94.00,81.05,4.003,0.459,0.396,banana,spoiled
2657902,2628,819.00,93.95,81.05,4.003,0.459,0.396,banana,spoiled
2658914,2629,819.05,93.90,81.00,4.003,0.459,0.396,banana,spoiled
2659924,2630,819.05,93.95,81.00,4.003,0.459,0.396,banana,spoiled
2660935,2631,819.05,93.95,81.00,4.003,0.459,0.396,banana,spoiled
2661947,2632,819.00,93.90,81.00,4.003,0.459,0.396,banana,spoiled
2662958,2633,819.05,93.95,81.00,4.003,0.459,0.396,banana,spoiled
2663968,2634,819.00,93.80,81.05,4.003,0.458,0.396,banana,spoiled
2664980,2635,819.00,93.80,81.00,4.003,0.458,0.396,banana,spoiled
2665991,2636,819.00,93.85,81.00,4.003,0.459,0.396,banana,spoiled
2667001,2637,819.05,93.95,81.00,4.003,0.459,0.396,banana,spoiled
2668013,2638,819.05,93.95,81.00,4.003,0.459,0.396,banana,spoiled
2669024,2639,819.05,93.95,81.00,4.003,0.459,0.396,banana,spoiled
2670034,2640,819.00,94.00,81.00,4.003,0.459,0.396,banana,spoiled
2671046,2641,819.00,93.95,81.00,4.003,0.459,0.396,banana,spoiled
2672057,2642,819.00,93.95,81.00,4.003,0.459,0.396,banana,spoiled
2673068,2643,819.00,93.85,81.00,4.003,0.459,0.396,banana,spoiled
2674079,2644,819.00,94.00,81.00,4.003,0.459,0.396,banana,spoiled
2675090,2645,819.05,93.85,81.00,4.003,0.459,0.396,banana,spoiled
2676101,2646,819.00,93.80,81.00,4.003,0.458,0.396,banana,spoiled
2677112,2647,819.00,93.85,81.00,4.003,0.459,0.396,banana,spoiled
2678123,2648,819.10,93.90,81.00,4.003,0.459,0.396,banana,spoiled
2679134,2649,819.10,93.90,81.00,4.003,0.459,0.396,banana,spoiled
2680145,2650,819.05,93.90,81.00,4.003,0.459,0.396,banana,spoiled
2681156,2651,819.00,93.70,81.00,4.003,0.458,0.396,banana,spoiled
2682167,2652,819.00,94.00,81.00,4.003,0.459,0.396,banana,spoiled
2683179,2653,819.00,93.80,81.00,4.003,0.458,0.396,banana,spoiled
2684189,2654,819.00,93.95,81.00,4.003,0.459,0.396,banana,spoiled
2685200,2655,819.00,94.00,81.00,4.003,0.459,0.396,banana,spoiled
2686212,2656,819.00,94.00,81.00,4.003,0.459,0.396,banana,spoiled
2687222,2657,819.05,93.95,81.00,4.003,0.459,0.396,banana,spoiled
2688233,2658,819.00,94.00,81.00,4.003,0.459,0.396,banana,spoiled
2689244,2659,819.00,94.00,81.00,4.003,0.459,0.396,banana,spoiled
2690255,2660,819.00,93.95,81.00,4.003,0.459,0.396,banana,spoiled
2691266,2661,819.05,93.95,81.00,4.003,0.459,0.396,banana,spoiled
2692277,2662,819.05,93.95,81.00,4.003,0.459,0.396,banana,spoiled
2693288,2663,819.10,93.95,81.00,4.003,0.459,0.396,banana,spoiled
2694299,2664,819.00,94.00,81.00,4.003,0.459,0.396,banana,spoiled
2695310,2665,819.00,94.00,81.00,4.003,0.459,0.396,banana,spoiled
2696322,2666,819.10,94.00,81.00,4.003,0.459,0.396,banana,spoiled
2697332,2667,819.00,94.00,81.00,4.003,0.459,0.396,banana,spoiled
2698343,2668,819.00,93.95,81.00,4.003,0.459,0.396,banana,spoiled
2699355,2669,819.00,93.95,81.00,4.003,0.459,0.396,banana,spoiled
2700365,2670,819.10,93.95,81.00,4.003,0.459,0.396,banana,spoiled
2701376,2671,819.00,94.00,81.00,4.003,0.459,0.396,banana,spoiled
2702388,2672,819.00,93.95,81.00,4.003,0.459,0.396,banana,spoiled
2703398,2673,819.00,93.90,81.00,4.003,0.459,0.396,banana,spoiled
2704409,2674,819.05,93.85,81.00,4.003,0.459,0.396,banana,spoiled
2705421,2675,819.00,93.95,81.00,4.003,0.459,0.396,banana,spoiled
2706432,2676,819.05,93.95,81.00,4.003,0.459,0.396,banana,spoiled
2707442,2677,819.00,93.85,81.00,4.003,0.459,0.396,banana,spoiled
2708454,2678,819.00,93.85,81.00,4.003,0.459,0.396,banana,spoiled
2709465,2679,819.00,93.95,81.00,4.003,0.459,0.396,banana,spoiled
2710475,2680,819.00,93.90,81.05,4.003,0.459,0.396,banana,spoiled
2711487,2681,819.00,93.90,81.00,4.003,0.459,0.396,banana,spoiled
2712498,2682,819.05,93.80,81.00,4.003,0.458,0.396,banana,spoiled
2713508,2683,819.00,93.80,81.00,4.003,0.458,0.396,banana,spoiled
2714520,2684,819.00,93.90,81.00,4.003,0.459,0.396,banana,spoiled
2715531,2685,819.00,93.80,81.00,4.003,0.458,0.396,banana,spoiled
2716541,2686,819.05,93.80,81.00,4.003,0.458,0.396,banana,spoiled
2717553,2687,819.00,93.80,81.00,4.003,0.458,0.396,banana,spoiled
2718564,2688,819.00,93.80,81.00,4.003,0.458,0.396,banana,spoiled
2719575,2689,819.00,93.80,81.00,4.003,0.458,0.396,banana,spoiled
2720586,2690,819.00,93.90,81.00,4.003,0.459,0.396,banana,spoiled
2721597,2691,819.00,93.90,81.00,4.003,0.459,0.396,banana,spoiled
2722608,2692,819.05,93.70,81.00,4.003,0.458,0.396,banana,spoiled
2723619,2693,819.05,93.75,81.00,4.003,0.458,0.396,banana,spoiled
2724630,2694,819.00,93.70,81.00,4.003,0.458,0.396,banana,spoiled
2725641,2695,819.00,93.85,81.00,4.003,0.459,0.396,banana,spoiled
2726652,2696,819.00,93.75,81.00,4.003,0.458,0.396,banana,spoiled
2727663,2697,819.00,93.85,81.00,4.003,0.459,0.396,banana,spoiled
2728674,2698,819.00,93.70,81.00,4.003,0.458,0.396,banana,spoiled
2729686,2699,819.00,93.75,81.00,4.003,0.458,0.396,banana,spoiled
2730696,2700,819.15,93.75,81.00,4.004,0.458,0.396,banana,spoiled
2731707,2701,819.05,93.60,81.05,4.003,0.457,0.396,banana,spoiled
2732719,2702,819.05,93.95,81.00,4.003,0.459,0.396,banana,spoiled
2733729,2703,819.00,93.85,81.00,4.003,0.459,0.396,banana,spoiled
2734740,2704,819.05,93.75,81.00,4.003,0.458,0.396,banana,spoiled
2735752,2705,819.05,93.75,81.00,4.003,0.458,0.396,banana,spoiled
2736762,2706,819.05,93.75,80.95,4.003,0.458,0.396,banana,spoiled
2737773,2707,819.05,93.85,81.00,4.003,0.459,0.396,banana,spoiled
2738785,2708,819.05,93.95,81.00,4.003,0.459,0.396,banana,spoiled
2739795,2709,819.10,93.80,81.00,4.003,0.458,0.396,banana,spoiled
2740806,2710,819.00,93.80,81.00,4.003,0.458,0.396,banana,spoiled
2741818,2711,819.10,93.75,81.00,4.003,0.458,0.396,banana,spoiled
2742829,2712,819.10,93.85,81.00,4.003,0.459,0.396,banana,spoiled
2743839,2713,819.05,93.60,81.00,4.003,0.457,0.396,banana,spoiled
2744851,2714,819.10,93.70,81.00,4.003,0.458,0.396,banana,spoiled
2745862,2715,819.00,93.80,81.00,4.003,0.458,0.396,banana,spoiled
2746872,2716,819.05,93.55,81.00,4.003,0.457,0.396,banana,spoiled
2747884,2717,819.00,93.80,81.00,4.003,0.458,0.396,banana,spoiled
2748895,2718,819.00,93.60,81.00,4.003,0.457,0.396,banana,spoiled
2749905,2719,819.00,93.65,81.00,4.003,0.458,0.396,banana,spoiled
2750917,2720,819.10,93.75,81.00,4.003,0.458,0.396,banana,spoiled
2751928,2721,819.05,93.85,81.00,4.003,0.459,0.396,banana,spoiled
2752939,2722,819.00,93.75,81.00,4.003,0.458,0.396,banana,spoiled
2753950,2723,819.00,93.70,81.00,4.003,0.458,0.396,banana,spoiled
2754961,2724,819.05,93.80,81.00,4.003,0.458,0.396,banana,spoiled
2755972,2725,819.15,93.75,81.00,4.004,0.458,0.396,banana,spoiled
2756983,2726,819.10,93.70,81.00,4.003,0.458,0.396,banana,spoiled
2757994,2727,819.05,93.40,81.00,4.003,0.457,0.396,banana,spoiled
2759005,2728,819.15,93.65,81.00,4.004,0.458,0.396,banana,spoiled
2760016,2729,819.20,93.75,81.00,4.004,0.458,0.396,banana,spoiled
2761027,2730,819.15,93.60,81.00,4.004,0.457,0.396,banana,spoiled
2762038,2731,819.10,93.65,81.00,4.003,0.458,0.396,banana,spoiled
2763049,2732,819.10,93.70,81.00,4.003,0.458,0.396,banana,spoiled
2764060,2733,819.10,93.60,81.00,4.003,0.457,0.396,banana,spoiled
2765071,2734,819.15,93.55,80.95,4.004,0.457,0.396,banana,spoiled
2766083,2735,819.20,93.75,81.00,4.004,0.458,0.396,banana,spoiled
2767093,2736,819.15,93.70,81.00,4.004,0.458,0.396,banana,spoiled
2768104,2737,819.20,93.60,81.00,4.004,0.457,0.396,banana,spoiled
2769116,2738,819.00,93.65,81.00,4.003,0.458,0.396,banana,spoiled
2770126,2739,819.05,93.50,81.00,4.003,0.457,0.396,banana,spoiled
2771137,2740,819.10,93.60,81.00,4.003,0.457,0.396,banana,spoiled
2772149,2741,819.20,93.65,81.00,4.004,0.458,0.396,banana,spoiled
2773159,2742,819.10,93.65,80.95,4.003,0.458,0.396,banana,spoiled
2774170,2743,819.15,93.75,81.00,4.004,0.458,0.396,banana,spoiled
2775182,2744,819.20,93.55,80.95,4.004,0.457,0.396,banana,spoiled
2776193,2745,819.10,93.80,81.00,4.003,0.458,0.396,banana,spoiled
2777203,2746,819.10,93.55,81.00,4.003,0.457,0.396,banana,spoiled
2778215,2747,819.20,93.65,81.00,4.004,0.458,0.396,banana,spoiled
2779226,2748,819.15,93.45,81.00,4.004,0.457,0.396,banana,spoiled
2780236,2749,819.20,93.70,81.00,4.004,0.458,0.396,banana,spoiled
2781248,2750,819.15,93.60,80.95,4.004,0.457,0.396,banana,spoiled
2782259,2751,819.20,93.60,80.95,4.004,0.457,0.396,banana,spoiled
2783270,2752,819.15,93.65,81.00,4.004,0.458,0.396,banana,spoiled
2784281,2753,819.10,93.65,80.95,4.003,0.458,0.396,banana,spoiled
2785292,2754,819.10,93.60,81.00,4.003,0.457,0.396,banana,spoiled
2786304,2755,819.30,93.45,81.00,4.004,0.457,0.396,banana,spoiled
2787314,2756,819.15,93.55,81.00,4.004,0.457,0.396,banana,spoiled
2788325,2757,819.10,93.65,80.95,4.003,0.458,0.396,banana,spoiled
2789337,2758,819.05,93.55,81.00,4.003,0.457,0.396,banana,spoiled
2790347,2759,819.05,93.45,81.00,4.003,0.457,0.396,banana,spoiled
2791358,2760,819.05,93.65,81.00,4.003,0.458,0.396,banana,spoiled
2792370,2761,819.05,93.60,81.00,4.003,0.457,0.396,banana,spoiled
2793380,2762,819.10,93.50,81.00,4.003,0.457,0.396,banana,spoiled
2794391,2763,819.10,93.60,81.00,4.003,0.457,0.396,banana,spoiled
2795403,2764,819.20,93.40,81.00,4.004,0.457,0.396,banana,spoiled
2796413,2765,819.05,93.75,81.00,4.003,0.458,0.396,banana,spoiled
2797424,2766,819.15,93.40,81.00,4.004,0.457,0.396,banana,spoiled
2798436,2767,819.10,93.40,81.00,4.003,0.457,0.396,banana,spoiled
2799447,2768,819.05,93.45,81.00,4.003,0.457,0.396,banana,spoiled
2800457,2769,819.10,93.50,81.00,4.003,0.457,0.396,banana,spoiled
2801469,2770,819.05,93.60,81.00,4.003,0.457,0.396,banana,spoiled
2802480,2771,819.10,93.25,81.00,4.003,0.456,0.396,banana,spoiled
2803490,2772,819.05,93.50,80.95,4.003,0.457,0.396,banana,spoiled
2804502,2773,819.00,93.55,81.00,4.003,0.457,0.396,banana,spoiled
2805513,2774,819.15,93.40,81.00,4.004,0.457,0.396,banana,spoiled
2806523,2775,819.20,93.45,80.85,4.004,0.457,0.395,banana,spoiled
2807535,2776,819.05,93.45,80.95,4.003,0.457,0.396,banana,spoiled
2808546,2777,819.15,93.30,80.95,4.004,0.456,0.396,banana,spoiled
2809556,2778,819.10,93.40,81.00,4.003,0.457,0.396,banana,spoiled
2810568,2779,819.15,93.30,80.95,4.004,0.456,0.396,banana,spoiled
2811579,2780,819.15,93.35,80.95,4.004,0.456,0.396,banana,spoiled
2812590,2781,819.05,93.45,81.00,4.003,0.457,0.396,banana,spoiled
2813601,2782,819.15,93.55,81.00,4.004,0.457,0.396,banana,spoiled
2814612,2783,819.15,93.20,80.95,4.004,0.456,0.396,banana,spoiled
2815624,2784,819.00,93.15,81.00,4.003,0.455,0.396,banana,spoiled
2816634,2785,819.05,93.20,81.00,4.003,0.456,0.396,banana,spoiled
2817645,2786,819.05,93.45,81.00,4.003,0.457,0.396,banana,spoiled
2818657,2787,819.65,93.40,80.95,4.006,0.457,0.396,banana,spoiled
2819667,2788,820.00,93.35,81.00,4.008,0.456,0.396,banana,spoiled
2820678,2789,820.00,93.40,81.00,4.008,0.457,0.396,banana,spoiled
2821690,2790,820.00,93.50,81.00,4.008,0.457,0.396,banana,spoiled
2822701,2791,820.00,93.45,81.00,4.008,0.457,0.396,banana,spoiled
2823711,2792,820.00,93.35,81.00,4.008,0.456,0.396,banana,spoiled
2824723,2793,820.00,93.25,80.95,4.008,0.456,0.396,banana,spoiled
2825734,2794,820.05,93.40,81.00,4.008,0.457,0.396,banana,spoiled
2826744,2795,820.05,93.40,81.00,4.008,0.457,0.396,banana,spoiled
2827756,2796,820.10,93.25,81.00,4.008,0.456,0.396,banana,spoiled
2828767,2797,820.35,93.45,81.00,4.010,0.457,0.396,banana,spoiled
2829777,2798,820.50,93.55,81.00,4.010,0.457,0.396,banana,spoiled
2830789,2799,820.75,93.30,80.95,4.011,0.456,0.396,banana,spoiled
2831800,2800,820.80,93.25,80.95,4.012,0.456,0.396,banana,spoiled
2832811,2801,820.95,93.45,81.00,4.012,0.457,0.396,banana,spoiled
2833822,2802,820.95,93.45,81.00,4.012,0.457,0.396,banana,spoiled
2834833,2803,821.00,93.25,80.95,4.013,0.456,0.396,banana,spoiled
2835844,2804,821.00,93.45,80.90,4.013,0.457,0.395,banana,spoiled
2836855,2805,821.00,93.25,80.90,4.013,0.456,0.395,banana,spoiled
2837866,2806,821.00,93.05,80.90,4.013,0.455,0.395,banana,spoiled
2838877,2807,821.05,93.30,80.95,4.013,0.456,0.396,banana,spoiled
2839888,2808,821.00,93.10,80.90,4.013,0.455,0.395,banana,spoiled
2840899,2809,821.10,93.25,80.90,4.013,0.456,0.395,banana,spoiled
2841910,2810,821.05,93.35,81.00,4.013,0.456,0.396,banana,spoiled
2842921,2811,821.20,93.25,80.90,4.014,0.456,0.395,banana,spoiled
2843932,2812,821.25,93.15,80.95,4.014,0.455,0.396,banana,spoiled
2844943,2813,821.65,93.15,80.85,4.016,0.455,0.395,banana,spoiled
2845955,2814,821.50,93.05,80.75,4.015,0.455,0.395,banana,spoiled
2846965,2815,821.65,93.10,80.70,4.016,0.455,0.394,banana,spoiled
2847976,2816,821.90,93.20,80.85,4.017,0.456,0.395,banana,spoiled
2848988,2817,821.85,93.05,80.85,4.017,0.455,0.395,banana,spoiled
2849998,2818,821.85,93.15,80.75,4.017,0.455,0.395,banana,spoiled
2851010,2819,821.95,93.05,80.75,4.017,0.455,0.395,banana,spoiled
2852021,2820,822.00,93.20,80.80,4.018,0.456,0.395,banana,spoiled
2853031,2821,822.00,93.15,80.80,4.018,0.455,0.395,banana,spoiled
2854043,2822,822.00,93.00,80.85,4.018,0.455,0.395,banana,spoiled
2855054,2823,822.00,93.05,80.95,4.018,0.455,0.396,banana,spoiled
2856065,2824,822.00,93.10,80.95,4.018,0.455,0.396,banana,spoiled
2857076,2825,822.00,93.05,80.70,4.018,0.455,0.394,banana,spoiled
2858087,2826,822.05,93.10,80.85,4.018,0.455,0.395,banana,spoiled
2859098,2827,822.00,93.05,80.80,4.018,0.455,0.395,banana,spoiled
2860109,2828,822.05,93.05,80.65,4.018,0.455,0.394,banana,spoiled
2861120,2829,822.05,93.05,80.65,4.018,0.455,0.394,banana,spoiled
2862131,2830,822.05,93.00,80.75,4.018,0.455,0.395,banana,spoiled
2863142,2831,822.10,93.00,80.55,4.018,0.455,0.394,banana,spoiled
2864153,2832,822.05,93.05,80.60,4.018,0.455,0.394,banana,spoiled
2865164,2833,822.05,93.00,80.70,4.018,0.455,0.394,banana,spoiled
2866176,2834,822.10,93.05,80.50,4.018,0.455,0.393,banana,spoiled
2867186,2835,822.25,93.00,80.60,4.019,0.455,0.394,banana,spoiled
2868197,2836,822.20,93.00,80.70,4.019,0.455,0.394,banana,spoiled
2869209,2837,822.20,93.00,80.55,4.019,0.455,0.394,banana,spoiled
2870219,2838,822.20,93.10,80.60,4.019,0.455,0.394,banana,spoiled
2871230,2839,822.20,93.00,80.70,4.019,0.455,0.394,banana,spoiled
2872242,2840,822.20,93.05,80.70,4.019,0.455,0.394,banana,spoiled
2873252,2841,822.50,93.00,80.45,4.020,0.455,0.393,banana,spoiled
2874264,2842,822.40,93.05,80.45,4.020,0.455,0.393,banana,spoiled
2875275,2843,822.45,93.00,80.30,4.020,0.455,0.392,banana,spoiled
2876285,2844,822.45,93.05,80.55,4.020,0.455,0.394,banana,spoiled
2877297,2845,822.55,93.00,80.35,4.020,0.455,0.393,banana,spoiled
2878308,2846,822.55,93.00,80.50,4.020,0.455,0.393,banana,spoiled
2879319,2847,822.75,93.05,80.70,4.021,0.455,0.394,banana,spoiled
2880330,2848,822.75,93.10,80.55,4.021,0.455,0.394,banana,spoiled
2881341,2849,822.90,93.00,80.55,4.022,0.455,0.394,banana,spoiled
2882352,2850,822.80,93.00,80.75,4.022,0.455,0.395,banana,spoiled
2883363,2851,822.60,93.00,80.55,4.021,0.455,0.394,banana,spoiled
2884374,2852,822.65,93.00,80.30,4.021,0.455,0.392,banana,spoiled
2885385,2853,822.95,93.05,80.60,4.022,0.455,0.394,banana,spoiled
2886396,2854,822.90,93.00,80.45,4.022,0.455,0.393,banana,spoiled
2887407,2855,822.85,93.00,80.60,4.022,0.455,0.394,banana,spoiled
2888418,2856,822.90,93.00,80.60,4.022,0.455,0.394,banana,spoiled
2889430,2857,822.90,93.00,80.45,4.022,0.455,0.393,banana,spoiled
2890440,2858,823.00,93.00,80.75,4.022,0.455,0.395,banana,spoiled
2891451,2859,823.00,93.00,80.55,4.022,0.455,0.394,banana,spoiled
2892463,2860,823.00,93.00,80.35,4.022,0.455,0.393,banana,spoiled
2893473,2861,823.00,93.00,80.70,4.022,0.455,0.394,banana,spoiled
2894484,2862,822.95,93.00,80.65,4.022,0.455,0.394,banana,spoiled
2895496,2863,823.00,93.00,80.40,4.022,0.455,0.393,banana,spoiled
2896506,2864,823.00,93.05,80.60,4.022,0.455,0.394,banana,spoiled
2897517,2865,823.00,93.00,80.65,4.022,0.455,0.394,banana,spoiled
2898529,2866,823.00,93.05,80.60,4.022,0.455,0.394,banana,spoiled
2899539,2867,823.00,93.00,80.60,4.022,0.455,0.394,banana,spoiled
2900550,2868,823.05,93.05,80.35,4.023,0.455,0.393,banana,spoiled
2901562,2869,823.00,93.00,80.45,4.022,0.455,0.393,banana,spoiled
2902573,2870,823.00,93.00,80.55,4.022,0.455,0.394,banana,spoiled
2903584,2871,823.00,93.00,80.60,4.022,0.455,0.394,banana,spoiled
2904595,2872,823.00,93.00,80.55,4.022,0.455,0.394,banana,spoiled
2905606,2873,823.00,93.00,80.20,4.022,0.455,0.392,banana,spoiled
2906617,2874,823.00,93.10,80.55,4.022,0.455,0.394,banana,spoiled
2907628,2875,823.00,93.05,80.65,4.022,0.455,0.394,banana,spoiled
2908639,2876,823.05,93.00,80.50,4.023,0.455,0.393,banana,spoiled
2909650,2877,823.00,93.05,80.50,4.022,0.455,0.393,banana,spoiled
2910661,2878,823.05,93.00,80.50,4.023,0.455,0.393,banana,spoiled
2911672,2879,823.00,93.00,80.60,4.022,0.455,0.394,banana,spoiled
2912684,2880,823.15,93.00,80.25,4.023,0.455,0.392,banana,spoiled
2913694,2881,823.10,93.00,80.40,4.023,0.455,0.393,banana,spoiled
2914705,2882,823.15,93.05,80.40,4.023,0.455,0.393,banana,spoiled
2915717,2883,823.25,93.00,80.70,4.024,0.455,0.394,banana,spoiled
2916727,2884,823.20,93.00,80.45,4.023,0.455,0.393,banana,spoiled
2917738,2885,823.25,93.00,80.40,4.024,0.455,0.393,banana,spoiled
2918750,2886,823.45,93.10,80.55,4.025,0.455,0.394,banana,spoiled
2919760,2887,823.55,93.00,80.70,4.025,0.455,0.394,banana,spoiled
2920771,2888,823.40,93.00,80.25,4.024,0.455,0.392,banana,spoiled
2921783,2889,823.40,93.00,80.55,4.024,0.455,0.394,banana,spoiled
2922793,2890,823.65,93.00,80.60,4.026,0.455,0.394,banana,spoiled
2923804,2891,823.40,93.00,80.45,4.024,0.455,0.393,banana,spoiled
2924816,2892,823.55,93.00,80.55,4.025,0.455,0.394,banana,spoiled
2925827,2893,823.45,93.00,80.45,4.025,0.455,0.393,banana,spoiled
2926837,2894,823.55,93.00,80.55,4.025,0.455,0.394,banana,spoiled
2927849,2895,823.70,93.05,80.45,4.026,0.455,0.393,banana,spoiled
2928860,2896,823.65,93.05,80.40,4.026,0.455,0.393,banana,spoiled
2929870,2897,823.65,93.05,80.40,4.026,0.455,0.393,banana,spoiled
2930882,2898,823.75,93.05,80.30,4.026,0.455,0.392,banana,spoiled
2931893,2899,823.80,93.00,80.55,4.026,0.455,0.394,banana,spoiled
2932904,2900,823.65,93.00,80.30,4.026,0.455,0.392,banana,spoiled
2933915,2901,823.65,93.00,80.40,4.026,0.455,0.393,banana,spoiled
2934926,2902,823.90,93.05,80.40,4.027,0.455,0.393,banana,spoiled
2935938,2903,823.80,93.00,80.40,4.026,0.455,0.393,banana,spoiled
2936948,2904,823.85,93.00,80.60,4.027,0.455,0.394,banana,spoiled
2937959,2905,824.00,93.05,80.50,4.027,0.455,0.393,banana,spoiled
2938971,2906,823.95,93.00,80.65,4.027,0.455,0.394,banana,spoiled
2939981,2907,823.95,93.00,80.55,4.027,0.455,0.394,banana,spoiled
2940992,2908,824.00,93.00,80.35,4.027,0.455,0.393,banana,spoiled
2942004,2909,823.95,93.00,80.50,4.027,0.455,0.393,banana,spoiled
2943014,2910,823.95,93.00,80.50,4.027,0.455,0.393,banana,spoiled
2944025,2911,824.00,93.05,80.40,4.027,0.455,0.393,banana,spoiled
2945037,2912,824.00,93.00,80.45,4.027,0.455,0.393,banana,spoiled
2946048,2913,824.00,93.00,80.35,4.027,0.455,0.393,banana,spoiled
2947058,2914,824.00,93.05,80.35,4.027,0.455,0.393,banana,spoiled
2948070,2915,824.00,93.00,80.50,4.027,0.455,0.393,banana,spoiled
2949081,2916,824.00,93.05,80.30,4.027,0.455,0.392,banana,spoiled
2950091,2917,824.00,93.00,80.40,4.027,0.455,0.393,banana,spoiled
2951103,2918,824.00,93.10,80.30,4.027,0.455,0.392,banana,spoiled
2952114,2919,824.00,93.05,80.30,4.027,0.455,0.392,banana,spoiled
2953124,2920,824.00,93.00,80.20,4.027,0.455,0.392,banana,spoiled
2954136,2921,824.00,93.05,80.55,4.027,0.455,0.394,banana,spoiled
2955147,2922,824.00,93.00,80.25,4.027,0.455,0.392,banana,spoiled
2956157,2923,824.00,93.00,80.45,4.027,0.455,0.393,banana,spoiled
2957169,2924,824.00,93.00,80.40,4.027,0.455,0.393,banana,spoiled
2958180,2925,824.00,93.00,80.40,4.027,0.455,0.393,banana,spoiled
2959191,2926,824.00,93.00,80.40,4.027,0.455,0.393,banana,spoiled
2960202,2927,824.00,93.00,80.30,4.027,0.455,0.392,banana,spoiled
2961213,2928,824.00,93.05,80.45,4.027,0.455,0.393,banana,spoiled
2962224,2929,824.00,93.05,80.40,4.027,0.455,0.393,banana,spoiled
2963235,2930,824.00,93.00,80.30,4.027,0.455,0.392,banana,spoiled
2964246,2931,824.00,93.00,80.10,4.027,0.455,0.391,banana,spoiled
2965257,2932,824.00,93.00,80.35,4.027,0.455,0.393,banana,spoiled
2966268,2933,824.00,93.00,80.30,4.027,0.455,0.392,banana,spoiled
2967279,2934,824.05,93.00,80.40,4.028,0.455,0.393,banana,spoiled
2968291,2935,824.05,93.05,80.20,4.028,0.455,0.392,banana,spoiled
2969302,2936,824.00,93.05,80.35,4.027,0.455,0.393,banana,spoiled
2970312,2937,824.05,93.05,80.20,4.028,0.455,0.392,banana,spoiled
2971324,2938,824.00,93.15,80.30,4.027,0.455,0.392,banana,spoiled
2972335,2939,824.05,93.05,80.30,4.028,0.455,0.392,banana,spoiled
2973345,2940,824.10,93.05,80.10,4.028,0.455,0.391,banana,spoiled
2974357,2941,824.05,93.00,80.35,4.028,0.455,0.393,banana,spoiled
2975368,2942,824.05,93.00,80.30,4.028,0.455,0.392,banana,spoiled
2976378,2943,824.00,93.10,80.50,4.027,0.455,0.393,banana,spoiled
2977390,2944,824.00,93.05,80.40,4.027,0.455,0.393,banana,spoiled
2978401,2945,824.05,93.00,80.30,4.028,0.455,0.392,banana,spoiled
2979411,2946,824.00,93.05,80.40,4.027,0.455,0.393,banana,spoiled
2980423,2947,824.00,93.00,80.40,4.027,0.455,0.393,banana,spoiled
2981434,2948,824.00,93.00,80.15,4.027,0.455,0.392,banana,spoiled
2982445,2949,824.10,93.05,80.05,4.028,0.455,0.391,banana,spoiled
2983456,2950,824.10,93.00,80.50,4.028,0.455,0.393,banana,spoiled
2984467,2951,824.00,93.05,80.25,4.027,0.455,0.392,banana,spoiled
2985478,2952,824.15,93.00,80.40,4.028,0.455,0.393,banana,spoiled
2986489,2953,824.05,93.10,80.30,4.028,0.455,0.392,banana,spoiled
2987500,2954,824.10,93.15,80.45,4.028,0.455,0.393,banana,spoiled
2988511,2955,824.15,93.10,80.40,4.028,0.455,0.393,banana,spoiled
2989522,2956,824.05,93.05,80.20,4.028,0.455,0.392,banana,spoiled
2990533,2957,824.05,93.00,80.25,4.028,0.455,0.392,banana,spoiled
2991544,2958,824.10,93.00,80.30,4.028,0.455,0.392,banana,spoiled
2992556,2959,824.15,93.05,80.45,4.028,0.455,0.393,banana,spoiled
2993566,2960,824.05,93.00,80.35,4.028,0.455,0.393,banana,spoiled
2994577,2961,824.10,93.00,80.25,4.028,0.455,0.392,banana,spoiled
2995589,2962,824.05,93.10,80.30,4.028,0.455,0.392,banana,spoiled
2996599,2963,824.05,93.00,80.40,4.028,0.455,0.393,banana,spoiled
2997610,2964,824.10,93.05,80.10,4.028,0.455,0.391,banana,spoiled
2998622,2965,824.05,93.05,80.20,4.028,0.455,0.392,banana,spoiled
2999632,2966,824.10,93.00,80.15,4.028,0.455,0.392,banana,spoiled
3000644,2967,824.05,93.00,80.15,4.028,0.455,0.392,banana,spoiled
3001655,2968,824.05,93.10,80.25,4.028,0.455,0.392,banana,spoiled
3002665,2969,824.10,93.05,80.15,4.028,0.455,0.392,banana,spoiled
3003677,2970,824.15,93.05,80.25,4.028,0.455,0.392,banana,spoiled
3004688,2971,824.10,93.00,80.15,4.028,0.455,0.392,banana,spoiled
3005699,2972,824.05,93.10,80.15,4.028,0.455,0.392,banana,spoiled
3006710,2973,824.15,93.15,80.10,4.028,0.455,0.391,banana,spoiled
3007721,2974,824.10,93.05,80.30,4.028,0.455,0.392,banana,spoiled
3008732,2975,824.10,93.10,80.40,4.028,0.455,0.393,banana,spoiled
3009743,2976,824.30,93.05,80.25,4.029,0.455,0.392,banana,spoiled
3010754,2977,824.25,93.15,80.15,4.029,0.455,0.392,banana,spoiled
3011765,2978,824.20,93.05,80.25,4.028,0.455,0.392,banana,spoiled
3012776,2979,824.30,93.10,80.15,4.029,0.455,0.392,banana,spoiled
3013787,2980,824.20,93.00,80.20,4.028,0.455,0.392,banana,spoiled
3014798,2981,824.35,93.05,80.10,4.029,0.455,0.391,banana,spoiled
3015810,2982,824.10,93.10,80.20,4.028,0.455,0.392,banana,spoiled
3016820,2983,824.20,93.10,80.25,4.028,0.455,0.392,banana,spoiled
3017831,2984,824.05,93.10,80.35,4.028,0.455,0.393,banana,spoiled
3018843,2985,824.25,93.00,80.05,4.029,0.455,0.391,banana,spoiled
3019853,2986,824.20,93.20,80.35,4.028,0.456,0.393,banana,spoiled
3020864,2987,824.20,93.00,80.10,4.028,0.455,0.391,banana,spoiled
3021876,2988,824.20,93.15,80.40,4.028,0.455,0.393,banana,spoiled
3022886,2989,824.50,93.05,80.20,4.030,0.455,0.392,banana,spoiled
3023898,2990,824.45,93.10,80.30,4.030,0.455,0.392,banana,spoiled
3024909,2991,824.35,93.20,80.40,4.029,0.456,0.393,banana,spoiled
3025920,2992,824.45,93.05,80.45,4.030,0.455,0.393,banana,spoiled
3026931,2993,824.45,93.05,80.20,4.030,0.455,0.392,banana,spoiled
3027942,2994,824.40,93.10,80.40,4.029,0.455,0.393,banana,spoiled
3028953,2995,824.55,93.15,80.35,4.030,0.455,0.393,banana,spoiled
3029964,2996,824.45,93.30,80.20,4.030,0.456,0.392,banana,spoiled
3030975,2997,824.50,93.15,80.55,4.030,0.455,0.394,banana,spoiled
3031986,2998,824.75,93.15,80.40,4.031,0.455,0.393,banana,spoiled
3032997,2999,824.70,93.20,80.40,4.031,0.456,0.393,banana,spoiled
3034008,3000,824.55,93.25,80.50,4.030,0.456,0.393,banana,spoiled
3035019,3001,824.80,93.10,80.50,4.031,0.455,0.393,banana,spoiled
3036030,3002,824.75,93.25,80.40,4.031,0.456,0.393,banana,spoiled
3037041,3003,824.85,93.25,80.35,4.032,0.456,0.393,banana,spoiled
3038052,3004,824.70,93.25,80.35,4.031,0.456,0.393,banana,spoiled
3039064,3005,824.75,93.20,80.45,4.031,0.456,0.393,banana,spoiled
3040074,3006,824.95,93.35,80.30,4.032,0.456,0.392,banana,spoiled
3041086,3007,824.80,93.25,80.40,4.031,0.456,0.393,banana,spoiled
3042097,3008,824.85,93.30,80.35,4.032,0.456,0.393,banana,spoiled
3043107,3009,824.85,93.20,80.40,4.032,0.456,0.393,banana,spoiled
3044119,3010,824.85,93.25,80.30,4.032,0.456,0.392,banana,spoiled
3045130,3011,824.80,93.20,80.35,4.031,0.456,0.393,banana,spoiled
3046140,3012,824.75,93.05,80.20,4.031,0.455,0.392,banana,spoiled
3047152,3013,824.45,93.25,80.20,4.030,0.456,0.392,banana,spoiled
3048163,3014,824.90,93.15,80.20,4.032,0.455,0.392,banana,spoiled
3049174,3015,824.70,93.20,80.45,4.031,0.456,0.393,banana,spoiled
3050185,3016,824.85,93.25,80.20,4.032,0.456,0.392,banana,spoiled
3051196,3017,824.80,93.15,80.25,4.031,0.455,0.392,banana,spoiled
3052207,3018,824.90,93.15,80.30,4.032,0.455,0.392,banana,spoiled
3053218,3019,824.70,93.15,80.30,4.031,0.455,0.392,banana,spoiled
3054229,3020,824.95,93.15,80.20,4.032,0.455,0.392,banana,spoiled
3055240,3021,824.90,93.30,80.25,4.032,0.456,0.392,banana,spoiled
3056251,3022,824.85,93.15,80.15,4.032,0.455,0.392,banana,spoiled
3057262,3023,824.90,93.20,80.35,4.032,0.456,0.393,banana,spoiled
3058273,3024,824.95,93.30,80.25,4.032,0.456,0.392,banana,spoiled
3059284,3025,824.90,93.20,80.25,4.032,0.456,0.392,banana,spoiled
3060295,3026,824.85,93.10,80.35,4.032,0.455,0.393,banana,spoiled
3061307,3027,824.90,93.25,80.30,4.032,0.456,0.392,banana,spoiled
3062318,3028,825.00,93.30,80.55,4.032,0.456,0.394,banana,spoiled
3063328,3029,824.95,93.30,80.40,4.032,0.456,0.393,banana,spoiled
3064340,3030,825.00,93.20,80.20,4.032,0.456,0.392,banana,spoiled
3065351,3031,825.00,93.35,80.30,4.032,0.456,0.392,banana,spoiled
3066361,3032,825.00,93.30,80.30,4.032,0.456,0.392,banana,spoiled
3067373,3033,824.95,93.15,80.30,4.032,0.455,0.392,banana,spoiled
3068384,3034,825.00,93.20,80.30,4.032,0.456,0.392,banana,spoiled
3069394,3035,824.95,93.10,80.40,4.032,0.455,0.393,banana,spoiled
3070406,3036,824.90,93.30,80.35,4.032,0.456,0.393,banana,spoiled
3071417,3037,824.90,93.15,80.35,4.032,0.455,0.393,banana,spoiled
3072428,3038,824.85,93.40,80.45,4.032,0.457,0.393,banana,spoiled
3073439,3039,824.80,93.35,80.30,4.031,0.456,0.392,banana,spoiled
3074450,3040,824.85,93.30,80.35,4.032,0.456,0.393,banana,spoiled
3075461,3041,824.80,93.15,80.20,4.031,0.455,0.392,banana,spoiled
3076472,3042,824.80,93.20,80.40,4.031,0.456,0.393,banana,spoiled
3077483,3043,824.80,93.15,80.25,4.031,0.455,0.392,banana,spoiled
3078495,3044,824.85,93.25,80.10,4.032,0.456,0.391,banana,spoiled
3079505,3045,824.95,93.35,80.15,4.032,0.456,0.392,banana,spoiled
3080516,3046,825.00,93.40,80.35,4.032,0.457,0.393,banana,spoiled
3081528,3047,824.95,93.40,80.35,4.032,0.457,0.393,banana,spoiled
3082539,3048,825.00,93.20,80.30,4.032,0.456,0.392,banana,spoiled
3083549,3049,824.95,93.15,80.25,4.032,0.455,0.392,banana,spoiled
3084561,3050,825.00,93.25,80.50,4.032,0.456,0.393,banana,spoiled
3085572,3051,825.00,93.15,80.35,4.032,0.455,0.393,banana,spoiled
3086582,3052,825.00,93.40,80.40,4.032,0.457,0.393,banana,spoiled
3087594,3053,824.90,93.30,80.40,4.032,0.456,0.393,banana,spoiled
3088605,3054,825.00,93.25,80.15,4.032,0.456,0.392,banana,spoiled
3089615,3055,824.90,93.40,80.30,4.032,0.457,0.392,banana,spoiled
3090627,3056,825.00,93.35,80.40,4.032,0.456,0.393,banana,spoiled
3091638,3057,824.95,93.30,80.35,4.032,0.456,0.393,banana,spoiled
3092648,3058,825.00,93.20,80.35,4.032,0.456,0.393,banana,spoiled
3093660,3059,824.95,93.25,80.30,4.032,0.456,0.392,banana,spoiled
3094671,3060,825.00,93.20,80.40,4.032,0.456,0.393,banana,spoiled
3095682,3061,825.00,93.30,80.50,4.032,0.456,0.393,banana,spoiled
3096693,3062,824.95,93.30,80.65,4.032,0.456,0.394,banana,spoiled
3097704,3063,825.00,93.65,80.35,4.032,0.458,0.393,banana,spoiled
3098716,3064,825.00,93.30,80.35,4.032,0.456,0.393,banana,spoiled
3099726,3065,825.00,93.50,80.30,4.032,0.457,0.392,banana,spoiled
3100737,3066,825.00,93.45,80.40,4.032,0.457,0.393,banana,spoiled
3101749,3067,825.00,93.30,80.35,4.032,0.456,0.393,banana,spoiled
3102759,3068,825.00,93.25,80.45,4.032,0.456,0.393,banana,spoiled
3103770,3069,824.95,93.45,80.15,4.032,0.457,0.392,banana,spoiled
3104782,3070,824.95,93.40,80.25,4.032,0.457,0.392,banana,spoiled
3105793,3071,824.90,93.35,80.40,4.032,0.456,0.393,banana,spoiled
3106803,3072,825.00,93.40,80.35,4.032,0.457,0.393,banana,spoiled
3107815,3073,825.00,93.25,80.20,4.032,0.456,0.392,banana,spoiled
3108826,3074,825.00,93.10,80.30,4.032,0.455,0.392,banana,spoiled
3109836,3075,824.95,93.40,80.55,4.032,0.457,0.394,banana,spoiled
3110848,3076,825.00,93.40,80.10,4.032,0.457,0.391,banana,spoiled
3111859,3077,825.00,93.45,80.20,4.032,0.457,0.392,banana,spoiled
3112869,3078,825.00,93.55,80.40,4.032,0.457,0.393,banana,spoiled
3113881,3079,825.00,93.35,80.30,4.032,0.456,0.392,banana,spoiled
3114892,3080,824.95,93.40,80.35,4.032,0.457,0.393,banana,spoiled
3115902,3081,825.00,93.60,80.30,4.032,0.457,0.392,banana,spoiled
3116914,3082,825.00,93.50,80.35,4.032,0.457,0.393,banana,spoiled
3117925,3083,825.00,93.25,80.15,4.032,0.456,0.392,banana,spoiled
3118937,3084,825.00,93.30,80.40,4.032,0.456,0.393,banana,spoiled
3119947,3085,825.00,93.30,80.40,4.032,0.456,0.393,banana,spoiled
3120958,3086,825.00,93.35,80.20,4.032,0.456,0.392,banana,spoiled
3121970,3087,825.00,93.45,80.45,4.032,0.457,0.393,banana,spoiled
3122980,3088,825.00,93.30,80.20,4.032,0.456,0.392,banana,spoiled
3123991,3089,825.00,93.45,80.40,4.032,0.457,0.393,banana,spoiled
3125003,3090,824.95,93.25,80.40,4.032,0.456,0.393,banana,spoiled
3126013,3091,825.00,93.45,80.35,4.032,0.457,0.393,banana,spoiled
3127024,3092,825.00,93.50,80.30,4.032,0.457,0.392,banana,spoiled
3128036,3093,825.00,93.45,80.25,4.032,0.457,0.392,banana,spoiled
3129047,3094,825.00,93.50,80.25,4.032,0.457,0.392,banana,spoiled
3130057,3095,824.95,93.45,80.20,4.032,0.457,0.392,banana,spoiled
3131069,3096,825.00,93.15,80.25,4.032,0.455,0.392,banana,spoiled
3132080,3097,824.95,93.30,80.35,4.032,0.456,0.393,banana,spoiled
3133090,3098,825.00,93.45,80.05,4.032,0.457,0.391,banana,spoiled
3134102,3099,824.90,93.55,80.25,4.032,0.457,0.392,banana,spoiled
3135113,3100,824.95,93.30,80.15,4.032,0.456,0.392,banana,spoiled
3136124,3101,824.95,93.35,80.20,4.032,0.456,0.392,banana,spoiled
3137135,3102,824.95,93.20,80.15,4.032,0.456,0.392,banana,spoiled
3138146,3103,824.85,93.35,80.15,4.032,0.456,0.392,banana,spoiled
3139158,3104,825.00,93.40,80.35,4.032,0.457,0.393,banana,spoiled
3140168,3105,824.95,93.35,80.20,4.032,0.456,0.392,banana,spoiled
3141179,3106,825.00,93.45,80.15,4.032,0.457,0.392,banana,spoiled
3142191,3107,825.00,93.35,80.35,4.032,0.456,0.393,banana,spoiled
3143201,3108,825.00,93.45,80.25,4.032,0.457,0.392,banana,spoiled
3144212,3109,824.90,93.25,80.25,4.032,0.456,0.392,banana,spoiled
3145224,3110,824.90,93.40,80.25,4.032,0.457,0.392,banana,spoiled
3146234,3111,825.00,93.40,80.10,4.032,0.457,0.391,banana,spoiled
3147245,3112,824.85,93.30,80.30,4.032,0.456,0.392,banana,spoiled
3148257,3113,824.90,93.45,80.25,4.032,0.457,0.392,banana,spoiled
3149267,3114,824.80,93.25,80.15,4.031,0.456,0.392,banana,spoiled
3150278,3115,825.00,93.35,80.20,4.032,0.456,0.392,banana,spoiled
3151290,3116,824.90,93.10,80.20,4.032,0.455,0.392,banana,spoiled
3152301,3117,824.95,93.30,80.20,4.032,0.456,0.392,banana,spoiled
3153311,3118,825.00,93.45,80.10,4.032,0.457,0.391,banana,spoiled
3154323,3119,824.90,93.30,80.10,4.032,0.456,0.391,banana,spoiled
3155334,3120,824.90,93.30,80.15,4.032,0.456,0.392,banana,spoiled
3156345,3121,824.90,93.35,80.20,4.032,0.456,0.392,banana,spoiled
3157356,3122,825.00,93.40,80.10,4.032,0.457,0.391,banana,spoiled
3158367,3123,824.90,93.35,80.20,4.032,0.456,0.392,banana,spoiled
3159378,3124,825.00,93.35,80.20,4.032,0.456,0.392,banana,spoiled
3160389,3125,824.90,93.30,80.05,4.032,0.456,0.391,banana,spoiled
3161400,3126,824.90,93.55,80.15,4.032,0.457,0.392,banana,spoiled
3162412,3127,824.75,93.45,80.10,4.031,0.457,0.391,banana,spoiled
3163422,3128,824.90,93.30,80.10,4.032,0.456,0.391,banana,spoiled
3164433,3129,825.00,93.25,80.05,4.032,0.456,0.391,banana,spoiled
3165445,3130,824.95,93.35,80.20,4.032,0.456,0.392,banana,spoiled
3166455,3131,825.00,93.35,80.15,4.032,0.456,0.392,banana,spoiled
3167466,3132,824.95,93.30,80.05,4.032,0.456,0.391,banana,spoiled
3168478,3133,824.95,93.50,80.25,4.032,0.457,0.392,banana,spoiled
3169488,3134,825.00,93.25,80.15,4.032,0.456,0.392,banana,spoiled
3170499,3135,824.95,93.30,80.05,4.032,0.456,0.391,banana,spoiled
3171511,3136,824.95,93.35,80.10,4.032,0.456,0.391,banana,spoiled
3172521,3137,825.00,93.40,80.10,4.032,0.457,0.391,banana,spoiled
3173532,3138,825.00,93.25,80.20,4.032,0.456,0.392,banana,spoiled
3174544,3139,825.00,93.45,80.25,4.032,0.457,0.392,banana,spoiled
3175555,3140,825.00,93.35,80.10,4.032,0.456,0.391,banana,spoiled
3176566,3141,825.00,93.35,80.05,4.032,0.456,0.391,banana,spoiled
3177577,3142,825.00,93.15,80.20,4.032,0.455,0.392,banana,spoiled
3178588,3143,825.00,93.30,80.05,4.032,0.456,0.391,banana,spoiled
3179599,3144,825.00,93.40,80.10,4.032,0.457,0.391,banana,spoiled
3180610,3145,825.00,93.30,80.20,4.032,0.456,0.392,banana,spoiled
3181621,3146,825.00,93.45,80.20,4.032,0.457,0.392,banana,spoiled
3182632,3147,825.00,93.35,80.05,4.032,0.456,0.391,banana,spoiled
3183643,3148,825.00,93.45,80.00,4.032,0.457,0.391,banana,spoiled
3184654,3149,825.00,93.55,80.15,4.032,0.457,0.392,banana,spoiled
3185666,3150,825.00,93.50,80.05,4.032,0.457,0.391,banana,spoiled
3186676,3151,825.00,93.30,80.10,4.032,0.456,0.391,banana,spoiled
3187687,3152,825.00,93.60,80.00,4.032,0.457,0.391,banana,spoiled
3188699,3153,825.00,93.30,80.00,4.032,0.456,0.391,banana,spoiled
3189709,3154,825.00,93.40,80.20,4.032,0.457,0.392,banana,spoiled
3190720,3155,825.00,93.40,80.05,4.032,0.457,0.391,banana,spoiled
3191732,3156,825.00,93.45,80.15,4.032,0.457,0.392,banana,spoiled
3192742,3157,825.00,93.40,80.05,4.032,0.457,0.391,banana,spoiled
3193753,3158,825.00,93.45,80.10,4.032,0.457,0.391,banana,spoiled
3194765,3159,825.00,93.40,80.10,4.032,0.457,0.391,banana,spoiled
3195776,3160,825.00,93.30,80.10,4.032,0.456,0.391,banana,spoiled
3196786,3161,825.00,93.35,80.10,4.032,0.456,0.391,banana,spoiled
3197798,3162,825.00,93.25,80.10,4.032,0.456,0.391,banana,spoiled
3198809,3163,825.00,93.55,80.15,4.032,0.457,0.392,banana,spoiled
3199819,3164,825.00,93.35,80.10,4.032,0.456,0.391,banana,spoiled
3200831,3165,825.00,93.50,80.05,4.032,0.457,0.391,banana,spoiled
3201842,3166,825.00,93.20,80.15,4.032,0.456,0.392,banana,spoiled
3202853,3167,825.00,93.40,80.10,4.032,0.457,0.391,banana,spoiled
3203864,3168,824.95,93.50,80.20,4.032,0.457,0.392,banana,spoiled
3204875,3169,825.00,93.40,80.15,4.032,0.457,0.392,banana,spoiled
3205886,3170,825.00,93.60,80.00,4.032,0.457,0.391,banana,spoiled
3206897,3171,825.00,93.45,80.35,4.032,0.457,0.393,banana,spoiled
3207908,3172,825.00,93.45,80.20,4.032,0.457,0.392,banana,spoiled
3208920,3173,825.00,93.50,80.25,4.032,0.457,0.392,banana,spoiled
3209930,3174,825.00,93.55,80.15,4.032,0.457,0.392,banana,spoiled
3210941,3175,825.00,93.85,80.20,4.032,0.459,0.392,banana,spoiled
3211953,3176,825.00,93.55,80.30,4.032,0.457,0.392,banana,spoiled
3212963,3177,825.00,93.70,80.25,4.032,0.458,0.392,banana,spoiled
3213974,3178,825.00,93.55,80.15,4.032,0.457,0.392,banana,spoiled
3214986,3179,825.00,93.55,80.35,4.032,0.457,0.393,banana,spoiled
3215996,3180,825.00,93.40,80.05,4.032,0.457,0.391,banana,spoiled
3217007,3181,825.00,93.60,80.10,4.032,0.457,0.391,banana,spoiled
3218019,3182,825.00,93.65,80.10,4.032,0.458,0.391,banana,spoiled
3219030,3183,825.00,93.50,80.00,4.032,0.457,0.391,banana,spoiled
3220040,3184,825.00,93.45,80.00,4.032,0.457,0.391,banana,spoiled
3221052,3185,825.00,93.85,80.20,4.032,0.459,0.392,banana,spoiled
3222063,3186,825.00,93.45,80.05,4.032,0.457,0.391,banana,spoiled
3223073,3187,825.00,93.80,80.10,4.032,0.458,0.391,banana,spoiled
3224085,3188,825.00,93.70,80.10,4.032,0.458,0.391,banana,spoiled
3225096,3189,825.00,93.75,80.25,4.032,0.458,0.392,banana,spoiled
3226106,3190,825.00,93.65,80.00,4.032,0.458,0.391,banana,spoiled
3227118,3191,825.00,93.60,80.15,4.032,0.457,0.392,banana,spoiled
3228129,3192,825.00,93.70,80.15,4.032,0.458,0.392,banana,spoiled
3229139,3193,825.00,93.75,80.00,4.032,0.458,0.391,banana,spoiled
3230151,3194,825.00,93.60,80.05,4.032,0.457,0.391,banana,spoiled
3231162,3195,825.00,93.50,80.00,4.032,0.457,0.391,banana,spoiled
3232173,3196,825.00,93.50,80.10,4.032,0.457,0.391,banana,spoiled
3233184,3197,825.00,93.70,80.00,4.032,0.458,0.391,banana,spoiled
3234195,3198,825.00,93.70,80.15,4.032,0.458,0.392,banana,spoiled
3235206,3199,825.00,93.70,80.10,4.032,0.458,0.391,banana,spoiled
3236217,3200,825.00,93.60,80.10,4.032,0.457,0.391,banana,spoiled
3237228,3201,825.00,93.60,80.10,4.032,0.457,0.391,banana,spoiled
3238239,3202,825.00,93.65,80.05,4.032,0.458,0.391,banana,spoiled
3239250,3203,825.00,93.70,80.15,4.032,0.458,0.392,banana,spoiled
3240261,3204,825.00,93.65,80.10,4.032,0.458,0.391,banana,spoiled
3241273,3205,825.00,93.75,80.15,4.032,0.458,0.392,banana,spoiled
3242284,3206,825.00,93.60,80.05,4.032,0.457,0.391,banana,spoiled
3243294,3207,825.00,93.75,80.05,4.032,0.458,0.391,banana,spoiled
3244306,3208,825.00,93.70,80.10,4.032,0.458,0.391,banana,spoiled
3245317,3209,825.00,93.75,80.10,4.032,0.458,0.391,banana,spoiled
3246327,3210,825.00,93.75,80.30,4.032,0.458,0.392,banana,spoiled
3247339,3211,825.00,93.50,80.10,4.032,0.457,0.391,banana,spoiled
3248350,3212,825.00,93.55,80.15,4.032,0.457,0.392,banana,spoiled
3249360,3213,825.00,93.70,80.10,4.032,0.458,0.391,banana,spoiled
3250372,3214,824.95,93.50,80.00,4.032,0.457,0.391,banana,spoiled
3251383,3215,825.00,93.55,80.05,4.032,0.457,0.391,banana,spoiled
3252393,3216,825.00,93.55,80.00,4.032,0.457,0.391,banana,spoiled
3253405,3217,825.00,93.65,80.00,4.032,0.458,0.391,banana,spoiled
3254416,3218,825.00,93.55,80.05,4.032,0.457,0.391,banana,spoiled
3255427,3219,825.00,93.70,80.00,4.032,0.458,0.391,banana,spoiled
3256438,3220,825.00,93.80,80.05,4.032,0.458,0.391,banana,spoiled
3257449,3221,825.00,93.75,80.10,4.032,0.458,0.391,banana,spoiled
3258460,3222,825.00,93.55,80.00,4.032,0.457,0.391,banana,spoiled
3259471,3223,825.00,93.65,80.05,4.032,0.458,0.391,banana,spoiled
3260482,3224,825.00,93.35,80.05,4.032,0.456,0.391,banana,spoiled
3261493,3225,825.00,93.60,80.20,4.032,0.457,0.392,banana,spoiled
3262504,3226,825.00,93.50,80.05,4.032,0.457,0.391,banana,spoiled
3263515,3227,825.00,93.50,80.05,4.032,0.457,0.391,banana,spoiled
3264526,3228,825.00,93.60,80.00,4.032,0.457,0.391,banana,spoiled
3265538,3229,825.00,93.50,80.10,4.032,0.457,0.391,banana,spoiled
3266548,3230,825.00,93.50,80.00,4.032,0.457,0.391,banana,spoiled
3267559,3231,825.00,93.70,80.10,4.032,0.458,0.391,banana,spoiled
3268571,3232,825.00,93.65,80.05,4.032,0.458,0.391,banana,spoiled
3269581,3233,825.00,93.50,80.05,4.032,0.457,0.391,banana,spoiled
3270592,3234,825.00,93.60,80.10,4.032,0.457,0.391,banana,spoiled
3271604,3235,825.00,93.70,80.00,4.032,0.458,0.391,banana,spoiled
3272614,3236,825.00,93.50,80.10,4.032,0.457,0.391,banana,spoiled
3273625,3237,825.00,93.60,80.05,4.032,0.457,0.391,banana,spoiled
3274637,3238,825.00,93.70,80.05,4.032,0.458,0.391,banana,spoiled
3275648,3239,825.00,93.75,80.05,4.032,0.458,0.391,banana,spoiled
3276658,3240,825.00,93.70,80.00,4.032,0.458,0.391,banana,spoiled
3277670,3241,825.00,93.50,80.10,4.032,0.457,0.391,banana,spoiled
3278681,3242,825.00,93.45,80.00,4.032,0.457,0.391,banana,spoiled
3279691,3243,825.00,93.45,80.00,4.032,0.457,0.391,banana,spoiled
3280703,3244,825.00,93.50,80.00,4.032,0.457,0.391,banana,spoiled
3281714,3245,825.00,93.40,80.00,4.032,0.457,0.391,banana,spoiled
3282724,3246,825.00,93.55,80.00,4.032,0.457,0.391,banana,spoiled
3283736,3247,825.00,93.45,80.00,4.032,0.457,0.391,banana,spoiled
3284747,3248,825.00,93.40,80.05,4.032,0.457,0.391,banana,spoiled
3285757,3249,825.00,93.70,80.10,4.032,0.458,0.391,banana,spoiled
3286769,3250,825.00,93.45,80.00,4.032,0.457,0.391,banana,spoiled
3287780,3251,825.00,93.65,80.00,4.032,0.458,0.391,banana,spoiled
3288792,3252,825.00,93.50,80.05,4.032,0.457,0.391,banana,spoiled
3289802,3253,825.00,93.60,80.05,4.032,0.457,0.391,banana,spoiled
3290813,3254,825.00,93.65,80.00,4.032,0.458,0.391,banana,spoiled
3291825,3255,825.00,93.55,80.00,4.032,0.457,0.391,banana,spoiled
3292835,3256,825.00,93.40,80.00,4.032,0.457,0.391,banana,spoiled
3293846,3257,825.05,93.40,80.00,4.033,0.457,0.391,banana,spoiled
3294858,3258,825.05,93.40,80.10,4.033,0.457,0.391,banana,spoiled
3295868,3259,825.00,93.70,80.10,4.032,0.458,0.391,banana,spoiled
3296879,3260,825.00,93.50,80.05,4.032,0.457,0.391,banana,spoiled
3297891,3261,825.00,93.55,80.05,4.032,0.457,0.391,banana,spoiled
3298902,3262,825.00,93.40,80.05,4.032,0.457,0.391,banana,spoiled
3299912,3263,825.00,93.30,80.00,4.032,0.456,0.391,banana,spoiled
3300924,3264,825.00,93.20,80.00,4.032,0.456,0.391,banana,spoiled
3301935,3265,825.00,93.30,80.10,4.032,0.456,0.391,banana,spoiled
3302945,3266,825.00,93.55,80.05,4.032,0.457,0.391,banana,spoiled
3303957,3267,825.00,93.60,80.00,4.032,0.457,0.391,banana,spoiled
3304968,3268,825.00,93.50,80.05,4.032,0.457,0.391,banana,spoiled
3305978,3269,825.00,93.45,80.05,4.032,0.457,0.391,banana,spoiled
3306990,3270,825.00,93.55,80.00,4.032,0.457,0.391,banana,spoiled
3308001,3271,825.00,93.30,80.00,4.032,0.456,0.391,banana,spoiled
3309011,3272,825.00,93.35,80.05,4.032,0.456,0.391,banana,spoiled
3310023,3273,825.00,93.55,80.00,4.032,0.457,0.391,banana,spoiled
3311034,3274,825.00,93.35,80.00,4.032,0.456,0.391,banana,spoiled
3312045,3275,825.00,93.35,80.00,4.032,0.456,0.391,banana,spoiled
3313056,3276,825.00,93.50,80.00,4.032,0.457,0.391,banana,spoiled
3314067,3277,825.00,93.45,80.00,4.032,0.457,0.391,banana,spoiled
3315078,3278,825.00,93.45,80.05,4.032,0.457,0.391,banana,spoiled
3316089,3279,825.00,93.45,80.00,4.032,0.457,0.391,banana,spoiled
3317100,3280,825.00,93.30,80.05,4.032,0.456,0.391,banana,spoiled
3318111,3281,825.00,93.35,80.00,4.032,0.456,0.391,banana,spoiled
3319122,3282,825.00,93.20,80.05,4.032,0.456,0.391,banana,spoiled
3320133,3283,825.00,93.30,80.05,4.032,0.456,0.391,banana,spoiled
3321144,3284,825.00,93.60,80.05,4.032,0.457,0.391,banana,spoiled
3322156,3285,825.00,93.40,80.00,4.032,0.457,0.391,banana,spoiled
3323166,3286,825.00,93.35,80.00,4.032,0.456,0.391,banana,spoiled
3324177,3287,825.00,93.15,80.05,4.032,0.455,0.391,banana,spoiled
3325189,3288,825.00,93.55,80.00,4.032,0.457,0.391,banana,spoiled
3326199,3289,825.00,93.50,80.05,4.032,0.457,0.391,banana,spoiled
3327210,3290,825.00,93.30,80.00,4.032,0.456,0.391,banana,spoiled
3328222,3291,825.00,93.30,80.00,4.032,0.456,0.391,banana,spoiled
3329232,3292,825.00,93.35,80.00,4.032,0.456,0.391,banana,spoiled
3330243,3293,825.00,93.40,80.10,4.032,0.457,0.391,banana,spoiled
3331255,3294,825.00,93.30,80.00,4.032,0.456,0.391,banana,spoiled
3332265,3295,825.00,93.60,80.00,4.032,0.457,0.391,banana,spoiled
3333276,3296,825.00,93.50,80.05,4.032,0.457,0.391,banana,spoiled
3334288,3297,825.00,93.65,80.20,4.032,0.458,0.392,banana,spoiled
3335299,3298,825.00,93.50,80.10,4.032,0.457,0.391,banana,spoiled
3336309,3299,825.00,93.35,80.20,4.032,0.456,0.392,banana,spoiled
3337321,3300,825.00,93.35,80.25,4.032,0.456,0.392,banana,spoiled
3338332,3301,825.00,93.55,80.15,4.032,0.457,0.392,banana,spoiled
3339343,3302,825.00,93.40,80.25,4.032,0.457,0.392,banana,spoiled
3340354,3303,825.00,93.45,80.10,4.032,0.457,0.391,banana,spoiled
3341365,3304,825.00,93.55,80.05,4.032,0.457,0.391,banana,spoiled
3342376,3305,825.00,93.45,80.20,4.032,0.457,0.392,banana,spoiled
3343387,3306,825.00,93.45,80.25,4.032,0.457,0.392,banana,spoiled
3344398,3307,825.00,93.55,80.20,4.032,0.457,0.392,banana,spoiled
3345410,3308,825.00,93.45,80.15,4.032,0.457,0.392,banana,spoiled
3346420,3309,825.00,93.75,80.10,4.032,0.458,0.391,banana,spoiled
3347431,3310,825.00,93.45,80.00,4.032,0.457,0.391,banana,spoiled
3348443,3311,825.00,93.30,80.15,4.032,0.456,0.392,banana,spoiled
3349453,3312,825.00,93.45,80.20,4.032,0.457,0.392,banana,spoiled
3350464,3313,825.00,93.55,80.10,4.032,0.457,0.391,banana,spoiled
3351476,3314,825.00,93.45,80.10,4.032,0.457,0.391,banana,spoiled
3352486,3315,825.00,93.55,80.10,4.032,0.457,0.391,banana,spoiled
3353497,3316,825.05,93.60,80.20,4.033,0.457,0.392,banana,spoiled
3354509,3317,825.05,93.30,80.05,4.033,0.456,0.391,banana,spoiled
3355520,3318,825.05,93.30,80.10,4.033,0.456,0.391,banana,spoiled
3356530,3319,825.00,93.35,80.15,4.032,0.456,0.392,banana,spoiled
3357542,3320,825.00,93.40,80.10,4.032,0.457,0.391,banana,spoiled
3358553,3321,825.05,93.45,80.10,4.033,0.457,0.391,banana,spoiled
3359563,3322,825.00,93.30,80.15,4.032,0.456,0.392,banana,spoiled
3360575,3323,825.10,93.40,80.00,4.033,0.457,0.391,banana,spoiled
3361586,3324,825.00,93.35,80.10,4.032,0.456,0.391,banana,spoiled
3362597,3325,825.00,93.25,80.10,4.032,0.456,0.391,banana,spoiled
3363608,3326,825.00,93.50,80.15,4.032,0.457,0.392,banana,spoiled
3364619,3327,825.00,93.45,80.05,4.032,0.457,0.391,banana,spoiled
3365630,3328,825.00,93.25,80.00,4.032,0.456,0.391,banana,spoiled
3366641,3329,825.05,93.35,80.10,4.033,0.456,0.391,banana,spoiled
3367652,3330,825.00,93.20,80.15,4.032,0.456,0.392,banana,spoiled
3368664,3331,825.05,93.05,80.15,4.033,0.455,0.392,banana,spoiled
3369674,3332,825.00,93.30,80.10,4.032,0.456,0.391,banana,spoiled
3370685,3333,825.00,93.35,80.15,4.032,0.456,0.392,banana,spoiled
3371697,3334,825.00,93.35,80.15,4.032,0.456,0.392,banana,spoiled
3372707,3335,825.00,93.25,80.05,4.032,0.456,0.391,banana,spoiled
3373718,3336,825.05,93.35,80.00,4.033,0.456,0.391,banana,spoiled
3374730,3337,825.00,93.25,80.15,4.032,0.456,0.392,banana,spoiled
3375740,3338,825.05,93.25,80.05,4.033,0.456,0.391,banana,spoiled
3376751,3339,825.00,93.30,80.05,4.032,0.456,0.391,banana,spoiled
3377763,3340,825.00,93.25,80.15,4.032,0.456,0.392,banana,spoiled
3378774,3341,825.00,93.30,80.15,4.032,0.456,0.392,banana,spoiled
3379784,3342,825.00,93.45,80.05,4.032,0.457,0.391,banana,spoiled
3380796,3343,825.00,93.25,80.10,4.032,0.456,0.391,banana,spoiled
3381807,3344,825.00,93.40,80.10,4.032,0.457,0.391,banana,spoiled
3382817,3345,825.00,93.15,80.05,4.032,0.455,0.391,banana,spoiled
3383829,3346,825.00,93.25,80.10,4.032,0.456,0.391,banana,spoiled
3384840,3347,825.00,93.20,80.00,4.032,0.456,0.391,banana,spoiled
3385850,3348,825.00,93.20,80.05,4.032,0.456,0.391,banana,spoiled
3386862,3349,825.00,93.20,80.00,4.032,0.456,0.391,banana,spoiled
3387873,3350,825.00,93.20,80.05,4.032,0.456,0.391,banana,spoiled
3388883,3351,825.00,93.35,80.05,4.032,0.456,0.391,banana,spoiled
3389895,3352,825.10,93.10,80.05,4.033,0.455,0.391,banana,spoiled
3390906,3353,825.00,93.25,80.10,4.032,0.456,0.391,banana,spoiled
3391918,3354,825.05,93.25,80.05,4.033,0.456,0.391,banana,spoiled
3392928,3355,825.10,93.20,80.00,4.033,0.456,0.391,banana,spoiled
3393939,3356,825.15,93.10,80.00,4.033,0.455,0.391,banana,spoiled
3394951,3357,825.05,93.15,80.00,4.033,0.455,0.391,banana,spoiled
3395961,3358,825.00,93.10,80.00,4.032,0.455,0.391,banana,spoiled
3396972,3359,825.00,93.20,80.10,4.032,0.456,0.391,banana,spoiled
3397984,3360,825.00,93.25,80.05,4.032,0.456,0.391,banana,spoiled
3398994,3361,825.00,93.15,80.05,4.032,0.455,0.391,banana,spoiled
3400005,3362,825.05,93.45,80.00,4.033,0.457,0.391,banana,spoiled
3401017,3363,825.05,93.25,80.00,4.033,0.456,0.391,banana,spoiled
3402028,3364,825.10,93.25,80.05,4.033,0.456,0.391,banana,spoiled
3403038,3365,825.10,93.25,80.00,4.033,0.456,0.391,banana,spoiled
3404050,3366,825.05,93.10,80.05,4.033,0.455,0.391,banana,spoiled
3405061,3367,825.05,93.10,80.00,4.033,0.455,0.391,banana,spoiled
3406071,3368,825.10,93.00,80.00,4.033,0.455,0.391,banana,spoiled
3407083,3369,825.05,93.05,80.05,4.033,0.455,0.391,banana,spoiled
3408094,3370,825.05,93.15,80.05,4.033,0.455,0.391,banana,spoiled
3409104,3371,825.00,93.10,80.05,4.032,0.455,0.391,banana,spoiled
3410116,3372,825.00,93.15,80.00,4.032,0.455,0.391,banana,spoiled
3411127,3373,825.00,93.10,80.10,4.032,0.455,0.391,banana,spoiled
3412137,3374,825.05,93.05,80.05,4.033,0.455,0.391,banana,spoiled
3413149,3375,825.05,93.05,80.00,4.033,0.455,0.391,banana,spoiled
3414160,3376,825.05,93.10,80.00,4.033,0.455,0.391,banana,spoiled
3415171,3377,825.10,93.25,80.00,4.033,0.456,0.391,banana,spoiled
3416182,3378,825.25,93.00,80.00,4.033,0.455,0.391,banana,spoiled
3417193,3379,825.10,93.15,80.00,4.033,0.455,0.391,banana,spoiled
3418204,3380,825.15,93.05,80.00,4.033,0.455,0.391,banana,spoiled
3419215,3381,825.25,93.10,80.05,4.033,0.455,0.391,banana,spoiled
3420226,3382,825.10,93.10,80.00,4.033,0.455,0.391,banana,spoiled
3421237,3383,825.05,93.00,80.05,4.033,0.455,0.391,banana,spoiled
3422248,3384,825.20,93.00,80.10,4.033,0.455,0.391,banana,spoiled
3423259,3385,825.15,93.15,80.00,4.033,0.455,0.391,banana,spoiled
3424270,3386,825.20,93.20,80.10,4.033,0.456,0.391,banana,spoiled
3425282,3387,825.30,93.15,80.15,4.034,0.455,0.392,banana,spoiled
3426292,3388,825.20,93.15,80.20,4.033,0.455,0.392,banana,spoiled
3427304,3389,825.50,93.15,80.00,4.035,0.455,0.391,banana,spoiled
3428315,3390,825.65,93.40,80.15,4.035,0.457,0.392,banana,spoiled
3429325,3391,825.45,93.30,80.20,4.034,0.456,0.392,banana,spoiled
3430337,3392,825.50,93.50,80.15,4.035,0.457,0.392,banana,spoiled
3431348,3393,825.65,93.30,80.35,4.035,0.456,0.393,banana,spoiled
3432358,3394,825.70,93.25,80.25,4.036,0.456,0.392,banana,spoiled
3433370,3395,825.65,93.45,80.35,4.035,0.457,0.393,banana,spoiled
3434381,3396,825.80,93.60,80.30,4.036,0.457,0.392,banana,spoiled
3435392,3397,825.90,93.50,80.45,4.037,0.457,0.393,banana,spoiled
3436403,3398,826.00,93.50,80.65,4.037,0.457,0.394,banana,spoiled
3437414,3399,825.85,93.45,80.55,4.036,0.457,0.394,banana,spoiled
3438425,3400,825.90,93.60,80.65,4.037,0.457,0.394,banana,spoiled
3439436,3401,825.90,93.60,80.55,4.037,0.457,0.394,banana,spoiled
3440447,3402,825.90,93.70,80.80,4.037,0.458,0.395,banana,spoiled
3441458,3403,826.00,93.70,80.60,4.037,0.458,0.394,banana,spoiled
3442469,3404,826.00,93.80,80.55,4.037,0.458,0.394,banana,spoiled
3443480,3405,826.00,93.65,80.70,4.037,0.458,0.394,banana,spoiled
3444491,3406,826.00,93.85,80.75,4.037,0.459,0.395,banana,spoiled
3445502,3407,826.00,93.90,80.65,4.037,0.459,0.394,banana,spoiled
3446513,3408,826.00,93.85,80.95,4.037,0.459,0.396,banana,spoiled
3447525,3409,826.00,93.85,80.60,4.037,0.459,0.394,banana,spoiled
3448536,3410,826.00,93.80,80.75,4.037,0.458,0.395,banana,spoiled
3449546,3411,826.00,93.85,80.90,4.037,0.459,0.395,banana,spoiled
3450558,3412,826.00,93.75,80.65,4.037,0.458,0.394,banana,spoiled
3451569,3413,826.00,93.90,80.85,4.037,0.459,0.395,banana,spoiled
3452579,3414,826.00,93.90,80.80,4.037,0.459,0.395,banana,spoiled
3453591,3415,826.00,93.90,80.80,4.037,0.459,0.395,banana,spoiled
3454602,3416,826.00,93.80,80.85,4.037,0.458,0.395,banana,spoiled
3455612,3417,826.00,93.90,80.95,4.037,0.459,0.396,banana,spoiled
3456624,3418,826.00,93.75,80.85,4.037,0.458,0.395,banana,spoiled
3457635,3419,826.00,93.70,80.85,4.037,0.458,0.395,banana,spoiled
3458646,3420,826.00,93.95,80.70,4.037,0.459,0.394,banana,spoiled
3459657,3421,826.00,93.90,80.95,4.037,0.459,0.396,banana,spoiled
3460668,3422,826.00,93.90,81.00,4.037,0.459,0.396,banana,spoiled
3461679,3423,826.00,93.90,80.85,4.037,0.459,0.395,banana,spoiled
3462690,3424,826.00,93.85,80.90,4.037,0.459,0.395,banana,spoiled
3463701,3425,826.00,93.85,81.00,4.037,0.459,0.396,banana,spoiled
3464712,3426,826.00,93.85,81.00,4.037,0.459,0.396,banana,spoiled
3465723,3427,826.00,93.95,81.00,4.037,0.459,0.396,banana,spoiled
3466734,3428,826.00,93.85,80.80,4.037,0.459,0.395,banana,spoiled
3467745,3429,826.00,93.95,80.90,4.037,0.459,0.395,banana,spoiled
3468756,3430,826.00,93.80,80.85,4.037,0.458,0.395,banana,spoiled
3469767,3431,826.00,93.90,81.00,4.037,0.459,0.396,banana,spoiled
3470778,3432,826.00,93.85,80.95,4.037,0.459,0.396,banana,spoiled
3471790,3433,826.00,93.90,81.00,4.037,0.459,0.396,banana,spoiled
3472800,3434,826.00,93.85,81.00,4.037,0.459,0.396,banana,spoiled
3473811,3435,826.00,93.85,80.90,4.037,0.459,0.395,banana,spoiled
3474823,3436,826.00,93.80,80.95,4.037,0.458,0.396,banana,spoiled
3475833,3437,826.05,93.95,80.90,4.037,0.459,0.395,banana,spoiled
3476844,3438,826.00,94.00,80.95,4.037,0.459,0.396,banana,spoiled
3477856,3439,826.00,93.95,80.75,4.037,0.459,0.395,banana,spoiled
3478866,3440,826.05,93.85,80.90,4.037,0.459,0.395,banana,spoiled
3479877,3441,826.00,93.95,80.85,4.037,0.459,0.395,banana,spoiled
3480889,3442,826.05,93.90,80.85,4.037,0.459,0.395,banana,spoiled
3481900,3443,826.05,94.00,80.90,4.037,0.459,0.395,banana,spoiled
3482910,3444,826.00,94.00,80.80,4.037,0.459,0.395,banana,spoiled
3483922,3445,826.00,94.00,80.75,4.037,0.459,0.395,banana,spoiled
3484933,3446,826.00,94.00,80.90,4.037,0.459,0.395,banana,spoiled
3485943,3447,826.00,93.90,81.00,4.037,0.459,0.396,banana,spoiled
3486955,3448,826.00,93.90,80.80,4.037,0.459,0.395,banana,spoiled
3487966,3449,826.05,93.90,80.90,4.037,0.459,0.395,banana,spoiled
3488976,3450,826.05,93.85,80.85,4.037,0.459,0.395,banana,spoiled
3489988,3451,826.00,93.90,80.90,4.037,0.459,0.395,banana,spoiled
3490999,3452,826.00,93.95,80.85,4.037,0.459,0.395,banana,spoiled
3492011,3453,826.00,94.00,80.85,4.037,0.459,0.395,banana,spoiled
3493021,3454,826.05,93.90,80.80,4.037,0.459,0.395,banana,spoiled
3494032,3455,826.05,94.00,80.95,4.037,0.459,0.396,banana,spoiled
3495044,3456,826.10,93.90,80.90,4.038,0.459,0.395,banana,spoiled
3496054,3457,826.05,93.90,80.95,4.037,0.459,0.396,banana,spoiled
3497065,3458,826.00,94.00,80.90,4.037,0.459,0.395,banana,spoiled
3498077,3459,826.10,93.95,80.80,4.038,0.459,0.395,banana,spoiled
3499087,3460,826.05,94.00,80.90,4.037,0.459,0.395,banana,spoiled
3500098,3461,826.00,93.95,80.90,4.037,0.459,0.395,banana,spoiled
3501110,3462,826.05,93.85,80.85,4.037,0.459,0.395,banana,spoiled
3502120,3463,826.15,93.95,80.85,4.038,0.459,0.395,banana,spoiled
3503131,3464,826.15,93.95,80.90,4.038,0.459,0.395,banana,spoiled
3504143,3465,826.05,94.00,80.75,4.037,0.459,0.395,banana,spoiled
3505154,3466,826.05,94.00,80.90,4.037,0.459,0.395,banana,spoiled
3506164,3467,826.05,93.90,80.90,4.037,0.459,0.395,banana,spoiled
3507176,3468,826.10,93.95,80.85,4.038,0.459,0.395,banana,spoiled
3508187,3469,826.10,93.90,80.85,4.038,0.459,0.395,banana,spoiled
3509197,3470,826.15,94.00,80.75,4.038,0.459,0.395,banana,spoiled
3510209,3471,826.05,93.90,80.75,4.037,0.459,0.395,banana,spoiled
3511220,3472,826.25,93.95,80.55,4.038,0.459,0.394,banana,spoiled
3512230,3473,826.15,94.00,80.80,4.038,0.459,0.395,banana,spoiled
3513242,3474,826.05,93.95,80.55,4.037,0.459,0.394,banana,spoiled
3514253,3475,826.05,94.00,80.75,4.037,0.459,0.395,banana,spoiled
3515264,3476,826.05,94.00,80.85,4.037,0.459,0.395,banana,spoiled
3516275,3477,826.10,93.90,80.85,4.038,0.459,0.395,banana,spoiled
3517286,3478,826.05,93.90,80.75,4.037,0.459,0.395,banana,spoiled
3518298,3479,826.05,93.80,80.95,4.037,0.458,0.396,banana,spoiled
3519308,3480,826.15,93.95,80.75,4.038,0.459,0.395,banana,spoiled
3520319,3481,826.00,93.95,80.75,4.037,0.459,0.395,banana,spoiled
3521331,3482,826.25,93.90,80.80,4.038,0.459,0.395,banana,spoiled
3522341,3483,826.05,93.90,80.90,4.037,0.459,0.395,banana,spoiled
3523352,3484,826.25,93.80,80.75,4.038,0.458,0.395,banana,spoiled
3524364,3485,826.10,94.00,80.75,4.038,0.459,0.395,banana,spoiled
3525374,3486,826.10,93.80,80.80,4.038,0.458,0.395,banana,spoiled
3526385,3487,826.10,93.90,80.85,4.038,0.459,0.395,banana,spoiled
3527397,3488,826.25,93.95,80.70,4.038,0.459,0.394,banana,spoiled
3528408,3489,826.10,93.90,80.80,4.038,0.459,0.395,banana,spoiled
3529418,3490,826.15,93.90,80.80,4.038,0.459,0.395,banana,spoiled
3530430,3491,826.05,93.65,80.85,4.037,0.458,0.395,banana,spoiled
3531441,3492,826.35,93.95,80.75,4.039,0.459,0.395,banana,spoiled
3532451,3493,826.35,93.95,80.80,4.039,0.459,0.395,banana,spoiled
3533463,3494,826.30,93.75,80.80,4.039,0.458,0.395,banana,spoiled
3534474,3495,826.35,93.80,80.80,4.039,0.458,0.395,banana,spoiled
3535484,3496,826.30,93.75,80.60,4.039,0.458,0.394,banana,spoiled
3536496,3497,826.25,93.85,80.70,4.038,0.459,0.394,banana,spoiled
3537507,3498,826.30,93.80,80.85,4.039,0.458,0.395,banana,spoiled
3538519,3499,826.15,93.70,80.85,4.038,0.458,0.395,banana,spoiled
3539529,3500,826.25,93.65,80.75,4.038,0.458,0.395,banana,spoiled
3540540,3501,826.20,93.70,80.90,4.038,0.458,0.395,banana,spoiled
3541552,3502,826.40,93.85,80.90,4.039,0.459,0.395,banana,spoiled
3542562,3503,826.45,94.00,80.60,4.039,0.459,0.394,banana,spoiled
3543573,3504,826.25,93.75,80.65,4.038,0.458,0.394,banana,spoiled
3544585,3505,826.30,93.90,80.75,4.039,0.459,0.395,banana,spoiled
3545595,3506,826.50,93.70,80.75,4.040,0.458,0.395,banana,spoiled
3546606,3507,826.30,93.65,80.80,4.039,0.458,0.395,banana,spoiled
3547618,3508,826.55,93.75,80.70,4.040,0.458,0.394,banana,spoiled
3548628,3509,826.40,93.95,80.60,4.039,0.459,0.394,banana,spoiled
3549639,3510,826.70,93.70,80.50,4.041,0.458,0.393,banana,spoiled
3550651,3511,826.75,93.65,80.80,4.041,0.458,0.395,banana,spoiled
3551662,3512,826.65,93.70,80.65,4.040,0.458,0.394,banana,spoiled
3552672,3513,826.80,93.70,80.60,4.041,0.458,0.394,banana,spoiled
3553684,3514,826.90,93.60,80.80,4.042,0.457,0.395,banana,spoiled
3554695,3515,826.65,93.55,80.80,4.040,0.457,0.395,banana,spoiled
3555706,3516,826.85,93.65,80.65,4.041,0.458,0.394,banana,spoiled
3556717,3517,826.80,93.70,80.70,4.041,0.458,0.394,banana,spoiled
3557728,3518,826.85,93.85,80.85,4.041,0.459,0.395,banana,spoiled
3558739,3519,826.90,93.75,80.70,4.042,0.458,0.394,banana,spoiled
3559750,3520,826.70,93.65,80.55,4.041,0.458,0.394,banana,spoiled
3560761,3521,826.85,93.55,80.60,4.041,0.457,0.394,banana,spoiled
3561773,3522,826.85,93.80,80.60,4.041,0.458,0.394,banana,spoiled
3562783,3523,826.90,93.80,80.70,4.042,0.458,0.394,banana,spoiled
3563794,3524,826.85,93.55,80.70,4.041,0.457,0.394,banana,spoiled
3564806,3525,826.95,93.60,80.80,4.042,0.457,0.395,banana,spoiled
3565816,3526,826.90,93.80,80.70,4.042,0.458,0.394,banana,spoiled
3566827,3527,826.95,93.65,80.75,4.042,0.458,0.395,banana,spoiled
3567839,3528,826.90,93.60,80.50,4.042,0.457,0.393,banana,spoiled
3568849,3529,826.95,93.75,80.45,4.042,0.458,0.393,banana,spoiled
3569860,3530,827.00,93.65,80.75,4.042,0.458,0.395,banana,spoiled
3570872,3531,827.00,93.65,80.65,4.042,0.458,0.394,banana,spoiled
3571883,3532,827.00,93.35,80.65,4.042,0.456,0.394,banana,spoiled
3572893,3533,827.00,93.70,80.50,4.042,0.458,0.393,banana,spoiled
3573905,3534,827.00,93.60,80.65,4.042,0.457,0.394,banana,spoiled
3574916,3535,827.00,93.55,80.75,4.042,0.457,0.395,banana,spoiled
3575927,3536,827.00,93.60,80.75,4.042,0.457,0.395,banana,spoiled
3576938,3537,827.00,93.70,80.75,4.042,0.458,0.395,banana,spoiled
3577949,3538,827.00,93.85,80.65,4.042,0.459,0.394,banana,spoiled
3578960,3539,827.00,93.75,80.60,4.042,0.458,0.394,banana,spoiled
3579971,3540,827.00,93.45,80.70,4.042,0.457,0.394,banana,spoiled
3580982,3541,827.00,93.60,80.80,4.042,0.457,0.395,banana,spoiled
3581993,3542,827.00,93.70,80.60,4.042,0.458,0.394,banana,spoiled
3583004,3543,827.00,93.75,80.85,4.042,0.458,0.395,banana,spoiled
3584015,3544,827.00,93.50,80.70,4.042,0.457,0.394,banana,spoiled
3585027,3545,827.00,93.50,80.65,4.042,0.457,0.394,banana,spoiled
3586037,3546,827.00,93.65,80.65,4.042,0.458,0.394,banana,spoiled
3587048,3547,827.00,93.65,80.80,4.042,0.458,0.395,banana,spoiled
3588060,3548,827.00,93.55,80.90,4.042,0.457,0.395,banana,spoiled
3589070,3549,827.00,93.85,80.75,4.042,0.459,0.395,banana,spoiled
3590081,3550,827.05,93.60,80.85,4.042,0.457,0.395,banana,spoiled
3591093,3551,827.05,93.80,80.90,4.042,0.458,0.395,banana,spoiled
3592103,3552,827.00,93.65,80.80,4.042,0.458,0.395,banana,spoiled
3593114,3553,827.00,93.75,80.85,4.042,0.458,0.395,banana,spoiled
3594126,3554,827.00,93.75,80.95,4.042,0.458,0.396,banana,spoiled
3595137,3555,827.20,93.65,80.80,4.043,0.458,0.395,banana,spoiled
3596147,3556,827.10,93.55,80.80,4.043,0.457,0.395,banana,spoiled
3597159,3557,827.30,93.65,80.85,4.043,0.458,0.395,banana,spoiled
3598170,3558,827.10,93.70,80.80,4.043,0.458,0.395,banana,spoiled
3599181,3559,827.35,93.90,80.95,4.044,0.459,0.396,banana,spoiled
3600192,3560,827.20,93.65,80.90,4.043,0.458,0.395,banana,spoiled
3601203,3561,827.50,93.85,80.90,4.044,0.459,0.395,banana,spoiled
3602214,3562,827.50,93.70,80.80,4.044,0.458,0.395,banana,spoiled
3603225,3563,827.70,93.80,80.70,4.045,0.458,0.394,banana,spoiled
3604236,3564,827.50,93.70,80.95,4.044,0.458,0.396,banana,spoiled
3605248,3565,827.50,93.80,80.85,4.044,0.458,0.395,banana,spoiled
3606258,3566,827.65,93.70,80.80,4.045,0.458,0.395,banana,spoiled
3607269,3567,827.70,93.75,80.90,4.045,0.458,0.395,banana,spoiled
3608281,3568,827.65,93.65,80.90,4.045,0.458,0.395,banana,spoiled
3609291,3569,827.65,93.65,80.85,4.045,0.458,0.395,banana,spoiled
3610302,3570,827.60,93.65,80.90,4.045,0.458,0.395,banana,spoiled
3611314,3571,827.80,93.55,80.90,4.046,0.457,0.395,banana,spoiled
3612324,3572,827.85,93.75,80.75,4.046,0.458,0.395,banana,spoiled
3613335,3573,827.80,93.60,80.90,4.046,0.457,0.395,banana,spoiled
3614347,3574,827.90,93.50,80.70,4.046,0.457,0.394,banana,spoiled
3615357,3575,827.95,93.50,80.95,4.047,0.457,0.396,banana,spoiled
3616368,3576,827.80,93.75,80.75,4.046,0.458,0.395,banana,spoiled
3617380,3577,827.90,93.40,80.90,4.046,0.457,0.395,banana,spoiled
3618391,3578,827.90,93.55,80.90,4.046,0.457,0.395,banana,spoiled
3619402,3579,828.00,93.65,80.80,4.047,0.458,0.395,banana,spoiled
3620413,3580,828.00,93.55,80.90,4.047,0.457,0.395,banana,spoiled
3621424,3581,828.00,93.50,80.85,4.047,0.457,0.395,banana,spoiled
3622435,3582,828.00,93.60,80.85,4.047,0.457,0.395,banana,spoiled
3623446,3583,828.00,93.40,80.85,4.047,0.457,0.395,banana,spoiled
3624457,3584,828.00,93.70,80.85,4.047,0.458,0.395,banana,spoiled
3625468,3585,828.00,93.40,80.75,4.047,0.457,0.395,banana,spoiled
3626479,3586,828.00,93.35,80.90,4.047,0.456,0.395,banana,spoiled
3627490,3587,828.00,93.65,80.75,4.047,0.458,0.395,banana,spoiled
3628502,3588,828.00,93.50,80.85,4.047,0.457,0.395,banana,spoiled
3629512,3589,828.00,93.60,80.85,4.047,0.457,0.395,banana,spoiled
3630523,3590,828.00,93.55,80.85,4.047,0.457,0.395,banana,spoiled
3631535,3591,828.00,93.35,80.85,4.047,0.456,0.395,banana,spoiled
3632545,3592,828.00,93.30,80.95,4.047,0.456,0.396,banana,spoiled
3633556,3593,828.00,93.45,80.85,4.047,0.457,0.395,banana,spoiled
3634568,3594,828.00,93.55,80.75,4.047,0.457,0.395,banana,spoiled
3635578,3595,828.00,93.40,80.90,4.047,0.457,0.395,banana,spoiled
3636589,3596,828.00,93.55,80.80,4.047,0.457,0.395,banana,spoiled
3637601,3597,828.00,93.50,80.75,4.047,0.457,0.395,banana,spoiled
3638611,3598,828.00,93.55,80.80,4.047,0.457,0.395,banana,spoiled
3639622,3599,828.00,93.35,80.75,4.047,0.456,0.395,banana,spoiled
3640634,3600,828.00,93.40,80.90,4.047,0.457,0.395,banana,spoiled
3641645,3601,828.00,93.35,80.80,4.047,0.456,0.395,banana,spoiled
3642655,3602,828.00,93.45,80.80,4.047,0.457,0.395,banana,spoiled
3643667,3603,828.00,93.30,80.70,4.047,0.456,0.394,banana,spoiled
3644678,3604,828.00,93.35,80.95,4.047,0.456,0.396,banana,spoiled
3645688,3605,828.00,93.55,80.85,4.047,0.457,0.395,banana,spoiled
3646700,3606,828.00,93.65,80.95,4.047,0.458,0.396,banana,spoiled
3647711,3607,828.00,93.50,80.70,4.047,0.457,0.394,banana,spoiled
3648722,3608,828.00,93.55,80.85,4.047,0.457,0.395,banana,spoiled
3649733,3609,828.05,93.50,80.90,4.047,0.457,0.395,banana,spoiled
3650744,3610,828.00,93.40,80.90,4.047,0.457,0.395,banana,spoiled
3651756,3611,828.00,93.70,80.90,4.047,0.458,0.395,banana,spoiled
3652766,3612,828.00,93.70,80.75,4.047,0.458,0.395,banana,spoiled
3653777,3613,828.00,93.40,80.90,4.047,0.457,0.395,banana,spoiled
3654789,3614,828.00,93.65,80.80,4.047,0.458,0.395,banana,spoiled
3655799,3615,828.00,93.45,81.00,4.047,0.457,0.396,banana,spoiled
3656810,3616,828.05,93.60,80.90,4.047,0.457,0.395,banana,spoiled
3657822,3617,828.05,93.50,80.95,4.047,0.457,0.396,banana,spoiled
3658832,3618,828.00,93.45,80.95,4.047,0.457,0.396,banana,spoiled
3659843,3619,828.00,93.55,80.80,4.047,0.457,0.395,banana,spoiled
3660855,3620,828.00,93.55,80.85,4.047,0.457,0.395,banana,spoiled
3661865,3621,828.05,93.45,80.85,4.047,0.457,0.395,banana,spoiled
3662876,3622,828.00,93.55,80.80,4.047,0.457,0.395,banana,spoiled
3663888,3623,828.00,93.70,80.90,4.047,0.458,0.395,banana,spoiled
3664899,3624,828.00,93.40,80.85,4.047,0.457,0.395,banana,spoiled
3665909,3625,828.10,93.35,80.90,4.047,0.456,0.395,banana,spoiled
3666921,3626,828.00,93.55,80.95,4.047,0.457,0.396,banana,spoiled
3667932,3627,828.10,93.55,80.85,4.047,0.457,0.395,banana,spoiled
3668942,3628,828.05,93.45,80.80,4.047,0.457,0.395,banana,spoiled
3669954,3629,828.05,93.45,81.00,4.047,0.457,0.396,banana,spoiled
3670965,3630,828.05,93.55,80.95,4.047,0.457,0.396,banana,spoiled
3671975,3631,828.00,93.25,81.00,4.047,0.456,0.396,banana,spoiled
3672987,3632,828.20,93.50,80.85,4.048,0.457,0.395,banana,spoiled
3673998,3633,828.05,93.55,80.85,4.047,0.457,0.395,banana,spoiled
3675010,3634,828.05,93.65,80.90,4.047,0.458,0.395,banana,spoiled
3676020,3635,828.00,93.55,80.75,4.047,0.457,0.395,banana,spoiled
3677031,3636,828.00,93.40,80.90,4.047,0.457,0.395,banana,spoiled
3678043,3637,828.15,93.55,80.95,4.048,0.457,0.396,banana,spoiled
3679053,3638,828.05,93.70,80.85,4.047,0.458,0.395,banana,spoiled
3680064,3639,828.10,93.40,80.90,4.047,0.457,0.395,banana,spoiled
3681076,3640,828.30,93.60,80.95,4.048,0.457,0.396,banana,spoiled
3682086,3641,828.25,93.60,81.00,4.048,0.457,0.396,banana,spoiled
3683097,3642,828.35,93.70,81.00,4.049,0.458,0.396,banana,spoiled
3684109,3643,828.45,93.75,80.95,4.049,0.458,0.396,banana,spoiled
3685120,3644,828.40,93.55,80.90,4.049,0.457,0.395,banana,spoiled
3686130,3645,828.35,93.60,81.00,4.049,0.457,0.396,banana,spoiled
3687142,3646,828.40,93.75,80.95,4.049,0.458,0.396,banana,spoiled
3688153,3647,828.65,93.65,81.00,4.050,0.458,0.396,banana,spoiled
3689163,3648,828.40,93.50,80.95,4.049,0.457,0.396,banana,spoiled
3690175,3649,828.50,93.50,80.90,4.049,0.457,0.395,banana,spoiled
3691186,3650,828.35,93.70,81.00,4.049,0.458,0.396,banana,spoiled
3692196,3651,828.25,93.80,80.90,4.048,0.458,0.395,banana,spoiled
3693208,3652,828.70,93.60,80.95,4.050,0.457,0.396,banana,spoiled
3694219,3653,828.45,93.65,81.00,4.049,0.458,0.396,banana,spoiled
3695229,3654,828.55,93.75,81.00,4.050,0.458,0.396,banana,spoiled
3696241,3655,828.65,93.65,81.00,4.050,0.458,0.396,banana,spoiled
3697252,3656,828.45,93.65,80.95,4.049,0.458,0.396,banana,spoiled
3698264,3657,828.90,93.70,80.95,4.051,0.458,0.396,banana,spoiled
3699274,3658,828.65,93.65,81.00,4.050,0.458,0.396,banana,spoiled
3700285,3659,828.85,93.50,80.95,4.051,0.457,0.396,banana,spoiled
3701297,3660,828.80,93.75,80.90,4.051,0.458,0.395,banana,spoiled
3702307,3661,828.80,93.80,81.00,4.051,0.458,0.396,banana,spoiled
3703318,3662,829.00,93.90,81.00,4.052,0.459,0.396,banana,spoiled
3704330,3663,829.00,93.80,81.00,4.052,0.458,0.396,banana,spoiled
3705340,3664,828.85,93.75,80.95,4.051,0.458,0.396,banana,spoiled
3706351,3665,828.95,93.95,81.00,4.052,0.459,0.396,banana,spoiled
3707363,3666,828.90,93.90,81.00,4.051,0.459,0.396,banana,spoiled
3708374,3667,828.95,93.90,80.95,4.052,0.459,0.396,banana,spoiled
3709384,3668,829.00,93.95,81.00,4.052,0.459,0.396,banana,spoiled
3710396,3669,828.95,93.95,81.00,4.052,0.459,0.396,banana,spoiled
3711407,3670,828.85,93.95,81.00,4.051,0.459,0.396,banana,spoiled
3712417,3671,829.00,93.90,80.95,4.052,0.459,0.396,banana,spoiled
3713429,3672,828.90,93.90,81.00,4.051,0.459,0.396,banana,spoiled
3714440,3673,829.00,94.00,81.00,4.052,0.459,0.396,banana,spoiled
3715450,3674,829.00,93.95,81.00,4.052,0.459,0.396,banana,spoiled
3716462,3675,829.00,93.90,81.00,4.052,0.459,0.396,banana,spoiled
3717473,3676,829.00,93.85,80.95,4.052,0.459,0.396,banana,spoiled
3718483,3677,828.95,93.95,81.00,4.052,0.459,0.396,banana,spoiled
3719495,3678,829.00,93.95,81.00,4.052,0.459,0.396,banana,spoiled
3720506,3679,829.00,93.90,80.95,4.052,0.459,0.396,banana,spoiled
3721517,3680,829.00,93.80,81.00,4.052,0.458,0.396,banana,spoiled
3722528,3681,829.00,94.00,80.95,4.052,0.459,0.396,banana,spoiled
3723539,3682,829.00,93.95,81.00,4.052,0.459,0.396,banana,spoiled
3724550,3683,829.00,93.90,81.00,4.052,0.459,0.396,banana,spoiled
3725561,3684,829.00,93.90,81.00,4.052,0.459,0.396,banana,spoiled
3726572,3685,829.00,93.85,81.00,4.052,0.459,0.396,banana,spoiled
3727583,3686,829.00,93.95,80.95,4.052,0.459,0.396,banana,spoiled
3728594,3687,829.00,93.95,81.00,4.052,0.459,0.396,banana,spoiled
3729605,3688,829.00,93.90,81.00,4.052,0.459,0.396,banana,spoiled
3730616,3689,829.00,93.95,81.00,4.052,0.459,0.396,banana,spoiled
3731628,3690,829.00,94.00,81.00,4.052,0.459,0.396,banana,spoiled
3732638,3691,829.00,94.00,81.00,4.052,0.459,0.396,banana,spoiled
3733649,3692,829.00,93.80,81.00,4.052,0.458,0.396,banana,spoiled
3734661,3693,829.00,94.00,81.00,4.052,0.459,0.396,banana,spoiled
3735671,3694,829.00,93.85,81.00,4.052,0.459,0.396,banana,spoiled
3736682,3695,829.00,93.85,81.00,4.052,0.459,0.396,banana,spoiled
3737694,3696,829.00,93.85,81.00,4.052,0.459,0.396,banana,spoiled
3738704,3697,829.00,93.90,81.00,4.052,0.459,0.396,banana,spoiled
3739715,3698,829.00,93.95,81.00,4.052,0.459,0.396,banana,spoiled
3740727,3699,829.00,93.95,81.00,4.052,0.459,0.396,banana,spoiled
3741737,3700,829.00,94.00,81.00,4.052,0.459,0.396,banana,spoiled
3742748,3701,829.00,93.95,81.00,4.052,0.459,0.396,banana,spoiled
3743760,3702,829.00,93.95,81.00,4.052,0.459,0.396,banana,spoiled
3744771,3703,829.00,93.90,81.00,4.052,0.459,0.396,banana,spoiled
3745781,3704,829.00,93.95,81.00,4.052,0.459,0.396,banana,spoiled
3746793,3705,829.00,93.95,80.95,4.052,0.459,0.396,banana,spoiled
3747804,3706,829.00,94.00,80.95,4.052,0.459,0.396,banana,spoiled
3748815,3707,829.00,93.90,81.00,4.052,0.459,0.396,banana,spoiled
3749826,3708,829.00,94.00,81.00,4.052,0.459,0.396,banana,spoiled
3750837,3709,829.00,93.95,81.00,4.052,0.459,0.396,banana,spoiled
3751848,3710,829.00,93.95,81.00,4.052,0.459,0.396,banana,spoiled
3752859,3711,829.00,93.95,81.00,4.052,0.459,0.396,banana,spoiled
3753870,3712,829.00,94.00,80.95,4.052,0.459,0.396,banana,spoiled
3754882,3713,829.00,93.95,81.00,4.052,0.459,0.396,banana,spoiled
3755892,3714,829.00,94.00,81.00,4.052,0.459,0.396,banana,spoiled
3756903,3715,829.00,93.95,81.00,4.052,0.459,0.396,banana,spoiled
3757915,3716,829.00,93.85,81.00,4.052,0.459,0.396,banana,spoiled
3758925,3717,829.00,94.00,80.95,4.052,0.459,0.396,banana,spoiled
3759936,3718,829.00,93.85,81.00,4.052,0.459,0.396,banana,spoiled
3760948,3719,829.00,93.85,80.95,4.052,0.459,0.396,banana,spoiled
3761958,3720,829.00,94.00,81.00,4.052,0.459,0.396,banana,spoiled
3762969,3721,829.00,93.95,80.95,4.052,0.459,0.396,banana,spoiled
3763981,3722,829.00,94.00,81.00,4.052,0.459,0.396,banana,spoiled
3764992,3723,829.00,94.00,81.00,4.052,0.459,0.396,banana,spoiled
3766002,3724,829.00,94.00,81.00,4.052,0.459,0.396,banana,spoiled
3767014,3725,829.00,94.00,80.95,4.052,0.459,0.396,banana,spoiled
3768025,3726,829.00,93.95,81.00,4.052,0.459,0.396,banana,spoiled
3769035,3727,829.00,93.95,81.00,4.052,0.459,0.396,banana,spoiled
3770047,3728,829.00,94.00,81.00,4.052,0.459,0.396,banana,spoiled
3771058,3729,829.00,93.85,80.95,4.052,0.459,0.396,banana,spoiled
3772068,3730,829.00,93.90,81.00,4.052,0.459,0.396,banana,spoiled
3773080,3731,829.00,93.95,81.00,4.052,0.459,0.396,banana,spoiled
3774091,3732,829.00,93.90,81.00,4.052,0.459,0.396,banana,spoiled
3775084,3733,828.95,93.95,81.00,4.052,0.459,0.396,banana,spoiled
3776096,3734,829.00,94.00,81.00,4.052,0.459,0.396,banana,spoiled
3777106,3735,829.00,93.85,81.00,4.052,0.459,0.396,banana,spoiled
3778117,3736,829.00,93.80,80.95,4.052,0.458,0.396,banana,spoiled
3779129,3737,829.00,93.85,81.00,4.052,0.459,0.396,banana,spoiled
3780140,3738,829.00,93.90,81.00,4.052,0.459,0.396,banana,spoiled
3781150,3739,829.00,93.95,81.00,4.052,0.459,0.396,banana,spoiled
3782162,3740,829.00,94.00,81.00,4.052,0.459,0.396,banana,spoiled
3783173,3741,829.00,93.95,80.95,4.052,0.459,0.396,banana,spoiled
3784183,3742,829.00,94.00,80.95,4.052,0.459,0.396,banana,spoiled
3785195,3743,829.00,93.95,81.00,4.052,0.459,0.396,banana,spoiled
3786206,3744,829.00,93.90,80.90,4.052,0.459,0.395,banana,spoiled
3787216,3745,829.00,93.75,81.00,4.052,0.458,0.396,banana,spoiled
3788228,3746,829.00,93.95,80.95,4.052,0.459,0.396,banana,spoiled
3789239,3747,829.00,93.95,81.00,4.052,0.459,0.396,banana,spoiled
3790249,3748,829.00,93.95,80.95,4.052,0.459,0.396,banana,spoiled
3791261,3749,829.00,93.85,80.95,4.052,0.459,0.396,banana,spoiled
3792272,3750,829.00,93.95,81.00,4.052,0.459,0.396,banana,spoiled
3793283,3751,829.00,94.00,80.95,4.052,0.459,0.396,banana,spoiled
3794294,3752,829.00,93.90,81.00,4.052,0.459,0.396,banana,spoiled
3795305,3753,829.00,94.00,80.95,4.052,0.459,0.396,banana,spoiled
3796316,3754,829.00,94.00,80.95,4.052,0.459,0.396,banana,spoiled
3797327,3755,829.00,93.95,80.90,4.052,0.459,0.395,banana,spoiled
3798338,3756,829.00,93.90,80.85,4.052,0.459,0.395,banana,spoiled
3799349,3757,829.00,93.95,80.95,4.052,0.459,0.396,banana,spoiled
3800360,3758,829.00,93.80,80.95,4.052,0.458,0.396,banana,spoiled
3801371,3759,829.00,93.95,80.95,4.052,0.459,0.396,banana,spoiled
3802382,3760,829.00,93.95,80.95,4.052,0.459,0.396,banana,spoiled
3803394,3761,829.00,94.00,81.00,4.052,0.459,0.396,banana,spoiled
3804404,3762,829.00,94.00,81.00,4.052,0.459,0.396,banana,spoiled
3805415,3763,829.00,93.95,80.80,4.052,0.459,0.395,banana,spoiled
3806427,3764,829.05,93.95,80.90,4.052,0.459,0.395,banana,spoiled
3807437,3765,829.00,93.95,80.85,4.052,0.459,0.395,banana,spoiled
3808449,3766,829.00,93.95,80.95,4.052,0.459,0.396,banana,spoiled
3809460,3767,829.00,93.95,81.00,4.052,0.459,0.396,banana,spoiled
3810470,3768,829.00,93.95,80.90,4.052,0.459,0.395,banana,spoiled
3811482,3769,829.00,93.90,80.95,4.052,0.459,0.396,banana,spoiled
3812493,3770,829.00,93.95,80.85,4.052,0.459,0.395,banana,spoiled
3813504,3771,829.00,93.90,80.85,4.052,0.459,0.395,banana,spoiled
3814515,3772,829.00,93.95,80.95,4.052,0.459,0.396,banana,spoiled
3815526,3773,829.00,93.90,81.00,4.052,0.459,0.396,banana,spoiled
3816537,3774,829.00,94.00,80.95,4.052,0.459,0.396,banana,spoiled
3817548,3775,829.00,94.00,80.95,4.052,0.459,0.396,banana,spoiled
3818559,3776,829.00,94.00,81.00,4.052,0.459,0.396,banana,spoiled
3819570,3777,829.00,94.00,80.90,4.052,0.459,0.395,banana,spoiled
3820581,3778,829.00,94.00,80.85,4.052,0.459,0.395,banana,spoiled
3821592,3779,829.00,93.95,81.00,4.052,0.459,0.396,banana,spoiled
3822603,3780,829.00,94.00,80.90,4.052,0.459,0.395,banana,spoiled
3823614,3781,829.00,94.00,80.95,4.052,0.459,0.396,banana,spoiled
3824625,3782,829.00,93.85,80.90,4.052,0.459,0.395,banana,spoiled
3825636,3783,829.00,93.95,80.95,4.052,0.459,0.396,banana,spoiled
3826648,3784,829.05,94.00,80.90,4.052,0.459,0.395,banana,spoiled
3827658,3785,829.00,93.80,80.90,4.052,0.458,0.395,banana,spoiled
3828669,3786,829.00,94.00,81.00,4.052,0.459,0.396,banana,spoiled
3829681,3787,829.00,93.95,81.00,4.052,0.459,0.396,banana,spoiled
3830691,3788,829.00,93.95,80.80,4.052,0.459,0.395,banana,spoiled
3831702,3789,829.00,93.95,80.80,4.052,0.459,0.395,banana,spoiled
3832714,3790,829.00,93.90,81.00,4.052,0.459,0.396,banana,spoiled
3833724,3791,829.00,93.85,80.85,4.052,0.459,0.395,banana,spoiled
3834735,3792,829.00,93.90,80.95,4.052,0.459,0.396,banana,spoiled
3835747,3793,829.00,93.95,80.85,4.052,0.459,0.395,banana,spoiled
3836758,3794,829.00,93.90,80.95,4.052,0.459,0.396,banana,spoiled
3837768,3795,829.00,93.95,80.85,4.052,0.459,0.395,banana,spoiled
3838780,3796,829.00,93.90,80.90,4.052,0.459,0.395,banana,spoiled
3839791,3797,829.00,93.90,80.90,4.052,0.459,0.395,banana,spoiled
3840801,3798,829.00,93.75,80.90,4.052,0.458,0.395,banana,spoiled
3841813,3799,829.00,93.95,81.00,4.052,0.459,0.396,banana,spoiled
3842824,3800,829.00,93.75,80.95,4.052,0.458,0.396,banana,spoiled
3843834,3801,829.00,93.85,80.95,4.052,0.459,0.396,banana,spoiled
3844846,3802,829.00,93.85,80.80,4.052,0.459,0.395,banana,spoiled
3845857,3803,829.00,93.80,80.80,4.052,0.458,0.395,banana,spoiled
3846868,3804,829.00,93.85,80.75,4.052,0.459,0.395,banana,spoiled
3847879,3805,829.00,93.85,80.85,4.052,0.459,0.395,banana,spoiled
3848890,3806,829.00,93.90,80.95,4.052,0.459,0.396,banana,spoiled
3849902,3807,829.00,93.85,80.85,4.052,0.459,0.395,banana,spoiled
3850912,3808,829.00,93.90,80.90,4.052,0.459,0.395,banana,spoiled
3851923,3809,829.00,93.75,80.75,4.052,0.458,0.395,banana,spoiled
3852935,3810,829.00,93.85,80.65,4.052,0.459,0.394,banana,spoiled
3853945,3811,829.00,93.90,80.80,4.052,0.459,0.395,banana,spoiled
3854956,3812,829.00,93.75,80.85,4.052,0.458,0.395,banana,spoiled
3855968,3813,829.00,93.80,80.90,4.052,0.458,0.395,banana,spoiled
3856978,3814,829.00,93.95,80.70,4.052,0.459,0.394,banana,spoiled
3857989,3815,829.00,93.90,80.70,4.052,0.459,0.394,banana,spoiled
3859001,3816,829.00,93.80,80.85,4.052,0.458,0.395,banana,spoiled
3860012,3817,829.00,93.80,80.90,4.052,0.458,0.395,banana,spoiled
3861022,3818,829.00,93.90,80.70,4.052,0.459,0.394,banana,spoiled
3862034,3819,829.00,93.80,80.85,4.052,0.458,0.395,banana,spoiled
3863045,3820,829.00,93.80,80.60,4.052,0.458,0.394,banana,spoiled
3864055,3821,829.00,93.45,80.85,4.052,0.457,0.395,banana,spoiled
3865067,3822,829.00,93.65,80.75,4.052,0.458,0.395,banana,spoiled
3866078,3823,829.00,93.90,80.75,4.052,0.459,0.395,banana,spoiled
3867088,3824,829.00,93.70,80.70,4.052,0.458,0.394,banana,spoiled
3868100,3825,829.00,93.70,80.60,4.052,0.458,0.394,banana,spoiled
3869111,3826,829.00,93.70,80.75,4.052,0.458,0.395,banana,spoiled
3870121,3827,829.00,93.85,80.65,4.052,0.459,0.394,banana,spoiled
3871133,3828,829.00,93.75,80.75,4.052,0.458,0.395,banana,spoiled
3872144,3829,829.00,93.80,80.55,4.052,0.458,0.394,banana,spoiled
3873156,3830,829.00,93.70,80.75,4.052,0.458,0.395,banana,spoiled
3874166,3831,829.00,93.80,80.50,4.052,0.458,0.393,banana,spoiled
3875177,3832,829.00,93.60,80.60,4.052,0.457,0.394,banana,spoiled
3876189,3833,829.00,93.60,80.45,4.052,0.457,0.393,banana,spoiled
3877199,3834,829.00,93.70,80.60,4.052,0.458,0.394,banana,spoiled
3878210,3835,829.00,93.65,80.70,4.052,0.458,0.394,banana,spoiled
3879222,3836,829.00,93.65,80.40,4.052,0.458,0.393,banana,spoiled
3880232,3837,829.00,93.40,80.55,4.052,0.457,0.394,banana,spoiled
3881243,3838,829.00,93.70,80.45,4.052,0.458,0.393,banana,spoiled
3882255,3839,829.00,93.30,80.55,4.052,0.456,0.394,banana,spoiled
3883266,3840,829.00,93.50,80.50,4.052,0.457,0.393,banana,spoiled
3884276,3841,829.00,93.65,80.50,4.052,0.458,0.393,banana,spoiled
3885288,3842,829.00,93.55,80.50,4.052,0.457,0.393,banana,spoiled
3886299,3843,829.00,93.55,80.45,4.052,0.457,0.393,banana,spoiled
3887309,3844,829.00,93.40,80.40,4.052,0.457,0.393,banana,spoiled
3888321,3845,829.00,93.55,80.25,4.052,0.457,0.392,banana,spoiled
3889332,3846,829.00,93.45,80.65,4.052,0.457,0.394,banana,spoiled
3890342,3847,829.00,93.45,80.65,4.052,0.457,0.394,banana,spoiled
3891354,3848,829.00,93.70,80.25,4.052,0.458,0.392,banana,spoiled
3892365,3849,829.00,93.35,80.20,4.052,0.456,0.392,banana,spoiled
3893376,3850,829.00,93.50,80.35,4.052,0.457,0.393,banana,spoiled
3894387,3851,829.00,93.20,80.50,4.052,0.456,0.393,banana,spoiled
3895398,3852,829.00,93.40,80.45,4.052,0.457,0.393,banana,spoiled
3896409,3853,829.00,93.35,80.35,4.052,0.456,0.393,banana,spoiled
3897420,3854,829.00,93.45,80.55,4.052,0.457,0.394,banana,spoiled
3898431,3855,829.00,93.40,80.25,4.052,0.457,0.392,banana,spoiled
3899442,3856,829.00,93.30,80.30,4.052,0.456,0.392,banana,spoiled
3900453,3857,829.00,93.20,80.35,4.052,0.456,0.393,banana,spoiled
3901464,3858,829.00,93.30,80.45,4.052,0.456,0.393,banana,spoiled
3902475,3859,829.00,93.25,80.55,4.052,0.456,0.394,banana,spoiled
3903486,3860,829.00,93.30,80.45,4.052,0.456,0.393,banana,spoiled
3904497,3861,829.00,93.40,80.25,4.052,0.457,0.392,banana,spoiled
3905509,3862,829.00,93.15,80.40,4.052,0.455,0.393,banana,spoiled
3906520,3863,829.00,93.15,80.25,4.052,0.455,0.392,banana,spoiled
3907530,3864,829.00,93.35,80.45,4.052,0.456,0.393,banana,spoiled
3908542,3865,829.00,93.25,80.10,4.052,0.456,0.391,banana,spoiled
3909553,3866,829.00,93.30,80.30,4.052,0.456,0.392,banana,spoiled
3910563,3867,829.00,93.25,80.05,4.052,0.456,0.391,banana,spoiled
3911575,3868,829.00,93.10,80.25,4.052,0.455,0.392,banana,spoiled
3912586,3869,829.00,93.15,80.15,4.052,0.455,0.392,banana,spoiled
3913596,3870,829.00,93.20,80.30,4.052,0.456,0.392,banana,spoiled
3914608,3871,829.00,93.30,80.25,4.052,0.456,0.392,banana,spoiled
3915619,3872,829.00,93.15,80.25,4.052,0.455,0.392,banana,spoiled
3916630,3873,829.00,93.15,80.20,4.052,0.455,0.392,banana,spoiled
3917641,3874,829.00,93.15,80.20,4.052,0.455,0.392,banana,spoiled
3918652,3875,829.00,93.05,80.35,4.052,0.455,0.393,banana,spoiled
3919663,3876,829.00,93.05,80.25,4.052,0.455,0.392,banana,spoiled
3920674,3877,829.00,93.20,80.65,4.052,0.456,0.394,banana,spoiled
3921685,3878,829.00,93.05,80.50,4.052,0.455,0.393,banana,spoiled
3922696,3879,829.00,93.05,80.20,4.052,0.455,0.392,banana,spoiled
3923707,3880,829.00,93.05,80.25,4.052,0.455,0.392,banana,spoiled
3924718,3881,829.00,93.05,80.45,4.052,0.455,0.393,banana,spoiled
3925729,3882,829.00,93.10,80.40,4.052,0.455,0.393,banana,spoiled
3926740,3883,829.00,93.10,80.55,4.052,0.455,0.394,banana,spoiled
3927751,3884,829.00,93.15,80.30,4.052,0.455,0.392,banana,spoiled
3928762,3885,829.00,93.15,80.50,4.052,0.455,0.393,banana,spoiled
3929774,3886,829.00,93.20,80.45,4.052,0.456,0.393,banana,spoiled
3930784,3887,829.00,93.20,80.40,4.052,0.456,0.393,banana,spoiled
3931795,3888,829.00,93.10,80.55,4.052,0.455,0.394,banana,spoiled
3932807,3889,829.00,93.10,80.20,4.052,0.455,0.392,banana,spoiled
3933817,3890,829.00,93.10,80.25,4.052,0.455,0.392,banana,spoiled
3934829,3891,829.00,93.05,80.35,4.052,0.455,0.393,banana,spoiled
3935840,3892,829.00,93.30,80.15,4.052,0.456,0.392,banana,spoiled
3936850,3893,829.00,93.05,80.45,4.052,0.455,0.393,banana,spoiled
3937862,3894,829.00,93.05,80.25,4.052,0.455,0.392,banana,spoiled
3938873,3895,829.00,93.05,80.35,4.052,0.455,0.393,banana,spoiled
3939884,3896,829.00,93.05,80.35,4.052,0.455,0.393,banana,spoiled
3940895,3897,829.00,93.10,80.40,4.052,0.455,0.393,banana,spoiled
3941906,3898,829.00,93.20,80.40,4.052,0.456,0.393,banana,spoiled
3942917,3899,829.00,93.00,80.50,4.052,0.455,0.393,banana,spoiled
3943928,3900,829.00,93.20,80.35,4.052,0.456,0.393,banana,spoiled
3944939,3901,829.00,93.05,80.50,4.052,0.455,0.393,banana,spoiled
3945950,3902,829.00,93.00,80.65,4.052,0.455,0.394,banana,spoiled
3946961,3903,829.00,93.20,80.50,4.052,0.456,0.393,banana,spoiled
3947972,3904,829.00,93.00,80.40,4.052,0.455,0.393,banana,spoiled
3948983,3905,829.00,93.00,80.55,4.052,0.455,0.394,banana,spoiled
3949995,3906,829.00,93.15,80.55,4.052,0.455,0.394,banana,spoiled
3951005,3907,829.00,93.10,80.70,4.052,0.455,0.394,banana,spoiled
3952016,3908,829.00,93.15,80.35,4.052,0.455,0.393,banana,spoiled
3953028,3909,829.00,93.05,80.35,4.052,0.455,0.393,banana,spoiled
3954038,3910,829.00,93.05,80.45,4.052,0.455,0.393,banana,spoiled
3955049,3911,829.00,93.05,80.75,4.052,0.455,0.395,banana,spoiled
3956061,3912,829.00,93.05,80.60,4.052,0.455,0.394,banana,spoiled
3957071,3913,829.00,93.05,80.60,4.052,0.455,0.394,banana,spoiled
3958082,3914,829.00,93.10,80.45,4.052,0.455,0.393,banana,spoiled
3959094,3915,829.00,93.15,80.55,4.052,0.455,0.394,banana,spoiled
3960104,3916,829.00,93.25,80.60,4.052,0.456,0.394,banana,spoiled
3961115,3917,829.00,93.25,80.40,4.052,0.456,0.393,banana,spoiled
3962127,3918,829.00,93.10,80.60,4.052,0.455,0.394,banana,spoiled
3963138,3919,829.00,93.05,80.55,4.052,0.455,0.394,banana,spoiled
3964148,3920,829.00,93.00,80.55,4.052,0.455,0.394,banana,spoiled
3965160,3921,829.00,93.10,80.65,4.052,0.455,0.394,banana,spoiled
3966171,3922,829.00,93.10,80.65,4.052,0.455,0.394,banana,spoiled
3967182,3923,829.00,93.10,80.35,4.052,0.455,0.393,banana,spoiled
3968193,3924,829.00,93.25,80.45,4.052,0.456,0.393,banana,spoiled
3969204,3925,829.00,93.25,80.70,4.052,0.456,0.394,banana,spoiled
3970215,3926,829.00,93.10,80.35,4.052,0.455,0.393,banana,spoiled
3971226,3927,829.00,93.05,80.50,4.052,0.455,0.393,banana,spoiled
3972237,3928,829.00,93.00,80.55,4.052,0.455,0.394,banana,spoiled
3973249,3929,829.00,93.00,80.55,4.052,0.455,0.394,banana,spoiled
3974259,3930,829.00,93.05,80.60,4.052,0.455,0.394,banana,spoiled
3975270,3931,829.00,93.25,80.55,4.052,0.456,0.394,banana,spoiled
3976282,3932,829.00,93.15,80.65,4.052,0.455,0.394,banana,spoiled
3977292,3933,829.00,93.05,80.50,4.052,0.455,0.393,banana,spoiled
3978303,3934,829.00,93.00,80.45,4.052,0.455,0.393,banana,spoiled
3979315,3935,829.00,93.20,80.50,4.052,0.456,0.393,banana,spoiled
3980325,3936,829.00,93.05,80.60,4.052,0.455,0.394,banana,spoiled
3981336,3937,829.00,93.15,80.55,4.052,0.455,0.394,banana,spoiled
3982348,3938,829.00,93.15,80.80,4.052,0.455,0.395,banana,spoiled
3983358,3939,829.00,93.15,80.50,4.052,0.455,0.393,banana,spoiled
3984369,3940,829.00,93.15,80.40,4.052,0.455,0.393,banana,spoiled
3985381,3941,829.00,93.20,80.45,4.052,0.456,0.393,banana,spoiled
3986392,3942,829.00,93.20,80.45,4.052,0.456,0.393,banana,spoiled
3987402,3943,829.00,93.15,80.65,4.052,0.455,0.394,banana,spoiled
3988414,3944,829.00,93.15,80.70,4.052,0.455,0.394,banana,spoiled
3989425,3945,829.00,93.10,80.60,4.052,0.455,0.394,banana,spoiled
3990436,3946,829.00,93.00,80.55,4.052,0.455,0.394,banana,spoiled
3991447,3947,829.00,93.40,80.65,4.052,0.457,0.394,banana,spoiled
3992458,3948,829.00,93.45,80.45,4.052,0.457,0.393,banana,spoiled
3993469,3949,829.00,93.30,80.50,4.052,0.456,0.393,banana,spoiled
3994480,3950,829.00,93.15,80.80,4.052,0.455,0.395,banana,spoiled
3995491,3951,829.00,93.35,80.70,4.052,0.456,0.394,banana,spoiled
3996503,3952,829.00,93.20,80.70,4.052,0.456,0.394,banana,spoiled
3997513,3953,829.00,93.15,80.75,4.052,0.455,0.395,banana,spoiled
3998524,3954,829.00,93.15,80.80,4.052,0.455,0.395,banana,spoiled
3999536,3955,829.00,93.10,80.65,4.052,0.455,0.394,banana,spoiled
4000546,3956,829.00,93.30,80.80,4.052,0.456,0.395,banana,spoiled
4001557,3957,829.00,93.25,80.75,4.052,0.456,0.395,banana,spoiled
4002569,3958,829.00,93.25,80.70,4.052,0.456,0.394,banana,spoiled
4003579,3959,829.00,93.20,80.70,4.052,0.456,0.394,banana,spoiled
4004590,3960,829.00,93.30,80.65,4.052,0.456,0.394,banana,spoiled
4005602,3961,829.00,93.10,80.70,4.052,0.455,0.394,banana,spoiled
4006612,3962,829.00,93.30,80.80,4.052,0.456,0.395,banana,spoiled
4007623,3963,829.00,93.35,80.45,4.052,0.456,0.393,banana,spoiled
4008635,3964,829.00,93.40,80.75,4.052,0.457,0.395,banana,spoiled
4009646,3965,829.00,93.40,80.60,4.052,0.457,0.394,banana,spoiled
4010656,3966,829.00,93.20,80.60,4.052,0.456,0.394,banana,spoiled
4011668,3967,829.00,93.55,80.65,4.052,0.457,0.394,banana,spoiled
4012679,3968,829.00,93.15,80.65,4.052,0.455,0.394,banana,spoiled
4013689,3969,829.00,93.35,80.60,4.052,0.456,0.394,banana,spoiled
4014701,3970,829.00,93.20,80.65,4.052,0.456,0.394,banana,spoiled
4015712,3971,829.00,93.30,80.75,4.052,0.456,0.395,banana,spoiled
4016723,3972,829.00,93.30,80.70,4.052,0.456,0.394,banana,spoiled
4017734,3973,829.05,93.25,80.65,4.052,0.456,0.394,banana,spoiled
4018745,3974,829.00,93.30,80.65,4.052,0.456,0.394,banana,spoiled
4019757,3975,829.00,93.40,80.55,4.052,0.457,0.394,banana,spoiled
4020767,3976,829.00,93.35,80.65,4.052,0.456,0.394,banana,spoiled
4021778,3977,829.00,93.05,80.50,4.052,0.455,0.393,banana,spoiled
4022790,3978,829.00,93.35,80.75,4.052,0.456,0.395,banana,spoiled
4023800,3979,829.00,93.45,80.50,4.052,0.457,0.393,banana,spoiled
4024811,3980,829.00,93.25,80.45,4.052,0.456,0.393,banana,spoiled
4025823,3981,829.00,93.35,80.65,4.052,0.456,0.394,banana,spoiled
4026833,3982,829.00,93.50,80.60,4.052,0.457,0.394,banana,spoiled
4027844,3983,829.00,93.35,80.65,4.052,0.456,0.394,banana,spoiled
4028856,3984,829.00,93.50,80.60,4.052,0.457,0.394,banana,spoiled
4029867,3985,829.00,93.10,80.80,4.052,0.455,0.395,banana,spoiled
4030877,3986,829.00,93.40,80.50,4.052,0.457,0.393,banana,spoiled
4031889,3987,829.05,93.35,80.85,4.052,0.456,0.395,banana,spoiled
4032900,3988,829.00,93.30,80.65,4.052,0.456,0.394,banana,spoiled
4033910,3989,829.00,93.30,80.75,4.052,0.456,0.395,banana,spoiled
4034922,3990,829.00,93.45,80.85,4.052,0.457,0.395,banana,spoiled
4035933,3991,829.00,93.55,80.65,4.052,0.457,0.394,banana,spoiled
4036943,3992,829.00,93.35,80.80,4.052,0.456,0.395,banana,spoiled
4037955,3993,829.00,93.65,80.75,4.052,0.458,0.395,banana,spoiled
4038966,3994,829.00,93.70,80.85,4.052,0.458,0.395,banana,spoiled
4039976,3995,829.00,93.35,80.75,4.052,0.456,0.395,banana,spoiled
4040988,3996,829.00,93.60,80.85,4.052,0.457,0.395,banana,spoiled
4041999,3997,829.00,93.40,80.65,4.052,0.457,0.394,banana,spoiled
4043011,3998,829.00,93.35,80.85,4.052,0.456,0.395,banana,spoiled
4044021,3999,829.00,93.40,80.75,4.052,0.457,0.395,banana,spoiled
4045032,4000,829.00,93.55,80.75,4.052,0.457,0.395,banana,spoiled
4046044,4001,829.00,93.45,80.70,4.052,0.457,0.394,banana,spoiled
4047054,4002,829.00,93.40,80.75,4.052,0.457,0.395,banana,spoiled
4048065,4003,829.00,93.50,80.75,4.052,0.457,0.395,banana,spoiled
4049077,4004,829.00,93.45,80.70,4.052,0.457,0.394,banana,spoiled
4050087,4005,829.00,93.50,80.85,4.052,0.457,0.395,banana,spoiled
4051098,4006,829.00,93.55,80.65,4.052,0.457,0.394,banana,spoiled
4052110,4007,829.00,93.40,80.75,4.052,0.457,0.395,banana,spoiled
4053121,4008,829.00,93.45,80.75,4.052,0.457,0.395,banana,spoiled
4054131,4009,829.00,93.50,80.50,4.052,0.457,0.393,banana,spoiled
4055143,4010,829.00,93.20,80.70,4.052,0.456,0.394,banana,spoiled
4056154,4011,829.00,93.10,80.60,4.052,0.455,0.394,banana,spoiled
4057164,4012,829.00,93.50,80.65,4.052,0.457,0.394,banana,spoiled
4058176,4013,829.00,93.20,80.50,4.052,0.456,0.393,banana,spoiled
4059187,4014,829.00,93.15,80.65,4.052,0.455,0.394,banana,spoiled
4060197,4015,829.00,93.30,80.70,4.052,0.456,0.394,banana,spoiled
4061209,4016,829.00,93.35,80.60,4.052,0.456,0.394,banana,spoiled
4062220,4017,829.00,93.35,80.55,4.052,0.456,0.394,banana,spoiled
4063230,4018,829.05,93.20,80.45,4.052,0.456,0.393,banana,spoiled
4064242,4019,829.00,93.25,80.45,4.052,0.456,0.393,banana,spoiled
4065253,4020,829.00,93.20,80.50,4.052,0.456,0.393,banana,spoiled
4066264,4021,829.00,93.20,80.55,4.052,0.456,0.394,banana,spoiled
4067275,4022,829.00,93.25,80.55,4.052,0.456,0.394,banana,spoiled
4068286,4023,829.00,93.15,80.50,4.052,0.455,0.393,banana,spoiled
4069297,4024,829.00,93.30,80.50,4.052,0.456,0.393,banana,spoiled
4070308,4025,829.00,93.25,80.50,4.052,0.456,0.393,banana,spoiled
4071319,4026,829.00,93.35,80.45,4.052,0.456,0.393,banana,spoiled
4072330,4027,829.00,93.20,80.60,4.052,0.456,0.394,banana,spoiled
4073341,4028,829.00,93.30,80.55,4.052,0.456,0.394,banana,spoiled
4074352,4029,829.00,93.20,80.45,4.052,0.456,0.393,banana,spoiled
4075364,4030,829.00,93.35,80.50,4.052,0.456,0.393,banana,spoiled
4076375,4031,829.00,93.25,80.35,4.052,0.456,0.393,banana,spoiled
4077385,4032,829.00,93.40,80.60,4.052,0.457,0.394,banana,spoiled
4078397,4033,829.00,93.20,80.50,4.052,0.456,0.393,banana,spoiled
4079408,4034,829.05,93.25,80.65,4.052,0.456,0.394,banana,spoiled
4080418,4035,829.00,93.15,80.60,4.052,0.455,0.394,banana,spoiled
4081430,4036,829.00,93.00,80.65,4.052,0.455,0.394,banana,spoiled
4082441,4037,829.00,93.20,80.55,4.052,0.456,0.394,banana,spoiled
4083451,4038,829.00,93.20,80.55,4.052,0.456,0.394,banana,spoiled
4084463,4039,829.00,93.25,80.40,4.052,0.456,0.393,banana,spoiled
4085474,4040,829.05,93.35,80.50,4.052,0.456,0.393,banana,spoiled
4086484,4041,829.05,93.15,80.60,4.052,0.455,0.394,banana,spoiled
4087496,4042,829.00,93.10,80.70,4.052,0.455,0.394,banana,spoiled
4088507,4043,829.05,93.30,80.60,4.052,0.456,0.394,banana,spoiled
4089518,4044,829.05,93.25,80.50,4.052,0.456,0.393,banana,spoiled
4090529,4045,829.00,93.25,80.65,4.052,0.456,0.394,banana,spoiled
4091540,4046,829.00,93.25,80.45,4.052,0.456,0.393,banana,spoiled
4092551,4047,829.00,93.20,80.55,4.052,0.456,0.394,banana,spoiled
4093562,4048,829.00,93.15,80.40,4.052,0.455,0.393,banana,spoiled
4094573,4049,829.05,93.20,80.45,4.052,0.456,0.393,banana,spoiled
4095584,4050,829.00,93.20,80.60,4.052,0.456,0.394,banana,spoiled
4096595,4051,829.00,93.15,80.35,4.052,0.455,0.393,banana,spoiled
4097606,4052,829.00,93.15,80.45,4.052,0.455,0.393,banana,spoiled
4098618,4053,829.05,93.15,80.30,4.052,0.455,0.392,banana,spoiled
4099629,4054,829.05,93.25,80.70,4.052,0.456,0.394,banana,spoiled
4100639,4055,829.00,93.20,80.50,4.052,0.456,0.393,banana,spoiled
4101651,4056,829.05,93.15,80.55,4.052,0.455,0.394,banana,spoiled
4102662,4057,829.00,93.20,80.50,4.052,0.456,0.393,banana,spoiled
4103672,4058,829.00,93.15,80.35,4.052,0.455,0.393,banana,spoiled
4104684,4059,829.00,93.10,80.45,4.052,0.455,0.393,banana,spoiled
4105695,4060,829.10,93.10,80.45,4.052,0.455,0.393,banana,spoiled
4106705,4061,829.00,93.20,80.35,4.052,0.456,0.393,banana,spoiled
4107717,4062,829.00,93.05,80.45,4.052,0.455,0.393,banana,spoiled
4108728,4063,829.00,93.10,80.55,4.052,0.455,0.394,banana,spoiled
4109739,4064,829.10,93.20,80.40,4.052,0.456,0.393,banana,spoiled
4110750,4065,829.05,93.15,80.40,4.052,0.455,0.393,banana,spoiled
4111761,4066,829.10,93.10,80.30,4.052,0.455,0.392,banana,spoiled
4112772,4067,829.00,93.05,80.35,4.052,0.455,0.393,banana,spoiled
4113783,4068,829.00,93.10,80.50,4.052,0.455,0.393,banana,spoiled
4114794,4069,829.00,93.05,80.20,4.052,0.455,0.392,banana,spoiled
4115805,4070,829.00,93.00,80.40,4.052,0.455,0.393,banana,spoiled
4116816,4071,829.00,93.00,80.30,4.052,0.455,0.392,banana,spoiled
4117827,4072,829.00,93.00,80.20,4.052,0.455,0.392,banana,spoiled
4118838,4073,829.00,93.05,80.30,4.052,0.455,0.392,banana,spoiled
4119849,4074,829.05,93.10,80.35,4.052,0.455,0.393,banana,spoiled
4120860,4075,829.00,93.05,80.20,4.052,0.455,0.392,banana,spoiled
4121871,4076,829.10,93.10,80.40,4.052,0.455,0.393,banana,spoiled
4122883,4077,829.00,93.05,80.20,4.052,0.455,0.392,banana,spoiled
4123893,4078,829.00,93.00,80.30,4.052,0.455,0.392,banana,spoiled
4124905,4079,829.00,93.00,80.35,4.052,0.455,0.393,banana,spoiled
4125916,4080,829.05,93.10,80.30,4.052,0.455,0.392,banana,spoiled
4126926,4081,829.00,93.05,80.15,4.052,0.455,0.392,banana,spoiled
4127938,4082,829.00,93.10,80.55,4.052,0.455,0.394,banana,spoiled
4128949,4083,829.00,93.10,80.60,4.052,0.455,0.394,banana,spoiled
4129959,4084,829.00,93.20,80.20,4.052,0.456,0.392,banana,spoiled
4130971,4085,829.05,93.00,80.50,4.052,0.455,0.393,banana,spoiled
4131982,4086,829.05,93.00,80.30,4.052,0.455,0.392,banana,spoiled
4132993,4087,829.00,93.00,80.40,4.052,0.455,0.393,banana,spoiled
4134004,4088,829.00,93.00,80.40,4.052,0.455,0.393,banana,spoiled
4135015,4089,829.10,93.00,80.50,4.052,0.455,0.393,banana,spoiled
4136026,4090,829.00,93.00,80.30,4.052,0.455,0.392,banana,spoiled
4137037,4091,829.05,93.00,80.25,4.052,0.455,0.392,banana,spoiled
4138048,4092,829.00,93.15,80.30,4.052,0.455,0.392,banana,spoiled
4139059,4093,829.05,93.05,80.45,4.052,0.455,0.393,banana,spoiled
4140070,4094,829.05,93.10,80.60,4.052,0.455,0.394,banana,spoiled
4141081,4095,829.15,93.15,80.35,4.053,0.455,0.393,banana,spoiled
4142092,4096,829.05,93.00,80.45,4.052,0.455,0.393,banana,spoiled
4143104,4097,829.00,93.05,80.25,4.052,0.455,0.392,banana,spoiled
4144114,4098,829.10,93.00,80.55,4.052,0.455,0.394,banana,spoiled
4145125,4099,829.00,93.00,80.70,4.052,0.455,0.394,banana,spoiled
4146137,4100,829.00,93.30,80.40,4.052,0.456,0.393,banana,spoiled
4147147,4101,829.20,93.05,80.60,4.053,0.455,0.394,banana,spoiled
4148158,4102,829.00,93.05,80.55,4.052,0.455,0.394,banana,spoiled
4149170,4103,829.00,93.05,80.35,4.052,0.455,0.393,banana,spoiled
4150180,4104,829.05,93.00,80.45,4.052,0.455,0.393,banana,spoiled
4151191,4105,829.10,93.00,80.55,4.052,0.455,0.394,banana,spoiled
4152203,4106,829.00,93.05,80.65,4.052,0.455,0.394,banana,spoiled
4153213,4107,829.05,93.00,80.40,4.052,0.455,0.393,banana,spoiled
4154225,4108,829.05,93.05,80.50,4.052,0.455,0.393,banana,spoiled
4155236,4109,829.10,93.00,80.50,4.052,0.455,0.393,banana,spoiled
4156247,4110,829.05,93.00,80.70,4.052,0.455,0.394,banana,spoiled
4157258,4111,829.20,93.05,80.35,4.053,0.455,0.393,banana,spoiled
4158269,4112,829.20,93.00,80.50,4.053,0.455,0.393,banana,spoiled
4159280,4113,829.10,93.00,80.40,4.052,0.455,0.393,banana,spoiled
4160291,4114,829.10,93.05,80.55,4.052,0.455,0.394,banana,spoiled
4161302,4115,829.10,93.05,80.55,4.052,0.455,0.394,banana,spoiled
4162313,4116,829.10,93.00,80.40,4.052,0.455,0.393,banana,spoiled
4163324,4117,829.05,93.15,80.75,4.052,0.455,0.395,banana,spoiled
4164335,4118,829.25,93.05,80.55,4.053,0.455,0.394,banana,spoiled
4165346,4119,829.15,93.00,80.70,4.053,0.455,0.394,banana,spoiled
4166358,4120,829.10,93.00,80.35,4.052,0.455,0.393,banana,spoiled
4167368,4121,829.05,93.05,80.55,4.052,0.455,0.394,banana,spoiled
4168379,4122,829.25,93.05,80.40,4.053,0.455,0.393,banana,spoiled
4169391,4123,829.20,93.00,80.45,4.053,0.455,0.393,banana,spoiled
4170401,4124,829.10,93.00,80.45,4.052,0.455,0.393,banana,spoiled
4171412,4125,829.10,93.00,80.60,4.052,0.455,0.394,banana,spoiled
4172424,4126,829.20,93.05,80.70,4.053,0.455,0.394,banana,spoiled
4173434,4127,829.05,93.10,80.65,4.052,0.455,0.394,banana,spoiled
4174445,4128,829.25,93.05,80.55,4.053,0.455,0.394,banana,spoiled
4175457,4129,829.40,93.15,80.60,4.054,0.455,0.394,banana,spoiled
4176467,4130,829.25,93.00,80.45,4.053,0.455,0.393,banana,spoiled
4177479,4131,829.15,93.00,80.75,4.053,0.455,0.395,banana,spoiled
4178490,4132,829.25,93.05,80.60,4.053,0.455,0.394,banana,spoiled
4179501,4133,829.15,93.00,80.55,4.053,0.455,0.394,banana,spoiled
4180512,4134,829.45,93.10,80.70,4.054,0.455,0.394,banana,spoiled
4181523,4135,829.25,93.05,80.55,4.053,0.455,0.394,banana,spoiled
4182534,4136,829.50,93.05,80.50,4.054,0.455,0.393,banana,spoiled
4183545,4137,829.30,93.05,80.55,4.053,0.455,0.394,banana,spoiled
4184556,4138,829.35,93.05,80.45,4.054,0.455,0.393,banana,spoiled
4185567,4139,829.50,93.00,80.65,4.054,0.455,0.394,banana,spoiled
4186578,4140,829.55,93.05,80.60,4.054,0.455,0.394,banana,spoiled
4187589,4141,829.55,93.10,80.80,4.054,0.455,0.395,banana,spoiled
4188600,4142,829.50,93.00,80.75,4.054,0.455,0.395,banana,spoiled
4189612,4143,829.65,93.05,80.60,4.055,0.455,0.394,banana,spoiled
4190622,4144,829.65,93.00,80.85,4.055,0.455,0.395,banana,spoiled
4191633,4145,829.55,93.00,80.75,4.054,0.455,0.395,banana,spoiled
4192645,4146,829.65,93.00,80.70,4.055,0.455,0.394,banana,spoiled
4193655,4147,829.70,93.20,80.80,4.055,0.456,0.395,banana,spoiled
4194666,4148,829.60,93.00,80.75,4.055,0.455,0.395,banana,spoiled
4195678,4149,829.65,93.05,80.80,4.055,0.455,0.395,banana,spoiled
4196688,4150,829.65,93.00,80.70,4.055,0.455,0.394,banana,spoiled
4197699,4151,829.65,93.00,80.85,4.055,0.455,0.395,banana,spoiled
4198711,4152,829.75,93.15,80.60,4.055,0.455,0.394,banana,spoiled
4199721,4153,829.70,93.15,80.75,4.055,0.455,0.395,banana,spoiled
4200733,4154,829.50,93.05,80.80,4.054,0.455,0.395,banana,spoiled
4201744,4155,829.75,93.00,81.00,4.055,0.455,0.396,banana,spoiled
4202755,4156,829.60,93.05,80.80,4.055,0.455,0.395,banana,spoiled
4203766,4157,829.90,93.00,80.80,4.056,0.455,0.395,banana,spoiled
4204777,4158,829.85,93.00,80.70,4.056,0.455,0.394,banana,spoiled
4205788,4159,829.80,93.05,80.65,4.056,0.455,0.394,banana,spoiled
4206799,4160,829.75,93.10,80.60,4.055,0.455,0.394,banana,spoiled
4207810,4161,829.85,93.10,80.80,4.056,0.455,0.395,banana,spoiled
4208821,4162,829.95,93.05,80.85,4.056,0.455,0.395,banana,spoiled
4209832,4163,829.90,93.00,80.70,4.056,0.455,0.394,banana,spoiled
4210843,4164,829.90,93.05,80.85,4.056,0.455,0.395,banana,spoiled
4211854,4165,829.90,93.10,80.65,4.056,0.455,0.394,banana,spoiled
4212866,4166,829.95,93.15,80.70,4.056,0.455,0.394,banana,spoiled
4213876,4167,829.90,93.10,80.85,4.056,0.455,0.395,banana,spoiled
4214887,4168,830.00,93.00,80.70,4.057,0.455,0.394,banana,spoiled
4215899,4169,829.95,93.00,80.75,4.056,0.455,0.395,banana,spoiled
4216909,4170,830.00,93.00,80.95,4.057,0.455,0.396,banana,spoiled
4217920,4171,829.95,93.05,80.85,4.056,0.455,0.395,banana,spoiled
4218932,4172,829.95,93.05,80.70,4.056,0.455,0.394,banana,spoiled
4219942,4173,829.95,93.05,80.85,4.056,0.455,0.395,banana,spoiled
4220953,4174,829.90,93.05,80.90,4.056,0.455,0.395,banana,spoiled
4221965,4175,830.00,93.00,80.75,4.057,0.455,0.395,banana,spoiled
4222976,4176,830.00,93.00,80.90,4.057,0.455,0.395,banana,spoiled
4223986,4177,830.00,93.00,80.85,4.057,0.455,0.395,banana,spoiled
4224998,4178,829.95,93.00,80.80,4.056,0.455,0.395,banana,spoiled
4226009,4179,829.90,93.10,80.90,4.056,0.455,0.395,banana,spoiled
4227019,4180,830.00,93.05,80.85,4.057,0.455,0.395,banana,spoiled
4228031,4181,830.00,93.10,80.95,4.057,0.455,0.396,banana,spoiled
4229042,4182,830.00,93.15,80.95,4.057,0.455,0.396,banana,spoiled
4230053,4183,830.00,93.25,80.70,4.057,0.456,0.394,banana,spoiled
4231064,4184,830.00,93.20,80.85,4.057,0.456,0.395,banana,spoiled
4232075,4185,830.00,93.20,80.90,4.057,0.456,0.395,banana,spoiled
4233086,4186,830.00,93.00,80.90,4.057,0.455,0.395,banana,spoiled
4234097,4187,830.00,93.05,80.85,4.057,0.455,0.395,banana,spoiled
4235108,4188,830.00,93.15,80.95,4.057,0.455,0.396,banana,spoiled
4236120,4189,830.00,93.00,80.95,4.057,0.455,0.396,banana,spoiled
4237130,4190,830.00,93.20,80.70,4.057,0.456,0.394,banana,spoiled
4238141,4191,830.00,93.15,81.00,4.057,0.455,0.396,banana,spoiled
4239153,4192,830.00,93.20,80.85,4.057,0.456,0.395,banana,spoiled
4240163,4193,830.00,93.15,80.90,4.057,0.455,0.395,banana,spoiled
4241174,4194,830.00,93.00,80.95,4.057,0.455,0.396,banana,spoiled
4242186,4195,830.00,93.25,80.85,4.057,0.456,0.395,banana,spoiled
4243196,4196,830.00,93.20,80.80,4.057,0.456,0.395,banana,spoiled
4244207,4197,830.00,93.15,80.80,4.057,0.455,0.395,banana,spoiled
4245219,4198,830.00,93.15,80.90,4.057,0.455,0.395,banana,spoiled
4246230,4199,830.00,93.15,80.75,4.057,0.455,0.395,banana,spoiled
4247240,4200,830.00,93.05,80.80,4.057,0.455,0.395,banana,spoiled
4248252,4201,830.00,93.25,80.90,4.057,0.456,0.395,banana,spoiled
4249263,4202,830.00,93.05,80.85,4.057,0.455,0.395,banana,spoiled
4250273,4203,830.00,93.25,80.90,4.057,0.456,0.395,banana,spoiled
4251285,4204,830.00,93.25,80.80,4.057,0.456,0.395,banana,spoiled
4252296,4205,830.00,93.00,80.90,4.057,0.455,0.395,banana,spoiled
4253306,4206,830.00,93.15,80.80,4.057,0.455,0.395,banana,spoiled
4254318,4207,830.00,93.25,80.80,4.057,0.456,0.395,banana,spoiled
4255329,4208,830.00,93.20,80.90,4.057,0.456,0.395,banana,spoiled
4256339,4209,830.00,93.30,80.95,4.057,0.456,0.396,banana,spoiled
4257351,4210,830.00,93.20,80.90,4.057,0.456,0.395,banana,spoiled
4258362,4211,830.00,93.30,80.85,4.057,0.456,0.395,banana,spoiled
4259373,4212,830.00,93.45,80.85,4.057,0.457,0.395,banana,spoiled
4260384,4213,830.00,93.25,80.85,4.057,0.456,0.395,banana,spoiled
4261395,4214,830.00,93.25,80.85,4.057,0.456,0.395,banana,spoiled
4262407,4215,830.00,93.30,80.70,4.057,0.456,0.394,banana,spoiled
4263417,4216,830.00,93.35,80.90,4.057,0.456,0.395,banana,spoiled
4264428,4217,830.00,93.30,80.90,4.057,0.456,0.395,banana,spoiled
4265440,4218,830.00,93.40,81.00,4.057,0.457,0.396,banana,spoiled
4266450,4219,830.00,93.35,80.95,4.057,0.456,0.396,banana,spoiled
4267461,4220,830.00,93.50,81.00,4.057,0.457,0.396,banana,spoiled
4268473,4221,830.00,93.55,80.95,4.057,0.457,0.396,banana,spoiled
4269484,4222,830.00,93.30,81.00,4.057,0.456,0.396,banana,spoiled
4270494,4223,830.00,93.30,80.85,4.057,0.456,0.395,banana,spoiled
4271506,4224,830.00,93.40,80.85,4.057,0.457,0.395,banana,spoiled
4272517,4225,830.00,93.35,80.95,4.057,0.456,0.396,banana,spoiled
4273527,4226,830.00,93.50,80.95,4.057,0.457,0.396,banana,spoiled
4274539,4227,830.00,93.30,80.75,4.057,0.456,0.395,banana,spoiled
4275550,4228,830.00,93.40,80.90,4.057,0.457,0.395,banana,spoiled
4276560,4229,830.00,93.50,80.85,4.057,0.457,0.395,banana,spoiled
4277572,4230,830.00,93.25,80.90,4.057,0.456,0.395,banana,spoiled
4278583,4231,830.00,93.40,80.90,4.057,0.457,0.395,banana,spoiled
4279593,4232,830.00,93.60,80.85,4.057,0.457,0.395,banana,spoiled
4280605,4233,830.00,93.45,81.00,4.057,0.457,0.396,banana,spoiled
4281616,4234,830.00,93.60,80.85,4.057,0.457,0.395,banana,spoiled
4282627,4235,830.00,93.45,80.85,4.057,0.457,0.395,banana,spoiled
4283638,4236,830.00,93.55,80.80,4.057,0.457,0.395,banana,spoiled
4284649,4237,830.00,93.45,80.65,4.057,0.457,0.394,banana,spoiled
4285660,4238,830.00,93.20,80.95,4.057,0.456,0.396,banana,spoiled
4286671,4239,830.00,93.80,80.85,4.057,0.458,0.395,banana,spoiled
4287682,4240,830.00,93.65,80.80,4.057,0.458,0.395,banana,spoiled
4288693,4241,830.00,93.45,80.90,4.057,0.457,0.395,banana,spoiled
4289704,4242,830.00,93.45,80.95,4.057,0.457,0.396,banana,spoiled
4290715,4243,830.00,93.35,80.95,4.057,0.456,0.396,banana,spoiled
4291726,4244,830.00,93.50,80.80,4.057,0.457,0.395,banana,spoiled
4292738,4245,830.00,93.30,80.85,4.057,0.456,0.395,banana,spoiled
4293748,4246,830.00,93.30,80.85,4.057,0.456,0.395,banana,spoiled
4294759,4247,829.95,93.50,80.85,4.056,0.457,0.395,banana,spoiled
4295771,4248,830.00,93.40,80.85,4.057,0.457,0.395,banana,spoiled
4296781,4249,829.95,93.45,80.80,4.056,0.457,0.395,banana,spoiled
4297792,4250,830.00,93.20,80.85,4.057,0.456,0.395,banana,spoiled
4298804,4251,830.00,93.45,80.90,4.057,0.457,0.395,banana,spoiled
4299814,4252,830.00,93.55,80.85,4.057,0.457,0.395,banana,spoiled
4300826,4253,829.95,93.35,80.70,4.056,0.456,0.394,banana,spoiled
4301837,4254,830.00,93.55,80.80,4.057,0.457,0.395,banana,spoiled
4302848,4255,830.00,93.30,80.80,4.057,0.456,0.395,banana,spoiled
4303859,4256,830.00,93.40,80.85,4.057,0.457,0.395,banana,spoiled
4304870,4257,830.00,93.40,80.85,4.057,0.457,0.395,banana,spoiled
4305881,4258,830.00,93.50,80.85,4.057,0.457,0.395,banana,spoiled
4306892,4259,829.95,93.20,80.75,4.056,0.456,0.395,banana,spoiled
4307903,4260,829.95,93.40,80.90,4.056,0.457,0.395,banana,spoiled
4308914,4261,830.00,93.30,80.95,4.057,0.456,0.396,banana,spoiled
4309925,4262,830.00,93.30,80.75,4.057,0.456,0.395,banana,spoiled
4310936,4263,830.00,93.45,80.90,4.057,0.457,0.395,banana,spoiled
4311947,4264,829.95,93.45,80.95,4.056,0.457,0.396,banana,spoiled
4312958,4265,829.95,93.30,80.85,4.056,0.456,0.395,banana,spoiled
4313969,4266,829.95,93.30,80.85,4.056,0.456,0.395,banana,spoiled
4314980,4267,830.00,93.45,80.75,4.057,0.457,0.395,banana,spoiled
4315992,4268,830.00,93.40,80.90,4.057,0.457,0.395,banana,spoiled
4317002,4269,830.00,93.25,80.95,4.057,0.456,0.396,banana,spoiled
4318013,4270,829.90,93.45,80.90,4.056,0.457,0.395,banana,spoiled
4319025,4271,829.95,93.35,80.90,4.056,0.456,0.395,banana,spoiled
4320035,4272,829.95,93.40,80.75,4.056,0.457,0.395,banana,spoiled
4321046,4273,830.00,93.40,80.60,4.057,0.457,0.394,banana,spoiled
4322058,4274,829.90,93.20,80.65,4.056,0.456,0.394,banana,spoiled
4323068,4275,829.90,93.20,80.85,4.056,0.456,0.395,banana,spoiled
4324080,4276,829.95,93.25,80.80,4.056,0.456,0.395,banana,spoiled
4325091,4277,829.80,93.35,80.70,4.056,0.456,0.394,banana,spoiled
4326102,4278,829.85,93.40,80.60,4.056,0.457,0.394,banana,spoiled
4327113,4279,829.75,93.35,80.65,4.055,0.456,0.394,banana,spoiled
4328124,4280,829.65,93.10,80.75,4.055,0.455,0.395,banana,spoiled
4329135,4281,829.85,93.20,80.75,4.056,0.456,0.395,banana,spoiled
4330146,4282,829.90,93.20,80.80,4.056,0.456,0.395,banana,spoiled
4331157,4283,829.95,93.30,80.50,4.056,0.456,0.393,banana,spoiled
4332168,4284,829.85,93.35,80.60,4.056,0.456,0.394,banana,spoiled
4333179,4285,829.90,93.20,80.60,4.056,0.456,0.394,banana,spoiled
4334190,4286,829.80,93.25,80.75,4.056,0.456,0.395,banana,spoiled
4335201,4287,829.85,93.20,80.50,4.056,0.456,0.393,banana,spoiled
4336212,4288,829.90,93.30,80.85,4.056,0.456,0.395,banana,spoiled
4337223,4289,829.85,93.15,80.60,4.056,0.455,0.394,banana,spoiled
4338234,4290,829.75,93.35,80.45,4.055,0.456,0.393,banana,spoiled
4339246,4291,829.70,93.40,80.65,4.055,0.457,0.394,banana,spoiled
4340256,4292,829.80,93.40,80.60,4.056,0.457,0.394,banana,spoiled
4341268,4293,829.95,93.35,80.50,4.056,0.456,0.393,banana,spoiled
4342279,4294,829.90,93.20,80.55,4.056,0.456,0.394,banana,spoiled
4343289,4295,829.35,93.15,80.60,4.054,0.455,0.394,banana,spoiled
4344301,4296,829.70,93.25,80.75,4.055,0.456,0.395,banana,spoiled
4345312,4297,829.55,93.25,80.45,4.054,0.456,0.393,banana,spoiled
4346322,4298,829.60,93.10,80.45,4.055,0.455,0.393,banana,spoiled
4347334,4299,829.70,93.25,80.50,4.055,0.456,0.393,banana,spoiled
4348345,4300,829.75,93.20,80.60,4.055,0.456,0.394,banana,spoiled
4349356,4301,829.65,93.10,80.60,4.055,0.455,0.394,banana,spoiled
4350367,4302,829.75,93.30,80.40,4.055,0.456,0.393,banana,spoiled
4351378,4303,829.70,93.10,80.35,4.055,0.455,0.393,banana,spoiled
4352389,4304,829.80,93.25,80.55,4.056,0.456,0.394,banana,spoiled
4353400,4305,829.60,93.40,80.50,4.055,0.457,0.393,banana,spoiled
4354411,4306,829.70,93.35,80.30,4.055,0.456,0.392,banana,spoiled
4355422,4307,829.65,93.05,80.40,4.055,0.455,0.393,banana,spoiled
4356433,4308,829.70,93.15,80.45,4.055,0.455,0.393,banana,spoiled
4357444,4309,829.90,93.15,80.40,4.056,0.455,0.393,banana,spoiled
4358455,4310,829.85,93.20,80.35,4.056,0.456,0.393,banana,spoiled
4359467,4311,829.85,93.30,80.45,4.056,0.456,0.393,banana,spoiled
4360477,4312,829.75,93.35,80.45,4.055,0.456,0.393,banana,spoiled
4361489,4313,829.75,93.30,80.50,4.055,0.456,0.393,banana,spoiled
4362500,4314,829.65,93.30,80.50,4.055,0.456,0.393,banana,spoiled
4363510,4315,829.55,93.15,80.45,4.054,0.455,0.393,banana,spoiled
4364522,4316,829.75,93.20,80.70,4.055,0.456,0.394,banana,spoiled
4365533,4317,829.65,93.20,80.40,4.055,0.456,0.393,banana,spoiled
4366543,4318,829.80,93.25,80.65,4.056,0.456,0.394,banana,spoiled
4367555,4319,829.50,93.20,80.40,4.054,0.456,0.393,banana,spoiled
4368566,4320,829.85,93.35,80.55,4.056,0.456,0.394,banana,spoiled
4369576,4321,829.80,93.20,80.60,4.056,0.456,0.394,banana,spoiled
4370588,4322,829.85,93.35,80.45,4.056,0.456,0.393,banana,spoiled
4371599,4323,829.75,93.10,80.55,4.055,0.455,0.394,banana,spoiled
4372610,4324,829.80,93.20,80.40,4.056,0.456,0.393,banana,spoiled
4373621,4325,829.60,93.10,80.55,4.055,0.455,0.394,banana,spoiled
4374632,4326,829.70,93.35,80.40,4.055,0.456,0.393,banana,spoiled
4375643,4327,829.55,93.15,80.45,4.054,0.455,0.393,banana,spoiled
4376654,4328,829.60,93.10,80.50,4.055,0.455,0.393,banana,spoiled
4377665,4329,829.50,93.20,80.55,4.054,0.456,0.394,banana,spoiled
4378677,4330,829.65,93.05,80.45,4.055,0.455,0.393,banana,spoiled
4379687,4331,829.65,93.25,80.60,4.055,0.456,0.394,banana,spoiled
4380698,4332,829.80,93.30,80.55,4.056,0.456,0.394,banana,spoiled
4381710,4333,829.90,93.25,80.10,4.056,0.456,0.391,banana,spoiled
4382721,4334,829.85,93.30,80.35,4.056,0.456,0.393,banana,spoiled
4383731,4335,829.70,93.40,80.55,4.055,0.457,0.394,banana,spoiled
4384743,4336,829.85,93.20,80.25,4.056,0.456,0.392,banana,spoiled
4385754,4337,829.70,93.35,80.45,4.055,0.456,0.393,banana,spoiled
4386764,4338,829.75,93.20,80.35,4.055,0.456,0.393,banana,spoiled
4387776,4339,829.85,93.25,80.20,4.056,0.456,0.392,banana,spoiled
4388787,4340,829.80,93.15,80.30,4.056,0.455,0.392,banana,spoiled
4389797,4341,829.55,93.20,80.25,4.054,0.456,0.392,banana,spoiled
4390809,4342,829.65,93.20,80.55,4.055,0.456,0.394,banana,spoiled
4391820,4343,829.70,93.40,80.25,4.055,0.457,0.392,banana,spoiled
4392830,4344,829.90,93.10,80.50,4.056,0.455,0.393,banana,spoiled
4393842,4345,829.80,93.35,80.35,4.056,0.456,0.393,banana,spoiled
4394853,4346,829.70,93.30,80.35,4.055,0.456,0.393,banana,spoiled
4395865,4347,829.70,93.05,80.30,4.055,0.455,0.392,banana,spoiled
4396875,4348,829.70,93.15,80.35,4.055,0.455,0.393,banana,spoiled
4397886,4349,829.45,93.15,80.40,4.054,0.455,0.393,banana,spoiled
4398898,4350,829.60,93.30,80.25,4.055,0.456,0.392,banana,spoiled
4399908,4351,829.75,93.25,80.50,4.055,0.456,0.393,banana,spoiled
4400919,4352,829.80,93.15,80.25,4.056,0.455,0.392,banana,spoiled
4401931,4353,829.75,93.20,80.15,4.055,0.456,0.392,banana,spoiled
4402941,4354,829.55,93.10,80.20,4.054,0.455,0.392,banana,spoiled
4403952,4355,829.70,93.15,80.30,4.055,0.455,0.392,banana,spoiled
4404964,4356,829.70,93.20,80.40,4.055,0.456,0.393,banana,spoiled
4405975,4357,829.70,93.15,80.25,4.055,0.455,0.392,banana,spoiled
4406985,4358,829.50,93.15,80.50,4.054,0.455,0.393,banana,spoiled
4407997,4359,829.55,93.10,80.35,4.054,0.455,0.393,banana,spoiled
4409008,4360,829.50,93.15,80.40,4.054,0.455,0.393,banana,spoiled
4410018,4361,829.55,93.20,80.20,4.054,0.456,0.392,banana,spoiled
4411030,4362,829.60,93.05,80.35,4.055,0.455,0.393,banana,spoiled
4412041,4363,829.65,93.05,80.10,4.055,0.455,0.391,banana,spoiled
4413051,4364,829.75,93.10,80.35,4.055,0.455,0.393,banana,spoiled
4414063,4365,829.90,93.15,80.25,4.056,0.455,0.392,banana,spoiled
4415074,4366,829.95,93.25,80.15,4.056,0.456,0.392,banana,spoiled
4416086,4367,830.00,93.30,80.25,4.057,0.456,0.392,banana,spoiled
4417096,4368,829.75,93.35,80.40,4.055,0.456,0.393,banana,spoiled
4418107,4369,829.80,93.30,80.20,4.056,0.456,0.392,banana,spoiled
4419119,4370,829.85,93.20,80.45,4.056,0.456,0.393,banana,spoiled
4420129,4371,829.70,93.15,80.30,4.055,0.455,0.392,banana,spoiled
4421140,4372,829.80,93.25,80.35,4.056,0.456,0.393,banana,spoiled
4422152,4373,829.80,93.30,80.25,4.056,0.456,0.392,banana,spoiled
4423162,4374,829.85,93.20,80.20,4.056,0.456,0.392,banana,spoiled
4424173,4375,829.70,93.35,80.25,4.055,0.456,0.392,banana,spoiled
4425185,4376,829.55,93.05,80.25,4.054,0.455,0.392,banana,spoiled
4426195,4377,829.45,93.15,80.20,4.054,0.455,0.392,banana,spoiled
4427206,4378,829.65,93.30,80.10,4.055,0.456,0.391,banana,spoiled
4428218,4379,829.65,93.15,80.20,4.055,0.455,0.392,banana,spoiled
4429229,4380,829.85,93.20,80.15,4.056,0.456,0.392,banana,spoiled
4430240,4381,829.70,93.20,80.10,4.055,0.456,0.391,banana,spoiled
4431251,4382,829.75,93.30,80.10,4.055,0.456,0.391,banana,spoiled
4432262,4383,830.00,93.05,80.10,4.057,0.455,0.391,banana,spoiled
4433273,4384,829.65,93.15,80.15,4.055,0.455,0.392,banana,spoiled
4434284,4385,829.95,93.05,80.10,4.056,0.455,0.391,banana,spoiled
4435295,4386,829.95,93.10,80.05,4.056,0.455,0.391,banana,spoiled
4436306,4387,829.80,93.10,80.05,4.056,0.455,0.391,banana,spoiled
4437317,4388,829.85,93.25,80.20,4.056,0.456,0.392,banana,spoiled
4438328,4389,829.95,93.15,80.00,4.056,0.455,0.391,banana,spoiled
4439340,4390,829.85,93.15,80.40,4.056,0.455,0.393,banana,spoiled
4440350,4391,829.95,93.25,80.20,4.056,0.456,0.392,banana,spoiled
4441361,4392,829.85,93.20,80.15,4.056,0.456,0.392,banana,spoiled
4442373,4393,829.90,93.30,80.15,4.056,0.456,0.392,banana,spoiled
4443383,4394,830.00,93.15,80.20,4.057,0.455,0.392,banana,spoiled
4444395,4395,829.85,93.20,80.35,4.056,0.456,0.393,banana,spoiled
4445406,4396,829.85,93.30,80.00,4.056,0.456,0.391,banana,spoiled
4446416,4397,829.90,93.15,80.10,4.056,0.455,0.391,banana,spoiled
4447428,4398,829.90,93.25,80.10,4.056,0.456,0.391,banana,spoiled
4448439,4399,829.90,93.25,80.15,4.056,0.456,0.392,banana,spoiled
4449449,4400,829.90,93.05,80.05,4.056,0.455,0.391,banana,spoiled
4450461,4401,829.85,93.25,80.15,4.056,0.456,0.392,banana,spoiled
4451472,4402,829.85,93.10,80.00,4.056,0.455,0.391,banana,spoiled
4452483,4403,829.95,93.15,80.20,4.056,0.455,0.392,banana,spoiled
4453494,4404,829.85,93.00,80.15,4.056,0.455,0.392,banana,spoiled
4454505,4405,829.90,93.05,80.15,4.056,0.455,0.392,banana,spoiled
4455516,4406,830.00,93.15,80.15,4.057,0.455,0.392,banana,spoiled
4456527,4407,829.80,93.10,80.10,4.056,0.455,0.391,banana,spoiled
4457538,4408,829.80,93.15,80.20,4.056,0.455,0.392,banana,spoiled
4458549,4409,829.85,93.10,80.10,4.056,0.455,0.391,banana,spoiled
4459560,4410,829.70,93.05,80.05,4.055,0.455,0.391,banana,spoiled
4460571,4411,829.80,93.00,80.00,4.056,0.455,0.391,banana,spoiled
4461582,4412,829.80,93.00,80.05,4.056,0.455,0.391,banana,spoiled
4462594,4413,829.75,93.25,80.10,4.055,0.456,0.391,banana,spoiled
4463604,4414,829.80,93.05,80.15,4.056,0.455,0.392,banana,spoiled
4464616,4415,829.95,93.05,80.10,4.056,0.455,0.391,banana,spoiled
4465627,4416,830.00,93.15,80.15,4.057,0.455,0.392,banana,spoiled
4466637,4417,829.95,93.05,80.25,4.056,0.455,0.392,banana,spoiled
4467649,4418,830.00,93.05,80.15,4.057,0.455,0.392,banana,spoiled
4468660,4419,830.00,93.05,80.15,4.057,0.455,0.392,banana,spoiled
4469670,4420,830.00,93.00,80.20,4.057,0.455,0.392,banana,spoiled
4470682,4421,829.95,93.05,80.15,4.056,0.455,0.392,banana,spoiled
4471693,4422,829.95,93.05,80.15,4.056,0.455,0.392,banana,spoiled
4472704,4423,830.00,93.25,80.10,4.057,0.456,0.391,banana,spoiled
4473715,4424,830.00,93.10,80.30,4.057,0.455,0.392,banana,spoiled
4474726,4425,830.00,93.15,80.10,4.057,0.455,0.391,banana,spoiled
4475737,4426,830.00,93.00,80.25,4.057,0.455,0.392,banana,spoiled
4476748,4427,830.00,93.10,80.20,4.057,0.455,0.392,banana,spoiled
4477759,4428,830.00,93.10,80.30,4.057,0.455,0.392,banana,spoiled
4478770,4429,829.95,93.20,80.20,4.056,0.456,0.392,banana,spoiled
4479781,4430,829.95,93.00,80.10,4.056,0.455,0.391,banana,spoiled
4480792,4431,830.00,93.20,80.30,4.057,0.456,0.392,banana,spoiled
4481803,4432,830.00,93.15,80.10,4.057,0.455,0.391,banana,spoiled
4482814,4433,829.95,93.05,80.15,4.056,0.455,0.392,banana,spoiled
4483825,4434,830.00,93.05,80.10,4.057,0.455,0.391,banana,spoiled
4484836,4435,829.95,93.30,80.20,4.056,0.456,0.392,banana,spoiled
4485848,4436,829.95,93.10,80.25,4.056,0.455,0.392,banana,spoiled
4486858,4437,830.00,93.20,80.10,4.057,0.456,0.391,banana,spoiled
4487870,4438,830.00,93.20,80.20,4.057,0.456,0.392,banana,spoiled
4488881,4439,830.00,93.15,80.15,4.057,0.455,0.392,banana,spoiled
4489891,4440,830.00,93.15,80.15,4.057,0.455,0.392,banana,spoiled
4490903,4441,830.00,93.05,80.15,4.057,0.455,0.392,banana,spoiled
4491914,4442,830.00,93.05,80.20,4.057,0.455,0.392,banana,spoiled
4492924,4443,830.00,93.15,80.15,4.057,0.455,0.392,banana,spoiled
4493936,4444,830.00,93.05,80.05,4.057,0.455,0.391,banana,spoiled
4494947,4445,830.00,93.20,80.15,4.057,0.456,0.392,banana,spoiled
4495958,4446,830.00,93.20,80.05,4.057,0.456,0.391,banana,spoiled
4496969,4447,830.00,93.10,80.35,4.057,0.455,0.393,banana,spoiled
4497980,4448,830.00,93.20,80.20,4.057,0.456,0.392,banana,spoiled
4498991,4449,830.00,93.25,80.20,4.057,0.456,0.392,banana,spoiled
4500002,4450,830.00,93.05,80.15,4.057,0.455,0.392,banana,spoiled
4501013,4451,830.00,93.15,80.15,4.057,0.455,0.392,banana,spoiled
4502024,4452,830.00,93.10,80.05,4.057,0.455,0.391,banana,spoiled
4503035,4453,830.00,93.30,80.10,4.057,0.456,0.391,banana,spoiled
4504046,4454,830.00,93.05,80.15,4.057,0.455,0.392,banana,spoiled
4505057,4455,830.00,93.30,80.15,4.057,0.456,0.392,banana,spoiled
4506068,4456,830.00,93.10,80.20,4.057,0.455,0.392,banana,spoiled
4507079,4457,830.00,93.05,80.15,4.057,0.455,0.392,banana,spoiled
4508090,4458,830.00,93.00,80.20,4.057,0.455,0.392,banana,spoiled
4509102,4459,829.95,93.10,80.15,4.056,0.455,0.392,banana,spoiled
4510112,4460,830.00,93.00,80.00,4.057,0.455,0.391,banana,spoiled
4511123,4461,830.00,93.00,80.15,4.057,0.455,0.392,banana,spoiled
4512135,4462,830.00,93.10,80.00,4.057,0.455,0.391,banana,spoiled
4513145,4463,830.00,93.05,80.15,4.057,0.455,0.392,banana,spoiled
4514156,4464,830.00,93.20,80.15,4.057,0.456,0.392,banana,spoiled
4515168,4465,830.00,93.05,80.10,4.057,0.455,0.391,banana,spoiled
4516178,4466,830.00,93.10,80.05,4.057,0.455,0.391,banana,spoiled
4517190,4467,830.00,93.10,80.10,4.057,0.455,0.391,banana,spoiled
4518201,4468,830.00,93.00,80.05,4.057,0.455,0.391,banana,spoiled
4519212,4469,830.00,93.00,80.05,4.057,0.455,0.391,banana,spoiled
4520223,4470,830.00,93.00,80.10,4.057,0.455,0.391,banana,spoiled
4521234,4471,830.00,93.30,80.15,4.057,0.456,0.392,banana,spoiled
4522245,4472,830.00,93.15,80.00,4.057,0.455,0.391,banana,spoiled
4523256,4473,830.00,93.05,80.20,4.057,0.455,0.392,banana,spoiled
4524267,4474,830.00,93.05,80.05,4.057,0.455,0.391,banana,spoiled
4525278,4475,830.00,93.00,80.10,4.057,0.455,0.391,banana,spoiled
4526289,4476,830.00,93.05,80.15,4.057,0.455,0.392,banana,spoiled
4527300,4477,830.00,93.00,80.00,4.057,0.455,0.391,banana,spoiled
4528311,4478,830.00,93.05,80.05,4.057,0.455,0.391,banana,spoiled
4529323,4479,830.00,93.05,80.00,4.057,0.455,0.391,banana,spoiled
4530333,4480,830.00,93.10,80.00,4.057,0.455,0.391,banana,spoiled
4531344,4481,830.00,93.10,80.10,4.057,0.455,0.391,banana,spoiled
4532356,4482,830.00,93.10,80.00,4.057,0.455,0.391,banana,spoiled
4533366,4483,830.00,93.00,80.05,4.057,0.455,0.391,banana,spoiled
4534377,4484,830.00,93.05,80.10,4.057,0.455,0.391,banana,spoiled
4535389,4485,830.00,93.05,80.10,4.057,0.455,0.391,banana,spoiled
4536399,4486,830.00,93.00,80.10,4.057,0.455,0.391,banana,spoiled
4537410,4487,830.00,93.10,80.00,4.057,0.455,0.391,banana,spoiled
4538422,4488,830.00,93.00,80.05,4.057,0.455,0.391,banana,spoiled
4539432,4489,830.00,93.10,80.05,4.057,0.455,0.391,banana,spoiled
4540443,4490,830.00,93.15,80.10,4.057,0.455,0.391,banana,spoiled
4541455,4491,830.00,93.15,80.05,4.057,0.455,0.391,banana,spoiled
4542466,4492,830.00,93.10,80.05,4.057,0.455,0.391,banana,spoiled
4543476,4493,830.00,93.15,80.05,4.057,0.455,0.391,banana,spoiled
4544488,4494,830.00,93.15,80.15,4.057,0.455,0.392,banana,spoiled
4545499,4495,830.00,93.05,80.05,4.057,0.455,0.391,banana,spoiled
4546509,4496,830.00,93.05,80.05,4.057,0.455,0.391,banana,spoiled
4547521,4497,830.00,93.15,80.35,4.057,0.455,0.393,banana,spoiled
4548532,4498,830.00,93.05,80.10,4.057,0.455,0.391,banana,spoiled
4549543,4499,830.00,93.15,80.10,4.057,0.455,0.391,banana,spoiled
4550554,4500,830.00,93.00,80.00,4.057,0.455,0.391,banana,spoiled
4551565,4501,830.00,93.05,80.05,4.057,0.455,0.391,banana,spoiled
4552577,4502,830.00,93.10,80.05,4.057,0.455,0.391,banana,spoiled
4553587,4503,830.00,93.00,80.05,4.057,0.455,0.391,banana,spoiled
4554598,4504,830.00,93.05,80.05,4.057,0.455,0.391,banana,spoiled
4555610,4505,830.00,93.00,80.00,4.057,0.455,0.391,banana,spoiled
4556620,4506,830.00,93.05,80.10,4.057,0.455,0.391,banana,spoiled
4557631,4507,830.00,93.00,80.00,4.057,0.455,0.391,banana,spoiled
4558643,4508,830.00,93.00,80.10,4.057,0.455,0.391,banana,spoiled
4559653,4509,830.00,93.00,80.05,4.057,0.455,0.391,banana,spoiled
4560664,4510,830.00,93.00,80.05,4.057,0.455,0.391,banana,spoiled
4561676,4511,830.00,93.00,80.20,4.057,0.455,0.392,banana,spoiled
4562686,4512,830.00,93.05,80.10,4.057,0.455,0.391,banana,spoiled
4563697,4513,830.00,93.00,80.00,4.057,0.455,0.391,banana,spoiled
4564709,4514,830.00,93.00,80.05,4.057,0.455,0.391,banana,spoiled
4565720,4515,830.00,93.05,80.05,4.057,0.455,0.391,banana,spoiled
4566730,4516,830.00,93.00,80.15,4.057,0.455,0.392,banana,spoiled
4567742,4517,830.00,93.00,80.05,4.057,0.455,0.391,banana,spoiled
4568753,4518,830.00,93.05,80.15,4.057,0.455,0.392,banana,spoiled
4569763,4519,830.00,93.05,80.00,4.057,0.455,0.391,banana,spoiled
4570775,4520,830.00,93.05,80.00,4.057,0.455,0.391,banana,spoiled
4571786,4521,830.00,93.10,80.05,4.057,0.455,0.391,banana,spoiled
4572796,4522,830.00,93.05,80.05,4.057,0.455,0.391,banana,spoiled
4573808,4523,830.00,93.05,80.00,4.057,0.455,0.391,banana,spoiled
4574819,4524,830.00,93.00,80.10,4.057,0.455,0.391,banana,spoiled
4575830,4525,830.00,93.00,80.00,4.057,0.455,0.391,banana,spoiled
4576841,4526,830.00,93.00,80.05,4.057,0.455,0.391,banana,spoiled
4577852,4527,830.05,93.05,80.10,4.057,0.455,0.391,banana,spoiled
4578863,4528,830.00,93.15,80.05,4.057,0.455,0.391,banana,spoiled
4579874,4529,830.05,93.00,80.05,4.057,0.455,0.391,banana,spoiled
4580885,4530,830.05,93.00,80.00,4.057,0.455,0.391,banana,spoiled
4581896,4531,830.00,93.00,80.10,4.057,0.455,0.391,banana,spoiled
4582907,4532,830.00,93.05,80.20,4.057,0.455,0.392,banana,spoiled
4583918,4533,830.00,93.05,80.10,4.057,0.455,0.391,banana,spoiled
4584929,4534,830.00,93.00,80.15,4.057,0.455,0.392,banana,spoiled
4585940,4535,830.00,93.00,80.10,4.057,0.455,0.391,banana,spoiled
4586951,4536,830.00,93.00,80.10,4.057,0.455,0.391,banana,spoiled
4587962,4537,830.00,93.00,80.00,4.057,0.455,0.391,banana,spoiled
4588974,4538,830.05,93.05,80.15,4.057,0.455,0.392,banana,spoiled
4589984,4539,830.00,93.05,80.15,4.057,0.455,0.392,banana,spoiled
4590995,4540,830.00,93.15,80.05,4.057,0.455,0.391,banana,spoiled
4592007,4541,830.00,93.15,80.10,4.057,0.455,0.391,banana,spoiled
4593017,4542,830.00,93.00,80.00,4.057,0.455,0.391,banana,spoiled
4594028,4543,830.00,93.00,80.10,4.057,0.455,0.391,banana,spoiled
4595040,4544,830.00,93.00,80.05,4.057,0.455,0.391,banana,spoiled
4596050,4545,830.05,93.00,80.00,4.057,0.455,0.391,banana,spoiled
4597061,4546,830.05,93.00,80.00,4.057,0.455,0.391,banana,spoiled
4598073,4547,830.00,93.00,80.00,4.057,0.455,0.391,banana,spoiled
4599084,4548,830.00,93.00,80.05,4.057,0.455,0.391,banana,spoiled
4600094,4549,830.00,93.05,80.00,4.057,0.455,0.391,banana,spoiled
4601106,4550,830.00,93.00,80.10,4.057,0.455,0.391,banana,spoiled
4602117,4551,830.00,93.00,80.00,4.057,0.455,0.391,banana,spoiled
4603127,4552,830.00,93.05,80.00,4.057,0.455,0.391,banana,spoiled
4604139,4553,830.05,93.05,80.00,4.057,0.455,0.391,banana,spoiled
4605150,4554,830.05,93.05,80.10,4.057,0.455,0.391,banana,spoiled
4606160,4555,830.00,93.05,80.10,4.057,0.455,0.391,banana,spoiled
4607172,4556,830.00,93.05,80.00,4.057,0.455,0.391,banana,spoiled
4608183,4557,830.05,93.00,80.10,4.057,0.455,0.391,banana,spoiled
4609195,4558,830.00,93.00,80.10,4.057,0.455,0.391,banana,spoiled
4610205,4559,830.00,93.00,80.10,4.057,0.455,0.391,banana,spoiled
4611216,4560,830.00,93.05,80.05,4.057,0.455,0.391,banana,spoiled
4612228,4561,830.00,93.00,80.00,4.057,0.455,0.391,banana,spoiled
4613238,4562,830.00,93.00,80.00,4.057,0.455,0.391,banana,spoiled
4614249,4563,830.00,93.05,80.10,4.057,0.455,0.391,banana,spoiled
4615261,4564,830.05,93.00,80.05,4.057,0.455,0.391,banana,spoiled
4616271,4565,830.00,93.10,80.05,4.057,0.455,0.391,banana,spoiled
4617282,4566,830.05,93.00,80.15,4.057,0.455,0.392,banana,spoiled
4618294,4567,830.05,93.00,80.00,4.057,0.455,0.391,banana,spoiled
4619304,4568,830.05,93.05,80.00,4.057,0.455,0.391,banana,spoiled
4620315,4569,830.10,93.00,80.10,4.057,0.455,0.391,banana,spoiled
4621327,4570,830.00,93.05,80.00,4.057,0.455,0.391,banana,spoiled
4622338,4571,830.00,93.00,80.05,4.057,0.455,0.391,banana,spoiled
4623348,4572,830.05,93.05,80.00,4.057,0.455,0.391,banana,spoiled
4624360,4573,830.00,93.00,80.00,4.057,0.455,0.391,banana,spoiled
4625371,4574,830.00,93.00,80.00,4.057,0.455,0.391,banana,spoiled
4626381,4575,830.05,93.00,80.00,4.057,0.455,0.391,banana,spoiled
4627393,4576,830.00,93.00,80.00,4.057,0.455,0.391,banana,spoiled
4628404,4577,830.15,93.05,80.00,4.057,0.455,0.391,banana,spoiled
4629414,4578,830.00,93.00,80.05,4.057,0.455,0.391,banana,spoiled
4630426,4579,830.00,93.00,80.05,4.057,0.455,0.391,banana,spoiled
4631437,4580,830.00,93.00,80.05,4.057,0.455,0.391,banana,spoiled
4632448,4581,830.00,93.05,80.10,4.057,0.455,0.391,banana,spoiled
4633459,4582,830.00,93.00,80.05,4.057,0.455,0.391,banana,spoiled
4634470,4583,830.00,93.05,80.00,4.057,0.455,0.391,banana,spoiled
4635481,4584,830.00,93.00,80.00,4.057,0.455,0.391,banana,spoiled
4636492,4585,830.00,93.00,80.15,4.057,0.455,0.392,banana,spoiled
4637503,4586,830.00,93.00,80.05,4.057,0.455,0.391,banana,spoiled
4638514,4587,830.00,93.05,80.00,4.057,0.455,0.391,banana,spoiled
4639525,4588,830.05,93.00,80.05,4.057,0.455,0.391,banana,spoiled
4640536,4589,830.00,93.00,80.05,4.057,0.455,0.391,banana,spoiled
4641547,4590,830.00,93.00,80.10,4.057,0.455,0.391,banana,spoiled
4642558,4591,830.00,93.05,80.10,4.057,0.455,0.391,banana,spoiled
4643569,4592,830.00,93.00,80.05,4.057,0.455,0.391,banana,spoiled
4644580,4593,830.00,93.00,80.05,4.057,0.455,0.391,banana,spoiled
4645592,4594,830.00,93.00,80.05,4.057,0.455,0.391,banana,spoiled
4646602,4595,830.10,93.00,80.00,4.057,0.455,0.391,banana,spoiled
4647613,4596,830.00,93.00,80.00,4.057,0.455,0.391,banana,spoiled
4648625,4597,830.00,93.00,80.10,4.057,0.455,0.391,banana,spoiled
4649635,4598,830.00,93.00,80.10,4.057,0.455,0.391,banana,spoiled
4650646,4599,830.00,93.00,80.00,4.057,0.455,0.391,banana,spoiled
4651658,4600,830.05,93.00,80.05,4.057,0.455,0.391,banana,spoiled
4652668,4601,830.05,93.00,80.05,4.057,0.455,0.391,banana,spoiled
4653679,4602,830.10,93.00,80.05,4.057,0.455,0.391,banana,spoiled
4654691,4603,830.05,93.00,80.00,4.057,0.455,0.391,banana,spoiled
4655702,4604,830.05,93.00,80.00,4.057,0.455,0.391,banana,spoiled
4656712,4605,830.00,93.00,80.10,4.057,0.455,0.391,banana,spoiled
4657724,4606,830.05,93.00,80.00,4.057,0.455,0.391,banana,spoiled
4658735,4607,830.05,93.05,80.00,4.057,0.455,0.391,banana,spoiled
4659745,4608,830.00,93.05,80.00,4.057,0.455,0.391,banana,spoiled
4660757,4609,830.15,93.00,80.00,4.057,0.455,0.391,banana,spoiled
4661768,4610,830.00,93.00,80.05,4.057,0.455,0.391,banana,spoiled
4662778,4611,830.05,93.05,80.00,4.057,0.455,0.391,banana,spoiled
4663790,4612,830.00,93.00,80.00,4.057,0.455,0.391,banana,spoiled
4664801,4613,830.05,93.00,80.05,4.057,0.455,0.391,banana,spoiled
4665811,4614,830.00,93.00,80.10,4.057,0.455,0.391,banana,spoiled
4666823,4615,830.10,93.00,80.05,4.057,0.455,0.391,banana,spoiled
4667834,4616,830.00,93.00,80.00,4.057,0.455,0.391,banana,spoiled
4668845,4617,830.00,93.00,80.00,4.057,0.455,0.391,banana,spoiled
4669856,4618,830.00,93.05,80.05,4.057,0.455,0.391,banana,spoiled
4670867,4619,830.00,93.00,80.00,4.057,0.455,0.391,banana,spoiled
4671878,4620,830.00,93.00,80.10,4.057,0.455,0.391,banana,spoiled
4672889,4621,830.05,93.00,80.00,4.057,0.455,0.391,banana,spoiled
4673900,4622,830.05,93.00,80.00,4.057,0.455,0.391,banana,spoiled
4674911,4623,830.00,93.00,80.05,4.057,0.455,0.391,banana,spoiled
4675922,4624,830.00,93.00,80.00,4.057,0.455,0.391,banana,spoiled
4676933,4625,830.00,93.00,80.05,4.057,0.455,0.391,banana,spoiled
4677944,4626,830.00,93.00,80.00,4.057,0.455,0.391,banana,spoiled
4678956,4627,830.00,93.00,80.00,4.057,0.455,0.391,banana,spoiled
4679966,4628,830.00,93.00,80.00,4.057,0.455,0.391,banana,spoiled
4680977,4629,830.00,93.00,80.15,4.057,0.455,0.392,banana,spoiled
4681989,4630,830.00,93.00,80.05,4.057,0.455,0.391,banana,spoiled
4682999,4631,830.00,93.00,80.00,4.057,0.455,0.391,banana,spoiled
4684010,4632,830.00,93.00,80.05,4.057,0.455,0.391,banana,spoiled
4685022,4633,830.00,93.00,80.05,4.057,0.455,0.391,banana,spoiled
4686032,4634,830.05,93.00,80.05,4.057,0.455,0.391,banana,spoiled
4687043,4635,830.05,93.05,80.05,4.057,0.455,0.391,banana,spoiled
4688055,4636,830.00,93.00,80.15,4.057,0.455,0.392,banana,spoiled
4689065,4637,830.05,93.00,80.05,4.057,0.455,0.391,banana,spoiled
4690076,4638,830.00,93.05,80.00,4.057,0.455,0.391,banana,spoiled
4691088,4639,830.10,93.00,80.00,4.057,0.455,0.391,banana,spoiled
4692099,4640,830.05,93.05,80.00,4.057,0.455,0.391,banana,spoiled
4693109,4641,830.05,93.00,80.00,4.057,0.455,0.391,banana,spoiled
4694121,4642,830.05,93.00,80.00,4.057,0.455,0.391,banana,spoiled
4695132,4643,830.05,93.00,80.00,4.057,0.455,0.391,banana,spoiled
4696142,4644,830.00,93.00,80.00,4.057,0.455,0.391,banana,spoiled
4697154,4645,830.10,93.00,80.00,4.057,0.455,0.391,banana,spoiled
4698165,4646,830.05,93.00,80.00,4.057,0.455,0.391,banana,spoiled
4699175,4647,830.00,93.00,80.00,4.057,0.455,0.391,banana,spoiled
4700187,4648,830.00,93.00,80.00,4.057,0.455,0.391,banana,spoiled
4701198,4649,830.05,93.00,80.00,4.057,0.455,0.391,banana,spoiled
4702209,4650,830.05,93.00,80.00,4.057,0.455,0.391,banana,spoiled
4703220,4651,830.05,93.00,80.00,4.057,0.455,0.391,banana,spoiled
4704231,4652,830.10,93.00,80.00,4.057,0.455,0.391,banana,spoiled
4705242,4653,830.00,93.00,80.00,4.057,0.455,0.391,banana,spoiled
4706253,4654,830.05,93.00,80.05,4.057,0.455,0.391,banana,spoiled
4707264,4655,830.00,93.00,80.10,4.057,0.455,0.391,banana,spoiled
4708275,4656,830.00,93.00,80.00,4.057,0.455,0.391,banana,spoiled
4709286,4657,830.00,93.00,80.05,4.057,0.455,0.391,banana,spoiled
4710297,4658,830.00,93.00,80.05,4.057,0.455,0.391,banana,spoiled
4711308,4659,830.05,93.00,80.05,4.057,0.455,0.391,banana,spoiled
4712320,4660,830.00,93.00,80.00,4.057,0.455,0.391,banana,spoiled
4713330,4661,830.05,93.00,80.00,4.057,0.455,0.391,banana,spoiled
4714341,4662,830.00,93.00,80.05,4.057,0.455,0.391,banana,spoiled
4715353,4663,830.05,93.00,80.00,4.057,0.455,0.391,banana,spoiled
4716363,4664,830.00,93.00,80.00,4.057,0.455,0.391,banana,spoiled
4717374,4665,830.05,93.00,80.05,4.057,0.455,0.391,banana,spoiled
4718386,4666,830.00,93.00,80.00,4.057,0.455,0.391,banana,spoiled
4719396,4667,830.10,93.00,80.05,4.057,0.455,0.391,banana,spoiled
4720407,4668,830.00,93.00,80.10,4.057,0.455,0.391,banana,spoiled
4721419,4669,830.15,93.00,80.00,4.057,0.455,0.391,banana,spoiled
4722429,4670,830.10,93.00,80.00,4.057,0.455,0.391,banana,spoiled
4723440,4671,830.00,93.00,80.00,4.057,0.455,0.391,banana,spoiled
4724452,4672,830.20,93.00,80.05,4.058,0.455,0.391,banana,spoiled
4725463,4673,830.10,93.05,80.00,4.057,0.455,0.391,banana,spoiled
4726473,4674,830.05,93.00,80.00,4.057,0.455,0.391,banana,spoiled
4727485,4675,830.00,93.00,80.00,4.057,0.455,0.391,banana,spoiled
4728496,4676,830.00,93.00,80.00,4.057,0.455,0.391,banana,spoiled
4729506,4677,830.10,93.00,80.00,4.057,0.455,0.391,banana,spoiled
4730518,4678,830.00,93.00,80.00,4.057,0.455,0.391,banana,spoiled
4731529,4679,830.15,93.00,80.00,4.057,0.455,0.391,banana,spoiled
4732539,4680,830.05,93.00,80.05,4.057,0.455,0.391,banana,spoiled
4733551,4681,830.00,93.00,80.00,4.057,0.455,0.391,banana,spoiled
4734562,4682,830.05,93.00,80.00,4.057,0.455,0.391,banana,spoiled
4735572,4683,830.00,93.00,80.00,4.057,0.455,0.391,banana,spoiled
4736584,4684,830.00,93.00,80.00,4.057,0.455,0.391,banana,spoiled
4737595,4685,830.05,93.00,80.00,4.057,0.455,0.391,banana,spoiled
4738606,4686,830.10,93.00,80.05,4.057,0.455,0.391,banana,spoiled
4739617,4687,830.00,93.00,80.00,4.057,0.455,0.391,banana,spoiled
4740628,4688,830.00,93.00,80.10,4.057,0.455,0.391,banana,spoiled
4741639,4689,830.00,93.00,80.05,4.057,0.455,0.391,banana,spoiled
4742650,4690,830.10,93.00,80.00,4.057,0.455,0.391,banana,spoiled
4743661,4691,830.10,93.00,80.05,4.057,0.455,0.391,banana,spoiled
4744672,4692,830.05,93.00,80.10,4.057,0.455,0.391,banana,spoiled
4745683,4693,830.10,93.00,80.10,4.057,0.455,0.391,banana,spoiled
4746694,4694,830.20,93.00,80.00,4.058,0.455,0.391,banana,spoiled
4747705,4695,830.15,93.00,80.00,4.057,0.455,0.391,banana,spoiled
4748717,4696,830.15,93.00,80.00,4.057,0.455,0.391,banana,spoiled
4749727,4697,830.10,93.00,80.05,4.057,0.455,0.391,banana,spoiled
4750738,4698,830.15,93.00,80.00,4.057,0.455,0.391,banana,spoiled
4751750,4699,830.05,93.00,80.00,4.057,0.455,0.391,banana,spoiled
4752760,4700,830.00,93.00,80.00,4.057,0.455,0.391,banana,spoiled
4753771,4701,830.10,93.00,80.05,4.057,0.455,0.391,banana,spoiled
4754783,4702,830.00,93.00,80.05,4.057,0.455,0.391,banana,spoiled
4755793,4703,830.15,93.00,80.05,4.057,0.455,0.391,banana,spoiled
4756805,4704,830.10,93.00,80.05,4.057,0.455,0.391,banana,spoiled
4757816,4705,830.05,93.00,80.05,4.057,0.455,0.391,banana,spoiled
4758827,4706,830.05,93.05,80.10,4.057,0.455,0.391,banana,spoiled
4759838,4707,830.20,93.05,80.00,4.058,0.455,0.391,banana,spoiled
4760849,4708,830.10,93.00,80.00,4.057,0.455,0.391,banana,spoiled
4761860,4709,830.00,93.00,80.05,4.057,0.455,0.391,banana,spoiled
4762871,4710,830.05,93.00,80.00,4.057,0.455,0.391,banana,spoiled
4763882,4711,830.00,93.00,80.00,4.057,0.455,0.391,banana,spoiled
4764893,4712,830.10,93.00,80.10,4.057,0.455,0.391,banana,spoiled
4765904,4713,830.05,93.00,80.00,4.057,0.455,0.391,banana,spoiled
4766915,4714,830.10,93.00,80.05,4.057,0.455,0.391,banana,spoiled
4767926,4715,830.10,93.00,80.00,4.057,0.455,0.391,banana,spoiled
4768937,4716,830.20,93.00,80.05,4.058,0.455,0.391,banana,spoiled
4769948,4717,830.20,93.00,80.00,4.058,0.455,0.391,banana,spoiled
4770959,4718,830.15,93.00,80.05,4.057,0.455,0.391,banana,spoiled
4771971,4719,830.20,93.00,80.05,4.058,0.455,0.391,banana,spoiled
4772981,4720,830.05,93.00,80.00,4.057,0.455,0.391,banana,spoiled
4773992,4721,830.15,93.00,80.05,4.057,0.455,0.391,banana,spoiled
4775004,4722,830.15,93.00,80.00,4.057,0.455,0.391,banana,spoiled
4776014,4723,830.05,93.00,80.00,4.057,0.455,0.391,banana,spoiled
4777025,4724,830.20,93.00,80.00,4.058,0.455,0.391,banana,spoiled
4778037,4725,830.25,93.05,80.00,4.058,0.455,0.391,banana,spoiled
4779047,4726,830.15,93.05,80.00,4.057,0.455,0.391,banana,spoiled
4780058,4727,830.10,93.00,80.00,4.057,0.455,0.391,banana,spoiled
4781070,4728,830.05,93.00,80.00,4.057,0.455,0.391,banana,spoiled
4782081,4729,830.00,93.00,80.00,4.057,0.455,0.391,banana,spoiled
4783091,4730,830.05,93.00,80.00,4.057,0.455,0.391,banana,spoiled
4784103,4731,830.10,93.00,80.15,4.057,0.455,0.392,banana,spoiled
4785114,4732,830.05,93.00,80.10,4.057,0.455,0.391,banana,spoiled
4786124,4733,830.05,93.00,80.05,4.057,0.455,0.391,banana,spoiled
4787136,4734,830.10,93.00,80.00,4.057,0.455,0.391,banana,spoiled
4788147,4735,830.25,93.00,80.05,4.058,0.455,0.391,banana,spoiled
4789157,4736,830.25,93.00,80.05,4.058,0.455,0.391,banana,spoiled
4790169,4737,830.15,93.00,80.00,4.057,0.455,0.391,banana,spoiled
4791180,4738,830.20,93.00,80.00,4.058,0.455,0.391,banana,spoiled
4792190,4739,830.15,93.00,80.00,4.057,0.455,0.391,banana,spoiled
4793202,4740,830.20,93.00,80.05,4.058,0.455,0.391,banana,spoiled
4794213,4741,830.05,93.00,80.05,4.057,0.455,0.391,banana,spoiled
4795224,4742,830.15,93.00,80.10,4.057,0.455,0.391,banana,spoiled
4796235,4743,830.10,93.05,80.05,4.057,0.455,0.391,banana,spoiled
4797246,4744,830.05,93.00,80.10,4.057,0.455,0.391,banana,spoiled
4798258,4745,830.10,93.00,80.05,4.057,0.455,0.391,banana,spoiled
4799268,4746,830.40,93.00,80.05,4.059,0.455,0.391,banana,spoiled
4800279,4747,830.20,93.05,80.00,4.058,0.455,0.391,banana,spoiled
4801291,4748,830.20,93.00,80.00,4.058,0.455,0.391,banana,spoiled
4802301,4749,830.15,93.00,80.05,4.057,0.455,0.391,banana,spoiled
4803312,4750,830.15,93.00,80.05,4.057,0.455,0.391,banana,spoiled
4804324,4751,830.10,93.00,80.05,4.057,0.455,0.391,banana,spoiled
4805335,4752,830.00,93.00,80.00,4.057,0.455,0.391,banana,spoiled
4806345,4753,830.05,93.00,80.05,4.057,0.455,0.391,banana,spoiled
4807357,4754,830.00,93.00,80.05,4.057,0.455,0.391,banana,spoiled
4808368,4755,830.20,93.00,80.20,4.058,0.455,0.392,banana,spoiled
4809378,4756,830.15,93.00,80.10,4.057,0.455,0.391,banana,spoiled
4810390,4757,830.25,93.00,80.00,4.058,0.455,0.391,banana,spoiled
4811401,4758,830.20,93.05,80.00,4.058,0.455,0.391,banana,spoiled
4812411,4759,830.20,93.00,80.00,4.058,0.455,0.391,banana,spoiled
4813423,4760,830.35,93.00,80.10,4.058,0.455,0.391,banana,spoiled
4814434,4761,830.35,93.00,80.05,4.058,0.455,0.391,banana,spoiled
4815444,4762,830.20,93.00,80.10,4.058,0.455,0.391,banana,spoiled
4816456,4763,830.00,93.00,80.00,4.057,0.455,0.391,banana,spoiled
4817467,4764,830.25,93.00,80.05,4.058,0.455,0.391,banana,spoiled
4818478,4765,830.00,93.00,80.00,4.057,0.455,0.391,banana,spoiled
4819489,4766,830.10,93.00,80.05,4.057,0.455,0.391,banana,spoiled
4820500,4767,830.05,93.00,80.00,4.057,0.455,0.391,banana,spoiled
4821511,4768,830.20,93.00,80.00,4.058,0.455,0.391,banana,spoiled
4822522,4769,830.20,93.00,80.00,4.058,0.455,0.391,banana,spoiled
4823533,4770,830.20,93.00,80.05,4.058,0.455,0.391,banana,spoiled
4824544,4771,830.20,93.05,80.05,4.058,0.455,0.391,banana,spoiled
4825555,4772,830.05,93.00,80.05,4.057,0.455,0.391,banana,spoiled
4826566,4773,830.10,93.00,80.00,4.057,0.455,0.391,banana,spoiled
4827577,4774,830.20,93.00,80.00,4.058,0.455,0.391,banana,spoiled
4828589,4775,830.25,93.00,80.00,4.058,0.455,0.391,banana,spoiled
4829599,4776,830.30,93.05,80.05,4.058,0.455,0.391,banana,spoiled
4830610,4777,830.15,93.05,80.05,4.057,0.455,0.391,banana,spoiled
4831622,4778,830.30,93.00,80.05,4.058,0.455,0.391,banana,spoiled
4832632,4779,830.15,93.00,80.00,4.057,0.455,0.391,banana,spoiled
4833643,4780,830.25,93.05,80.05,4.058,0.455,0.391,banana,spoiled
4834655,4781,830.20,93.00,80.10,4.058,0.455,0.391,banana,spoiled
4835665,4782,830.15,93.15,80.05,4.057,0.455,0.391,banana,spoiled
4836676,4783,830.20,93.05,80.10,4.058,0.455,0.391,banana,spoiled
4837688,4784,830.25,93.00,80.05,4.058,0.455,0.391,banana,spoiled
4838699,4785,830.20,93.00,80.00,4.058,0.455,0.391,banana,spoiled
4839709,4786,830.10,93.05,80.05,4.057,0.455,0.391,banana,spoiled
4840721,4787,830.20,93.00,80.05,4.058,0.455,0.391,banana,spoiled
4841732,4788,830.35,93.05,80.00,4.058,0.455,0.391,banana,spoiled
4842742,4789,830.35,93.00,80.00,4.058,0.455,0.391,banana,spoiled
4843754,4790,830.15,93.00,80.00,4.057,0.455,0.391,banana,spoiled
4844765,4791,830.05,93.05,80.00,4.057,0.455,0.391,banana,spoiled
4845775,4792,830.30,93.00,80.15,4.058,0.455,0.392,banana,spoiled
4846787,4793,830.25,93.00,80.10,4.058,0.455,0.391,banana,spoiled
4847798,4794,830.40,93.00,80.10,4.059,0.455,0.391,banana,spoiled
4848809,4795,830.15,93.00,80.00,4.057,0.455,0.391,banana,spoiled
4849820,4796,830.15,93.00,80.05,4.057,0.455,0.391,banana,spoiled
4850831,4797,830.35,93.00,80.05,4.058,0.455,0.391,banana,spoiled
4851843,4798,830.40,93.05,80.05,4.059,0.455,0.391,banana,spoiled
4852853,4799,830.30,93.00,80.00,4.058,0.455,0.391,banana,spoiled
4853864,4800,830.10,93.00,80.05,4.057,0.455,0.391,banana,spoiled
4854876,4801,830.25,93.05,80.05,4.058,0.455,0.391,banana,spoiled
4855886,4802,830.35,93.05,80.00,4.058,0.455,0.391,banana,spoiled
4856897,4803,830.50,93.00,80.00,4.059,0.455,0.391,banana,spoiled
4857909,4804,830.50,93.00,80.05,4.059,0.455,0.391,banana,spoiled
4858919,4805,830.15,93.05,80.10,4.057,0.455,0.391,banana,spoiled
4859930,4806,830.30,93.00,80.00,4.058,0.455,0.391,banana,spoiled
4860942,4807,830.30,93.00,80.10,4.058,0.455,0.391,banana,spoiled
4861953,4808,830.30,93.05,80.10,4.058,0.455,0.391,banana,spoiled
4862963,4809,830.40,93.05,80.00,4.059,0.455,0.391,banana,spoiled
4863975,4810,830.35,93.00,80.15,4.058,0.455,0.392,banana,spoiled
4864986,4811,830.40,93.05,80.00,4.059,0.455,0.391,banana,spoiled
4865996,4812,830.55,93.05,80.15,4.059,0.455,0.392,banana,spoiled
4867008,4813,830.40,93.00,80.00,4.059,0.455,0.391,banana,spoiled
4868019,4814,830.50,93.00,80.15,4.059,0.455,0.392,banana,spoiled
4869029,4815,830.55,93.00,80.00,4.059,0.455,0.391,banana,spoiled
4870041,4816,830.60,93.00,80.00,4.060,0.455,0.391,banana,spoiled
4871052,4817,830.45,93.00,80.05,4.059,0.455,0.391,banana,spoiled
4872062,4818,830.60,93.00,80.00,4.060,0.455,0.391,banana,spoiled
4873074,4819,830.70,93.00,80.00,4.060,0.455,0.391,banana,spoiled
4874085,4820,830.60,93.00,80.00,4.060,0.455,0.391,banana,spoiled
4875096,4821,830.55,93.05,80.00,4.059,0.455,0.391,banana,spoiled
4876107,4822,830.70,93.00,80.10,4.060,0.455,0.391,banana,spoiled
4877118,4823,830.65,93.10,80.00,4.060,0.455,0.391,banana,spoiled
4878129,4824,830.60,93.15,80.00,4.060,0.455,0.391,banana,spoiled
4879140,4825,830.70,93.05,80.10,4.060,0.455,0.391,banana,spoiled
4880151,4826,830.70,93.00,80.00,4.060,0.455,0.391,banana,spoiled
4881162,4827,830.85,93.05,80.00,4.061,0.455,0.391,banana,spoiled
4882173,4828,830.75,93.05,80.00,4.060,0.455,0.391,banana,spoiled
4883184,4829,830.65,93.00,80.00,4.060,0.455,0.391,banana,spoiled
4884195,4830,830.90,93.00,80.05,4.061,0.455,0.391,banana,spoiled
4885207,4831,830.70,93.10,80.05,4.060,0.455,0.391,banana,spoiled
4886217,4832,830.65,93.00,80.05,4.060,0.455,0.391,banana,spoiled
4887228,4833,830.85,93.10,80.05,4.061,0.455,0.391,banana,spoiled
4888240,4834,830.70,93.05,80.00,4.060,0.455,0.391,banana,spoiled
4889250,4835,830.85,93.15,80.10,4.061,0.455,0.391,banana,spoiled
4890261,4836,830.80,93.10,80.00,4.061,0.455,0.391,banana,spoiled
4891273,4837,831.00,93.00,80.05,4.062,0.455,0.391,banana,spoiled
4892283,4838,830.85,93.00,80.00,4.061,0.455,0.391,banana,spoiled
4893294,4839,830.95,93.10,80.05,4.061,0.455,0.391,banana,spoiled
4894306,4840,830.80,93.10,80.00,4.061,0.455,0.391,banana,spoiled
4895316,4841,831.00,93.05,80.00,4.062,0.455,0.391,banana,spoiled
4896328,4842,831.00,93.00,80.10,4.062,0.455,0.391,banana,spoiled
4897339,4843,831.00,93.15,80.10,4.062,0.455,0.391,banana,spoiled
4898350,4844,830.95,93.15,80.05,4.061,0.455,0.391,banana,spoiled
4899361,4845,830.90,93.15,80.00,4.061,0.455,0.391,banana,spoiled
4900372,4846,831.00,93.05,80.00,4.062,0.455,0.391,banana,spoiled
4901383,4847,831.00,93.10,80.00,4.062,0.455,0.391,banana,spoiled
4902394,4848,831.00,93.10,80.05,4.062,0.455,0.391,banana,spoiled
4903405,4849,831.00,93.10,80.05,4.062,0.455,0.391,banana,spoiled
4904416,4850,830.90,93.10,80.00,4.061,0.455,0.391,banana,spoiled
4905427,4851,831.00,93.10,80.10,4.062,0.455,0.391,banana,spoiled
4906438,4852,830.95,93.15,80.00,4.061,0.455,0.391,banana,spoiled
4907449,4853,831.00,93.10,80.05,4.062,0.455,0.391,banana,spoiled
4908461,4854,830.95,93.00,80.05,4.061,0.455,0.391,banana,spoiled
4909471,4855,830.90,93.05,80.20,4.061,0.455,0.392,banana,spoiled
4910482,4856,830.95,93.05,80.05,4.061,0.455,0.391,banana,spoiled
4911494,4857,830.95,93.20,80.05,4.061,0.456,0.391,banana,spoiled
4912504,4858,831.00,93.10,80.05,4.062,0.455,0.391,banana,spoiled
4913515,4859,831.00,93.25,80.00,4.062,0.456,0.391,banana,spoiled
4914527,4860,831.00,93.15,80.00,4.062,0.455,0.391,banana,spoiled
4915537,4861,831.00,93.10,80.00,4.062,0.455,0.391,banana,spoiled
4916548,4862,831.00,93.10,80.00,4.062,0.455,0.391,banana,spoiled
4917560,4863,831.00,93.20,80.05,4.062,0.456,0.391,banana,spoiled
4918571,4864,831.00,93.20,80.00,4.062,0.456,0.391,banana,spoiled
4919581,4865,831.00,93.15,80.05,4.062,0.455,0.391,banana,spoiled
4920593,4866,831.00,93.05,80.00,4.062,0.455,0.391,banana,spoiled
4921604,4867,831.00,93.10,80.05,4.062,0.455,0.391,banana,spoiled
4922614,4868,831.00,93.15,80.00,4.062,0.455,0.391,banana,spoiled
4923626,4869,831.00,93.10,80.00,4.062,0.455,0.391,banana,spoiled
4924637,4870,831.00,93.10,80.05,4.062,0.455,0.391,banana,spoiled
4925647,4871,831.00,93.10,80.00,4.062,0.455,0.391,banana,spoiled
4926659,4872,831.00,93.25,80.00,4.062,0.456,0.391,banana,spoiled
4927670,4873,831.00,93.05,80.05,4.062,0.455,0.391,banana,spoiled
4928680,4874,831.00,93.00,80.00,4.062,0.455,0.391,banana,spoiled
4929692,4875,831.00,93.10,80.00,4.062,0.455,0.391,banana,spoiled
4930703,4876,831.00,93.15,80.00,4.062,0.455,0.391,banana,spoiled
4931714,4877,831.00,93.05,80.05,4.062,0.455,0.391,banana,spoiled
4932725,4878,831.00,93.25,80.05,4.062,0.456,0.391,banana,spoiled
4933736,4879,831.00,93.15,80.00,4.062,0.455,0.391,banana,spoiled
4934747,4880,830.95,93.05,80.10,4.061,0.455,0.391,banana,spoiled
4935758,4881,831.00,93.10,80.00,4.062,0.455,0.391,banana,spoiled
4936769,4882,831.00,93.10,80.00,4.062,0.455,0.391,banana,spoiled
4937781,4883,831.00,93.10,80.00,4.062,0.455,0.391,banana,spoiled
4938791,4884,831.00,93.25,80.00,4.062,0.456,0.391,banana,spoiled
4939802,4885,831.00,93.05,80.00,4.062,0.455,0.391,banana,spoiled
4940814,4886,831.00,93.00,80.00,4.062,0.455,0.391,banana,spoiled
4941825,4887,830.95,93.10,80.00,4.061,0.455,0.391,banana,spoiled
4942835,4888,831.00,93.05,80.05,4.062,0.455,0.391,banana,spoiled
4943847,4889,831.00,93.15,80.00,4.062,0.455,0.391,banana,spoiled
4944858,4890,831.00,93.20,80.00,4.062,0.456,0.391,banana,spoiled
4945868,4891,831.00,93.15,80.05,4.062,0.455,0.391,banana,spoiled
4946880,4892,831.00,93.25,80.00,4.062,0.456,0.391,banana,spoiled
4947891,4893,831.00,93.15,80.05,4.062,0.455,0.391,banana,spoiled
4948901,4894,831.00,93.20,80.00,4.062,0.456,0.391,banana,spoiled
4949913,4895,831.00,93.10,80.00,4.062,0.455,0.391,banana,spoiled
4950924,4896,831.00,93.10,80.00,4.062,0.455,0.391,banana,spoiled
4951934,4897,831.00,93.00,80.00,4.062,0.455,0.391,banana,spoiled
4952946,4898,831.00,93.10,80.00,4.062,0.455,0.391,banana,spoiled
4953957,4899,831.00,93.10,80.00,4.062,0.455,0.391,banana,spoiled
4954968,4900,831.00,93.15,80.00,4.062,0.455,0.391,banana,spoiled
4955979,4901,831.00,93.20,80.00,4.062,0.456,0.391,banana,spoiled
4956990,4902,831.00,93.15,80.00,4.062,0.455,0.391,banana,spoiled
4958001,4903,831.00,93.10,80.00,4.062,0.455,0.391,banana,spoiled
4959012,4904,831.00,93.15,80.00,4.062,0.455,0.391,banana,spoiled
4960023,4905,831.00,93.15,80.05,4.062,0.455,0.391,banana,spoiled
4961034,4906,831.00,93.15,80.05,4.062,0.455,0.391,banana,spoiled
4962045,4907,831.00,93.10,80.00,4.062,0.455,0.391,banana,spoiled
4963056,4908,831.00,93.00,80.00,4.062,0.455,0.391,banana,spoiled
4964067,4909,831.00,93.00,80.00,4.062,0.455,0.391,banana,spoiled
4965079,4910,831.00,93.15,80.00,4.062,0.455,0.391,banana,spoiled
4966089,4911,831.00,93.15,80.00,4.062,0.455,0.391,banana,spoiled
4967100,4912,831.00,93.10,80.00,4.062,0.455,0.391,banana,spoiled
4968112,4913,831.00,93.20,80.00,4.062,0.456,0.391,banana,spoiled
4969122,4914,831.00,93.15,80.00,4.062,0.455,0.391,banana,spoiled
4970133,4915,831.00,93.20,80.00,4.062,0.456,0.391,banana,spoiled
4971145,4916,831.00,93.20,80.05,4.062,0.456,0.391,banana,spoiled
4972155,4917,831.00,93.05,80.00,4.062,0.455,0.391,banana,spoiled
4973166,4918,831.00,93.05,80.00,4.062,0.455,0.391,banana,spoiled
4974178,4919,831.00,93.05,80.00,4.062,0.455,0.391,banana,spoiled
4975188,4920,831.00,93.00,80.00,4.062,0.455,0.391,banana,spoiled
4976199,4921,831.00,93.00,80.00,4.062,0.455,0.391,banana,spoiled
4977211,4922,831.00,93.05,80.00,4.062,0.455,0.391,banana,spoiled
4978222,4923,831.00,93.05,80.00,4.062,0.455,0.391,banana,spoiled
4979232,4924,831.00,93.00,80.05,4.062,0.455,0.391,banana,spoiled
4980244,4925,831.00,93.05,80.00,4.062,0.455,0.391,banana,spoiled
4981255,4926,831.00,93.10,80.00,4.062,0.455,0.391,banana,spoiled
4982265,4927,831.00,93.15,80.00,4.062,0.455,0.391,banana,spoiled
4983277,4928,831.00,93.15,80.05,4.062,0.455,0.391,banana,spoiled
4984288,4929,831.00,93.10,80.05,4.062,0.455,0.391,banana,spoiled
4985298,4930,831.00,93.20,80.05,4.062,0.456,0.391,banana,spoiled
4986310,4931,831.00,93.00,80.00,4.062,0.455,0.391,banana,spoiled
4987321,4932,831.00,93.25,80.05,4.062,0.456,0.391,banana,spoiled
4988332,4933,831.00,93.05,80.00,4.062,0.455,0.391,banana,spoiled
4989343,4934,831.00,93.05,80.00,4.062,0.455,0.391,banana,spoiled
4990354,4935,831.00,93.00,80.00,4.062,0.455,0.391,banana,spoiled
4991365,4936,831.00,93.00,80.00,4.062,0.455,0.391,banana,spoiled
4992376,4937,831.00,93.10,80.00,4.062,0.455,0.391,banana,spoiled
4993387,4938,831.00,93.10,80.00,4.062,0.455,0.391,banana,spoiled
4994398,4939,831.00,93.20,80.05,4.062,0.456,0.391,banana,spoiled
4995409,4940,831.00,93.10,80.00,4.062,0.455,0.391,banana,spoiled
4996420,4941,831.00,93.05,80.10,4.062,0.455,0.391,banana,spoiled
4997431,4942,831.00,93.05,80.00,4.062,0.455,0.391,banana,spoiled
4998443,4943,831.00,93.05,80.05,4.062,0.455,0.391,banana,spoiled
4999453,4944,831.00,93.05,80.00,4.062,0.455,0.391,banana,spoiled
5000465,4945,831.00,93.15,80.00,4.062,0.455,0.391,banana,spoiled
5001476,4946,831.00,93.25,80.00,4.062,0.456,0.391,banana,spoiled
5002486,4947,831.00,93.00,80.05,4.062,0.455,0.391,banana,spoiled
5003498,4948,831.00,93.10,80.00,4.062,0.455,0.391,banana,spoiled
5004509,4949,831.00,93.10,80.00,4.062,0.455,0.391,banana,spoiled
5005519,4950,831.00,93.00,80.00,4.062,0.455,0.391,banana,spoiled
5006531,4951,831.00,93.10,80.05,4.062,0.455,0.391,banana,spoiled
5007542,4952,831.00,93.10,80.00,4.062,0.455,0.391,banana,spoiled
5008552,4953,831.00,93.05,80.00,4.062,0.455,0.391,banana,spoiled
5009564,4954,831.00,93.15,80.00,4.062,0.455,0.391,banana,spoiled
5010575,4955,831.00,93.05,80.00,4.062,0.455,0.391,banana,spoiled
5011586,4956,831.00,93.20,80.00,4.062,0.456,0.391,banana,spoiled
5012597,4957,831.00,93.00,80.05,4.062,0.455,0.391,banana,spoiled
5013608,4958,831.00,93.00,80.00,4.062,0.455,0.391,banana,spoiled
5014619,4959,831.00,93.15,80.00,4.062,0.455,0.391,banana,spoiled
5015630,4960,831.00,93.05,80.00,4.062,0.455,0.391,banana,spoiled
5016641,4961,831.00,93.05,80.00,4.062,0.455,0.391,banana,spoiled
5017652,4962,831.00,93.00,80.00,4.062,0.455,0.391,banana,spoiled
5018663,4963,831.00,93.15,80.00,4.062,0.455,0.391,banana,spoiled
5019674,4964,831.00,93.05,80.00,4.062,0.455,0.391,banana,spoiled
5020685,4965,831.00,93.20,80.00,4.062,0.456,0.391,banana,spoiled
5021697,4966,831.00,93.15,80.00,4.062,0.455,0.391,banana,spoiled
5022707,4967,831.00,93.10,80.00,4.062,0.455,0.391,banana,spoiled
5023718,4968,831.00,93.10,80.00,4.062,0.455,0.391,banana,spoiled
5024730,4969,831.00,93.10,80.00,4.062,0.455,0.391,banana,spoiled
5025740,4970,831.00,93.15,80.00,4.062,0.455,0.391,banana,spoiled
5026751,4971,831.00,93.05,80.00,4.062,0.455,0.391,banana,spoiled
5027763,4972,831.00,93.05,80.00,4.062,0.455,0.391,banana,spoiled
5028773,4973,831.00,93.00,80.05,4.062,0.455,0.391,banana,spoiled
5029784,4974,831.00,93.00,80.00,4.062,0.455,0.391,banana,spoiled
5030796,4975,831.00,93.05,80.05,4.062,0.455,0.391,banana,spoiled
5031806,4976,831.00,93.00,80.00,4.062,0.455,0.391,banana,spoiled
5032817,4977,831.00,93.05,80.00,4.062,0.455,0.391,banana,spoiled
5033829,4978,831.00,93.10,80.00,4.062,0.455,0.391,banana,spoiled
5034840,4979,831.00,93.00,80.00,4.062,0.455,0.391,banana,spoiled
5035850,4980,831.00,93.15,80.00,4.062,0.455,0.391,banana,spoiled
5036862,4981,831.00,93.00,80.00,4.062,0.455,0.391,banana,spoiled
5037873,4982,831.00,93.15,80.00,4.062,0.455,0.391,banana,spoiled
5038883,4983,831.00,93.05,80.00,4.062,0.455,0.391,banana,spoiled
5039895,4984,831.00,93.05,80.00,4.062,0.455,0.391,banana,spoiled
5040906,4985,831.00,93.10,80.00,4.062,0.455,0.391,banana,spoiled
5041916,4986,831.00,93.15,80.05,4.062,0.455,0.391,banana,spoiled
5042928,4987,831.00,93.00,80.00,4.062,0.455,0.391,banana,spoiled
5043939,4988,831.00,93.00,80.00,4.062,0.455,0.391,banana,spoiled
5044950,4989,831.05,93.10,80.00,4.062,0.455,0.391,banana,spoiled
5045961,4990,831.00,93.05,80.00,4.062,0.455,0.391,banana,spoiled
5046972,4991,831.00,93.15,80.00,4.062,0.455,0.391,banana,spoiled
5047983,4992,831.05,93.15,80.00,4.062,0.455,0.391,banana,spoiled
5048994,4993,831.00,93.05,80.00,4.062,0.455,0.391,banana,spoiled
5050005,4994,831.00,93.00,80.00,4.062,0.455,0.391,banana,spoiled
5051016,4995,831.05,93.10,80.00,4.062,0.455,0.391,banana,spoiled
5052027,4996,831.00,93.05,80.00,4.062,0.455,0.391,banana,spoiled
5053038,4997,831.00,93.05,80.00,4.062,0.455,0.391,banana,spoiled
5054049,4998,831.00,93.10,80.00,4.062,0.455,0.391,banana,spoiled
5055060,4999,831.00,93.10,80.00,4.062,0.455,0.391,banana,spoiled
5056071,5000,831.00,93.05,80.00,4.062,0.455,0.391,banana,spoiled
5057082,5001,831.00,93.00,80.00,4.062,0.455,0.391,banana,spoiled
5058094,5002,831.00,93.05,80.00,4.062,0.455,0.391,banana,spoiled
5059104,5003,831.00,93.10,80.00,4.062,0.455,0.391,banana,spoiled
5060116,5004,831.00,93.00,80.00,4.062,0.455,0.391,banana,spoiled
5061127,5005,831.00,93.00,80.00,4.062,0.455,0.391,banana,spoiled
5062137,5006,831.00,93.00,80.00,4.062,0.455,0.391,banana,spoiled
5063149,5007,831.00,93.00,80.00,4.062,0.455,0.391,banana,spoiled
5064160,5008,831.00,93.05,80.00,4.062,0.455,0.391,banana,spoiled
5065170,5009,831.00,93.00,80.00,4.062,0.455,0.391,banana,spoiled
5066182,5010,831.00,93.00,80.00,4.062,0.455,0.391,banana,spoiled
5067193,5011,831.00,93.00,80.00,4.062,0.455,0.391,banana,spoiled
5068204,5012,831.00,93.00,80.00,4.062,0.455,0.391,banana,spoiled
5069214,5013,831.00,93.00,80.00,4.062,0.455,0.391,banana,spoiled
5070226,5014,831.05,93.05,80.00,4.062,0.455,0.391,banana,spoiled
5071237,5015,831.00,93.10,80.00,4.062,0.455,0.391,banana,spoiled
5072248,5016,831.00,93.00,80.00,4.062,0.455,0.391,banana,spoiled
5073259,5017,831.00,93.05,80.00,4.062,0.455,0.391,banana,spoiled
5074270,5018,831.00,93.00,80.00,4.062,0.455,0.391,banana,spoiled
5075281,5019,831.00,93.05,80.00,4.062,0.455,0.391,banana,spoiled
5076292,5020,831.00,93.00,80.00,4.062,0.455,0.391,banana,spoiled
5077303,5021,831.00,93.10,80.00,4.062,0.455,0.391,banana,spoiled
5078315,5022,831.00,93.00,80.00,4.062,0.455,0.391,banana,spoiled
5079325,5023,831.00,93.00,80.00,4.062,0.455,0.391,banana,spoiled
5080336,5024,831.00,93.00,80.00,4.062,0.455,0.391,banana,spoiled
5081348,5025,831.00,93.05,80.00,4.062,0.455,0.391,banana,spoiled
5082358,5026,831.00,93.05,80.00,4.062,0.455,0.391,banana,spoiled
5083369,5027,831.00,93.05,80.00,4.062,0.455,0.391,banana,spoiled
5084381,5028,831.00,93.00,80.00,4.062,0.455,0.391,banana,spoiled
5085391,5029,831.00,93.05,80.00,4.062,0.455,0.391,banana,spoiled
5086402,5030,831.00,93.00,80.00,4.062,0.455,0.391,banana,spoiled
5087414,5031,831.00,93.00,80.00,4.062,0.455,0.391,banana,spoiled
5088424,5032,831.00,93.00,80.00,4.062,0.455,0.391,banana,spoiled
5089435,5033,831.00,93.00,80.00,4.062,0.455,0.391,banana,spoiled
5090447,5034,831.00,93.00,80.00,4.062,0.455,0.391,banana,spoiled
5091458,5035,831.00,93.00,80.00,4.062,0.455,0.391,banana,spoiled
5092468,5036,831.00,93.00,80.00,4.062,0.455,0.391,banana,spoiled
5093480,5037,831.00,93.00,80.00,4.062,0.455,0.391,banana,spoiled
5094491,5038,831.00,93.00,80.00,4.062,0.455,0.391,banana,spoiled
5095501,5039,831.00,93.00,80.00,4.062,0.455,0.391,banana,spoiled
5096513,5040,831.10,93.05,80.00,4.062,0.455,0.391,banana,spoiled
5097524,5041,831.00,93.00,80.00,4.062,0.455,0.391,banana,spoiled
5098534,5042,831.00,93.05,80.00,4.062,0.455,0.391,banana,spoiled
5099546,5043,831.00,93.00,80.00,4.062,0.455,0.391,banana,spoiled
5100557,5044,831.00,93.00,80.00,4.062,0.455,0.391,banana,spoiled
5101568,5045,831.00,93.00,80.00,4.062,0.455,0.391,banana,spoiled
5102579,5046,831.00,93.00,80.00,4.062,0.455,0.391,banana,spoiled
5103590,5047,831.00,93.00,80.00,4.062,0.455,0.391,banana,spoiled
5104601,5048,831.00,93.00,80.00,4.062,0.455,0.391,banana,spoiled
5105612,5049,831.00,93.00,80.00,4.062,0.455,0.391,banana,spoiled
5106623,5050,831.00,93.00,80.00,4.062,0.455,0.391,banana,spoiled
5107634,5051,831.00,93.00,80.00,4.062,0.455,0.391,banana,spoiled
5108645,5052,831.00,93.00,80.00,4.062,0.455,0.391,banana,spoiled
5109656,5053,831.00,93.00,80.00,4.062,0.455,0.391,banana,spoiled
5110667,5054,831.00,93.00,80.00,4.062,0.455,0.391,banana,spoiled
5111678,5055,831.05,93.00,80.00,4.062,0.455,0.391,banana,spoiled
5112689,5056,831.00,93.00,80.00,4.062,0.455,0.391,banana,spoiled
5113700,5057,831.00,93.00,80.00,4.062,0.455,0.391,banana,spoiled
5114712,5058,831.00,93.00,80.00,4.062,0.455,0.391,banana,spoiled
5115722,5059,831.00,93.00,80.00,4.062,0.455,0.391,banana,spoiled
5116733,5060,831.00,93.05,80.00,4.062,0.455,0.391,banana,spoiled
5117745,5061,831.00,93.00,80.00,4.062,0.455,0.391,banana,spoiled
5118755,5062,831.00,93.00,80.00,4.062,0.455,0.391,banana,spoiled
5119766,5063,831.00,93.00,80.00,4.062,0.455,0.391,banana,spoiled
5120778,5064,831.00,93.00,80.00,4.062,0.455,0.391,banana,spoiled
5121788,5065,831.00,93.00,80.00,4.062,0.455,0.391,banana,spoiled
5122799,5066,831.05,93.00,80.00,4.062,0.455,0.391,banana,spoiled
5123811,5067,831.00,93.00,80.00,4.062,0.455,0.391,banana,spoiled
5124822,5068,831.10,93.00,80.00,4.062,0.455,0.391,banana,spoiled
5125832,5069,831.05,93.00,80.00,4.062,0.455,0.391,banana,spoiled
5126844,5070,831.00,93.00,80.00,4.062,0.455,0.391,banana,spoiled
5127855,5071,831.05,93.00,80.00,4.062,0.455,0.391,banana,spoiled
5128865,5072,831.00,93.00,80.00,4.062,0.455,0.391,banana,spoiled
5129877,5073,831.00,93.00,80.00,4.062,0.455,0.391,banana,spoiled
5130888,5074,831.05,93.00,80.00,4.062,0.455,0.391,banana,spoiled
5131898,5075,831.00,93.00,80.00,4.062,0.455,0.391,banana,spoiled
5132910,5076,831.10,93.00,80.00,4.062,0.455,0.391,banana,spoiled
5133921,5077,831.00,93.00,80.00,4.062,0.455,0.391,banana,spoiled
5134931,5078,831.05,93.00,80.00,4.062,0.455,0.391,banana,spoiled
5135943,5079,831.10,93.00,80.00,4.062,0.455,0.391,banana,spoiled
5136954,5080,831.15,93.00,80.00,4.062,0.455,0.391,banana,spoiled
5137965,5081,831.10,93.00,80.00,4.062,0.455,0.391,banana,spoiled
5138976,5082,831.15,93.00,80.00,4.062,0.455,0.391,banana,spoiled
5139987,5083,831.05,93.00,80.00,4.062,0.455,0.391,banana,spoiled
5140998,5084,831.05,93.00,80.00,4.062,0.455,0.391,banana,spoiled
5142009,5085,831.15,93.00,80.00,4.062,0.455,0.391,banana,spoiled
5143020,5086,831.05,93.05,80.00,4.062,0.455,0.391,banana,spoiled
5144031,5087,831.05,93.00,80.00,4.062,0.455,0.391,banana,spoiled
5145042,5088,831.05,93.00,80.00,4.062,0.455,0.391,banana,spoiled
5146053,5089,831.05,93.00,80.00,4.062,0.455,0.391,banana,spoiled
5147064,5090,831.10,93.00,80.00,4.062,0.455,0.391,banana,spoiled
5148076,5091,831.10,93.00,80.00,4.062,0.455,0.391,banana,spoiled
5149086,5092,831.10,93.00,80.00,4.062,0.455,0.391,banana,spoiled
5150097,5093,831.10,93.00,80.00,4.062,0.455,0.391,banana,spoiled
5151109,5094,831.05,93.00,80.00,4.062,0.455,0.391,banana,spoiled
5152119,5095,831.15,93.00,80.00,4.062,0.455,0.391,banana,spoiled
5153130,5096,831.05,93.00,80.00,4.062,0.455,0.391,banana,spoiled
5154142,5097,831.00,93.00,80.00,4.062,0.455,0.391,banana,spoiled
5155152,5098,831.10,93.00,80.00,4.062,0.455,0.391,banana,spoiled
5156163,5099,831.00,93.00,80.00,4.062,0.455,0.391,banana,spoiled
5157175,5100,831.10,93.00,80.00,4.062,0.455,0.391,banana,spoiled
5158185,5101,831.10,93.00,80.00,4.062,0.455,0.391,banana,spoiled
5159196,5102,831.25,93.00,80.00,4.063,0.455,0.391,banana,spoiled
5160208,5103,831.30,93.00,80.00,4.063,0.455,0.391,banana,spoiled
5161219,5104,831.15,93.00,80.00,4.062,0.455,0.391,banana,spoiled
5162229,5105,831.10,93.00,80.00,4.062,0.455,0.391,banana,spoiled
5163241,5106,831.20,93.00,80.00,4.063,0.455,0.391,banana,spoiled
5164252,5107,831.30,93.00,80.05,4.063,0.455,0.391,banana,spoiled
5165262,5108,831.40,93.00,80.00,4.064,0.455,0.391,banana,spoiled
5166274,5109,831.40,93.00,80.00,4.064,0.455,0.391,banana,spoiled
5167285,5110,831.25,93.00,80.00,4.063,0.455,0.391,banana,spoiled
5168295,5111,831.25,93.00,80.00,4.063,0.455,0.391,banana,spoiled
5169307,5112,831.45,93.00,80.00,4.064,0.455,0.391,banana,spoiled
5170318,5113,831.55,93.00,80.00,4.064,0.455,0.391,banana,spoiled
5171330,5114,831.55,93.00,80.00,4.064,0.455,0.391,banana,spoiled
5172340,5115,831.45,93.00,80.00,4.064,0.455,0.391,banana,spoiled
5173351,5116,831.55,93.00,80.00,4.064,0.455,0.391,banana,spoiled
5174363,5117,831.45,93.00,80.00,4.064,0.455,0.391,banana,spoiled
5175373,5118,831.50,93.00,80.00,4.064,0.455,0.391,banana,spoiled
5176384,5119,831.70,93.00,80.00,4.065,0.455,0.391,banana,spoiled
5177396,5120,831.65,93.00,80.00,4.065,0.455,0.391,banana,spoiled
5178406,5121,831.85,93.00,80.00,4.066,0.455,0.391,banana,spoiled
5179417,5122,831.90,93.00,80.00,4.066,0.455,0.391,banana,spoiled
5180429,5123,831.90,93.00,80.00,4.066,0.455,0.391,banana,spoiled
5181440,5124,831.85,93.00,80.00,4.066,0.455,0.391,banana,spoiled
5182450,5125,832.00,93.05,80.00,4.066,0.455,0.391,banana,spoiled
5183462,5126,831.95,93.00,80.10,4.066,0.455,0.391,banana,spoiled
5184473,5127,831.90,93.05,80.05,4.066,0.455,0.391,banana,spoiled
5185483,5128,831.95,93.00,80.00,4.066,0.455,0.391,banana,spoiled
5186495,5129,831.95,93.00,80.00,4.066,0.455,0.391,banana,spoiled
5187506,5130,831.80,93.00,80.00,4.065,0.455,0.391,banana,spoiled
5188516,5131,831.80,93.00,80.05,4.065,0.455,0.391,banana,spoiled
5189528,5132,831.30,93.00,80.05,4.063,0.455,0.391,banana,spoiled
5190539,5133,831.55,93.05,80.00,4.064,0.455,0.391,banana,spoiled
5191549,5134,831.60,93.10,80.00,4.065,0.455,0.391,banana,spoiled
5192561,5135,831.55,93.00,80.00,4.064,0.455,0.391,banana,spoiled
5193572,5136,831.50,93.00,80.00,4.064,0.455,0.391,banana,spoiled
5194583,5137,831.50,93.00,80.00,4.064,0.455,0.391,banana,spoiled
5195594,5138,831.65,93.00,80.00,4.065,0.455,0.391,banana,spoiled
5196605,5139,831.45,93.05,80.00,4.064,0.455,0.391,banana,spoiled
5197616,5140,831.70,93.00,80.00,4.065,0.455,0.391,banana,spoiled
5198627,5141,831.75,93.00,80.00,4.065,0.455,0.391,banana,spoiled
5199638,5142,831.45,93.00,80.05,4.064,0.455,0.391,banana,spoiled
5200649,5143,831.95,93.00,80.00,4.066,0.455,0.391,banana,spoiled
5201660,5144,831.85,93.00,80.00,4.066,0.455,0.391,banana,spoiled
5202671,5145,831.95,93.00,80.00,4.066,0.455,0.391,banana,spoiled
5203682,5146,831.80,93.00,80.00,4.065,0.455,0.391,banana,spoiled
5204694,5147,831.95,93.00,80.00,4.066,0.455,0.391,banana,spoiled
5205704,5148,831.60,93.00,80.00,4.065,0.455,0.391,banana,spoiled
5206715,5149,831.90,93.00,80.00,4.066,0.455,0.391,banana,spoiled
5207727,5150,831.85,93.00,80.00,4.066,0.455,0.391,banana,spoiled
5208737,5151,831.80,93.00,80.00,4.065,0.455,0.391,banana,spoiled
5209748,5152,832.00,93.00,80.00,4.066,0.455,0.391,banana,spoiled
5210760,5153,832.00,93.00,80.00,4.066,0.455,0.391,banana,spoiled
5211770,5154,831.90,93.00,80.00,4.066,0.455,0.391,banana,spoiled
5212781,5155,832.00,93.00,80.00,4.066,0.455,0.391,banana,spoiled
5213793,5156,831.85,93.00,80.05,4.066,0.455,0.391,banana,spoiled
5214803,5157,831.85,93.00,80.00,4.066,0.455,0.391,banana,spoiled
5215814,5158,831.95,93.05,80.00,4.066,0.455,0.391,banana,spoiled
5216826,5159,832.00,93.00,80.00,4.066,0.455,0.391,banana,spoiled
5217837,5160,831.95,93.05,80.00,4.066,0.455,0.391,banana,spoiled
5218847,5161,831.95,93.00,80.00,4.066,0.455,0.391,banana,spoiled
5219859,5162,831.95,93.05,80.00,4.066,0.455,0.391,banana,spoiled
5220870,5163,832.00,93.00,80.00,4.066,0.455,0.391,banana,spoiled
5221880,5164,832.00,93.00,80.00,4.066,0.455,0.391,banana,spoiled
5222892,5165,832.00,93.05,80.00,4.066,0.455,0.391,banana,spoiled
5223903,5166,832.00,93.00,80.00,4.066,0.455,0.391,banana,spoiled
5224913,5167,831.95,93.00,80.00,4.066,0.455,0.391,banana,spoiled
5225925,5168,832.00,93.00,80.00,4.066,0.455,0.391,banana,spoiled
5226936,5169,832.00,93.05,80.00,4.066,0.455,0.391,banana,spoiled
5227947,5170,832.00,93.05,80.00,4.066,0.455,0.391,banana,spoiled
5228958,5171,832.00,93.00,80.05,4.066,0.455,0.391,banana,spoiled
5229969,5172,832.00,93.00,80.05,4.066,0.455,0.391,banana,spoiled
5230980,5173,832.00,93.00,80.00,4.066,0.455,0.391,banana,spoiled
5231991,5174,832.00,93.00,80.00,4.066,0.455,0.391,banana,spoiled
5233002,5175,832.00,93.05,80.00,4.066,0.455,0.391,banana,spoiled
5234013,5176,832.00,93.05,80.00,4.066,0.455,0.391,banana,spoiled
5235024,5177,832.00,93.05,80.00,4.066,0.455,0.391,banana,spoiled
5236035,5178,832.00,93.05,80.00,4.066,0.455,0.391,banana,spoiled
5237046,5179,832.00,93.10,80.00,4.066,0.455,0.391,banana,spoiled
5238057,5180,832.00,93.10,80.00,4.066,0.455,0.391,banana,spoiled
5239068,5181,832.00,93.00,80.05,4.066,0.455,0.391,banana,spoiled
5240079,5182,832.00,93.15,80.00,4.066,0.455,0.391,banana,spoiled
5241091,5183,832.00,93.00,80.00,4.066,0.455,0.391,banana,spoiled
5242101,5184,832.00,93.00,80.05,4.066,0.455,0.391,banana,spoiled
5243112,5185,832.00,93.05,80.00,4.066,0.455,0.391,banana,spoiled
5244124,5186,832.00,93.00,80.00,4.066,0.455,0.391,banana,spoiled
5245134,5187,832.00,93.10,80.00,4.066,0.455,0.391,banana,spoiled
5246145,5188,832.00,93.05,80.00,4.066,0.455,0.391,banana,spoiled
5247157,5189,832.00,93.15,80.00,4.066,0.455,0.391,banana,spoiled
5248167,5190,832.00,93.10,80.00,4.066,0.455,0.391,banana,spoiled
5249178,5191,832.00,93.10,80.00,4.066,0.455,0.391,banana,spoiled
5250190,5192,832.00,93.05,80.00,4.066,0.455,0.391,banana,spoiled
5251201,5193,832.00,93.10,80.00,4.066,0.455,0.391,banana,spoiled
5252211,5194,832.00,93.15,80.05,4.066,0.455,0.391,banana,spoiled
5253223,5195,832.00,93.00,80.00,4.066,0.455,0.391,banana,spoiled
5254234,5196,832.00,93.00,80.00,4.066,0.455,0.391,banana,spoiled
5255244,5197,832.00,93.10,80.00,4.066,0.455,0.391,banana,spoiled
5256256,5198,832.00,93.10,80.00,4.066,0.455,0.391,banana,spoiled
5257267,5199,832.00,93.00,80.05,4.066,0.455,0.391,banana,spoiled
5258277,5200,832.00,93.05,80.00,4.066,0.455,0.391,banana,spoiled
5259289,5201,832.00,93.10,80.00,4.066,0.455,0.391,banana,spoiled
5260300,5202,832.00,93.20,80.00,4.066,0.456,0.391,banana,spoiled
5261310,5203,832.00,93.10,80.00,4.066,0.455,0.391,banana,spoiled
5262322,5204,832.05,93.25,80.00,4.067,0.456,0.391,banana,spoiled
5263333,5205,832.00,93.30,80.00,4.066,0.456,0.391,banana,spoiled
5264344,5206,832.00,93.05,80.00,4.066,0.455,0.391,banana,spoiled
5265355,5207,832.00,93.20,80.00,4.066,0.456,0.391,banana,spoiled
5266366,5208,832.00,93.15,80.00,4.066,0.455,0.391,banana,spoiled
5267377,5209,832.00,93.10,80.05,4.066,0.455,0.391,banana,spoiled
5268388,5210,832.00,93.15,80.00,4.066,0.455,0.391,banana,spoiled
5269399,5211,832.00,93.20,80.00,4.066,0.456,0.391,banana,spoiled
5270410,5212,832.00,93.20,80.00,4.066,0.456,0.391,banana,spoiled
5271421,5213,832.00,93.20,80.00,4.066,0.456,0.391,banana,spoiled
5272432,5214,832.00,93.15,80.05,4.066,0.455,0.391,banana,spoiled
5273443,5215,832.00,93.15,80.00,4.066,0.455,0.391,banana,spoiled
5274455,5216,832.00,93.30,80.00,4.066,0.456,0.391,banana,spoiled
5275465,5217,832.00,93.35,80.00,4.066,0.456,0.391,banana,spoiled
5276476,5218,832.00,93.25,80.05,4.066,0.456,0.391,banana,spoiled
5277488,5219,832.00,93.30,80.05,4.066,0.456,0.391,banana,spoiled
5278498,5220,832.00,93.35,80.05,4.066,0.456,0.391,banana,spoiled
5279509,5221,832.00,93.35,80.10,4.066,0.456,0.391,banana,spoiled
5280521,5222,832.00,93.20,80.00,4.066,0.456,0.391,banana,spoiled
5281531,5223,832.00,93.25,80.00,4.066,0.456,0.391,banana,spoiled
5282542,5224,832.05,93.35,80.00,4.067,0.456,0.391,banana,spoiled
5283554,5225,832.00,93.20,80.10,4.066,0.456,0.391,banana,spoiled
5284564,5226,832.00,93.55,80.05,4.066,0.457,0.391,banana,spoiled
5285575,5227,832.00,93.45,80.05,4.066,0.457,0.391,banana,spoiled
5286587,5228,832.00,93.40,80.00,4.066,0.457,0.391,banana,spoiled
5287598,5229,832.00,93.20,80.00,4.066,0.456,0.391,banana,spoiled
5288608,5230,832.00,93.55,80.00,4.066,0.457,0.391,banana,spoiled
5289620,5231,832.00,93.60,80.05,4.066,0.457,0.391,banana,spoiled
5290631,5232,832.00,93.60,80.00,4.066,0.457,0.391,banana,spoiled
5291641,5233,832.00,93.50,80.00,4.066,0.457,0.391,banana,spoiled
5292653,5234,832.00,93.50,80.05,4.066,0.457,0.391,banana,spoiled
5293664,5235,832.00,93.70,80.00,4.066,0.458,0.391,banana,spoiled
5294674,5236,832.05,93.55,80.00,4.067,0.457,0.391,banana,spoiled
5295686,5237,832.00,93.60,80.05,4.066,0.457,0.391,banana,spoiled
5296697,5238,832.05,93.60,80.10,4.067,0.457,0.391,banana,spoiled
5297708,5239,832.10,93.75,80.00,4.067,0.458,0.391,banana,spoiled
5298719,5240,832.10,93.85,80.00,4.067,0.459,0.391,banana,spoiled
5299730,5241,832.20,93.65,80.00,4.067,0.458,0.391,banana,spoiled
5300741,5242,832.00,93.85,80.05,4.066,0.459,0.391,banana,spoiled
5301752,5243,832.15,93.90,80.05,4.067,0.459,0.391,banana,spoiled
5302763,5244,832.05,93.85,80.05,4.067,0.459,0.391,banana,spoiled
5303774,5245,832.15,93.75,80.05,4.067,0.458,0.391,banana,spoiled
5304785,5246,832.00,93.70,80.00,4.066,0.458,0.391,banana,spoiled
5305796,5247,832.15,93.90,80.05,4.067,0.459,0.391,banana,spoiled
5306807,5248,832.15,93.75,80.20,4.067,0.458,0.392,banana,spoiled
5307819,5249,832.15,94.00,80.00,4.067,0.459,0.391,banana,spoiled
5308829,5250,832.15,93.80,80.05,4.067,0.458,0.391,banana,spoiled
5309840,5251,832.15,93.95,80.10,4.067,0.459,0.391,banana,spoiled
5310852,5252,832.20,94.00,80.10,4.067,0.459,0.391,banana,spoiled
5311862,5253,832.40,93.80,80.10,4.068,0.458,0.391,banana,spoiled
5312874,5254,832.40,93.80,80.15,4.068,0.458,0.392,banana,spoiled
5313885,5255,832.30,93.90,80.10,4.068,0.459,0.391,banana,spoiled
5314895,5256,832.35,93.85,80.10,4.068,0.459,0.391,banana,spoiled
5315907,5257,832.30,94.00,80.10,4.068,0.459,0.391,banana,spoiled
5316918,5258,832.25,93.90,80.05,4.068,0.459,0.391,banana,spoiled
5317928,5259,832.25,93.90,80.05,4.068,0.459,0.391,banana,spoiled
5318940,5260,832.20,94.00,80.05,4.067,0.459,0.391,banana,spoiled
5319951,5261,832.15,94.00,80.05,4.067,0.459,0.391,banana,spoiled
5320962,5262,832.25,93.90,80.05,4.068,0.459,0.391,banana,spoiled
5321973,5263,832.50,93.95,80.10,4.069,0.459,0.391,banana,spoiled
5322984,5264,832.30,93.90,80.05,4.068,0.459,0.391,banana,spoiled
5323995,5265,832.50,93.95,80.10,4.069,0.459,0.391,banana,spoiled
5325006,5266,832.35,93.95,80.10,4.068,0.459,0.391,banana,spoiled
5326017,5267,832.25,94.00,80.05,4.068,0.459,0.391,banana,spoiled
5327028,5268,832.30,94.00,80.10,4.068,0.459,0.391,banana,spoiled
5328039,5269,832.40,94.00,80.05,4.068,0.459,0.391,banana,spoiled
5329050,5270,832.35,93.90,80.00,4.068,0.459,0.391,banana,spoiled
5330061,5271,832.40,94.00,80.10,4.068,0.459,0.391,banana,spoiled
5331073,5272,832.35,94.00,80.10,4.068,0.459,0.391,banana,spoiled
5332083,5273,832.35,94.00,80.05,4.068,0.459,0.391,banana,spoiled
5333094,5274,832.60,94.00,80.00,4.069,0.459,0.391,banana,spoiled
5334106,5275,832.75,94.00,80.05,4.070,0.459,0.391,banana,spoiled
5335116,5276,832.65,93.90,80.15,4.070,0.459,0.392,banana,spoiled
5336127,5277,832.80,94.00,80.05,4.070,0.459,0.391,banana,spoiled
5337139,5278,832.75,93.95,80.00,4.070,0.459,0.391,banana,spoiled
5338149,5279,832.70,94.00,80.15,4.070,0.459,0.392,banana,spoiled
5339160,5280,832.75,94.00,80.10,4.070,0.459,0.391,banana,spoiled
5340172,5281,832.70,93.95,80.05,4.070,0.459,0.391,banana,spoiled
5341182,5282,832.65,94.00,80.20,4.070,0.459,0.392,banana,spoiled
5342194,5283,832.65,94.00,80.25,4.070,0.459,0.392,banana,spoiled
5343205,5284,832.55,94.00,80.10,4.069,0.459,0.391,banana,spoiled
5344216,5285,832.55,93.95,80.20,4.069,0.459,0.392,banana,spoiled
5345227,5286,832.40,94.00,80.10,4.068,0.459,0.391,banana,spoiled
5346238,5287,832.65,93.95,80.05,4.070,0.459,0.391,banana,spoiled
5347249,5288,832.55,94.00,80.00,4.069,0.459,0.391,banana,spoiled
5348260,5289,832.80,94.00,80.00,4.070,0.459,0.391,banana,spoiled
5349271,5290,832.70,94.00,80.20,4.070,0.459,0.392,banana,spoiled
5350282,5291,832.65,94.00,80.30,4.070,0.459,0.392,banana,spoiled
5351293,5292,832.70,94.00,80.20,4.070,0.459,0.392,banana,spoiled
5352304,5293,832.85,94.00,80.20,4.071,0.459,0.392,banana,spoiled
5353315,5294,832.70,94.00,80.10,4.070,0.459,0.391,banana,spoiled
5354327,5295,832.95,94.00,80.20,4.071,0.459,0.392,banana,spoiled
5355337,5296,832.85,94.00,80.05,4.071,0.459,0.391,banana,spoiled
5356348,5297,832.95,94.00,80.20,4.071,0.459,0.392,banana,spoiled
5357360,5298,833.00,94.00,80.25,4.071,0.459,0.392,banana,spoiled
5358370,5299,833.00,94.00,80.15,4.071,0.459,0.392,banana,spoiled
5359381,5300,832.95,94.00,80.05,4.071,0.459,0.391,banana,spoiled
5360393,5301,832.95,94.00,80.25,4.071,0.459,0.392,banana,spoiled
5361403,5302,832.95,94.00,80.40,4.071,0.459,0.393,banana,spoiled
5362414,5303,832.95,94.00,80.15,4.071,0.459,0.392,banana,spoiled
5363426,5304,833.00,94.00,80.30,4.071,0.459,0.392,banana,spoiled
5364436,5305,832.95,94.00,80.50,4.071,0.459,0.393,banana,spoiled
5365447,5306,832.95,94.00,80.15,4.071,0.459,0.392,banana,spoiled
5366459,5307,833.00,94.00,80.25,4.071,0.459,0.392,banana,spoiled
5367470,5308,832.85,94.00,80.15,4.071,0.459,0.392,banana,spoiled
5368480,5309,832.85,94.00,80.25,4.071,0.459,0.392,banana,spoiled
5369492,5310,833.00,94.00,80.20,4.071,0.459,0.392,banana,spoiled
5370503,5311,833.00,94.00,80.25,4.071,0.459,0.392,banana,spoiled
5371513,5312,832.95,94.00,80.45,4.071,0.459,0.393,banana,spoiled
5372525,5313,833.00,94.00,80.25,4.071,0.459,0.392,banana,spoiled
5373536,5314,833.00,94.00,80.15,4.071,0.459,0.392,banana,spoiled
5374546,5315,833.00,94.00,80.20,4.071,0.459,0.392,banana,spoiled
5375558,5316,832.95,94.00,80.10,4.071,0.459,0.391,banana,spoiled
5376569,5317,832.95,94.00,80.25,4.071,0.459,0.392,banana,spoiled
5377581,5318,832.95,94.00,80.25,4.071,0.459,0.392,banana,spoiled
5378591,5319,833.00,94.00,80.10,4.071,0.459,0.391,banana,spoiled
5379602,5320,833.00,94.00,80.10,4.071,0.459,0.391,banana,spoiled
5380614,5321,832.90,94.00,80.25,4.071,0.459,0.392,banana,spoiled
5381624,5322,832.95,94.00,80.05,4.071,0.459,0.391,banana,spoiled
5382635,5323,833.00,94.00,80.15,4.071,0.459,0.392,banana,spoiled
5383647,5324,832.95,94.00,80.20,4.071,0.459,0.392,banana,spoiled
5384657,5325,833.00,94.00,80.25,4.071,0.459,0.392,banana,spoiled
5385668,5326,833.00,94.00,80.20,4.071,0.459,0.392,banana,spoiled
5386680,5327,833.00,94.00,80.10,4.071,0.459,0.391,banana,spoiled
5387691,5328,833.00,94.00,80.20,4.071,0.459,0.392,banana,spoiled
5388701,5329,833.00,94.00,80.20,4.071,0.459,0.392,banana,spoiled
5389713,5330,833.00,94.00,80.25,4.071,0.459,0.392,banana,spoiled
5390724,5331,832.95,94.00,80.20,4.071,0.459,0.392,banana,spoiled
5391734,5332,833.00,94.00,80.30,4.071,0.459,0.392,banana,spoiled
5392746,5333,833.00,94.00,80.10,4.071,0.459,0.391,banana,spoiled
5393757,5334,833.00,94.00,80.35,4.071,0.459,0.393,banana,spoiled
5394767,5335,833.00,94.00,80.25,4.071,0.459,0.392,banana,spoiled
5395779,5336,833.00,94.00,80.25,4.071,0.459,0.392,banana,spoiled
5396790,5337,833.00,94.00,80.10,4.071,0.459,0.391,banana,spoiled
5397800,5338,833.00,94.00,80.05,4.071,0.459,0.391,banana,spoiled
5398812,5339,833.00,94.00,80.20,4.071,0.459,0.392,banana,spoiled
5399823,5340,833.00,94.00,80.15,4.071,0.459,0.392,banana,spoiled
5400834,5341,832.95,94.00,80.15,4.071,0.459,0.392,banana,spoiled
5401845,5342,833.00,94.00,80.15,4.071,0.459,0.392,banana,spoiled
5402856,5343,833.00,94.00,80.20,4.071,0.459,0.392,banana,spoiled
5403867,5344,833.00,94.00,80.15,4.071,0.459,0.392,banana,spoiled
5404878,5345,833.00,94.00,80.25,4.071,0.459,0.392,banana,spoiled
5405889,5346,833.00,94.00,80.25,4.071,0.459,0.392,banana,spoiled
5406900,5347,832.95,94.00,80.30,4.071,0.459,0.392,banana,spoiled
5407911,5348,833.00,94.00,80.10,4.071,0.459,0.391,banana,spoiled
5408922,5349,832.95,94.00,80.25,4.071,0.459,0.392,banana,spoiled
5409933,5350,833.00,94.00,80.15,4.071,0.459,0.392,banana,spoiled
5410945,5351,832.95,94.00,80.15,4.071,0.459,0.392,banana,spoiled
5411955,5352,832.95,94.00,80.15,4.071,0.459,0.392,banana,spoiled
5412966,5353,833.00,94.00,80.25,4.071,0.459,0.392,banana,spoiled
5413978,5354,832.90,94.00,80.10,4.071,0.459,0.391,banana,spoiled
5414988,5355,833.00,94.00,80.30,4.071,0.459,0.392,banana,spoiled
5415999,5356,832.95,94.00,80.20,4.071,0.459,0.392,banana,spoiled
5417011,5357,832.90,94.00,80.00,4.071,0.459,0.391,banana,spoiled
5418021,5358,833.00,94.00,80.15,4.071,0.459,0.392,banana,spoiled
5419032,5359,832.95,94.00,80.15,4.071,0.459,0.392,banana,spoiled
5420044,5360,833.00,94.00,80.20,4.071,0.459,0.392,banana,spoiled
5421054,5361,833.00,94.00,80.30,4.071,0.459,0.392,banana,spoiled
5422065,5362,833.00,94.00,80.10,4.071,0.459,0.391,banana,spoiled
5423077,5363,833.00,94.00,80.00,4.071,0.459,0.391,banana,spoiled
5424088,5364,833.00,94.00,80.15,4.071,0.459,0.392,banana,spoiled
5425098,5365,833.00,94.00,80.10,4.071,0.459,0.391,banana,spoiled
5426110,5366,833.00,94.00,80.20,4.071,0.459,0.392,banana,spoiled
5427121,5367,833.00,94.05,80.10,4.071,0.460,0.391,banana,spoiled
5428131,5368,832.95,94.00,80.25,4.071,0.459,0.392,banana,spoiled
5429143,5369,833.00,94.00,80.15,4.071,0.459,0.392,banana,spoiled
5430154,5370,833.00,94.00,80.05,4.071,0.459,0.391,banana,spoiled
5431165,5371,833.00,94.05,80.05,4.071,0.460,0.391,banana,spoiled
5432176,5372,833.00,94.00,80.20,4.071,0.459,0.392,banana,spoiled
5433187,5373,833.00,94.05,80.05,4.071,0.460,0.391,banana,spoiled
5434199,5374,833.00,94.05,80.10,4.071,0.460,0.391,banana,spoiled
5435209,5375,833.00,94.00,80.15,4.071,0.459,0.392,banana,spoiled
5436220,5376,833.00,94.00,80.10,4.071,0.459,0.391,banana,spoiled
5437232,5377,833.00,94.05,80.20,4.071,0.460,0.392,banana,spoiled
5438242,5378,833.00,94.00,80.25,4.071,0.459,0.392,banana,spoiled
5439253,5379,833.00,94.00,80.15,4.071,0.459,0.392,banana,spoiled
5440265,5380,833.00,94.10,80.20,4.071,0.460,0.392,banana,spoiled
5441275,5381,833.00,94.05,80.05,4.071,0.460,0.391,banana,spoiled
5442286,5382,833.00,94.00,80.10,4.071,0.459,0.391,banana,spoiled
5443298,5383,833.00,94.10,80.25,4.071,0.460,0.392,banana,spoiled
5444308,5384,833.00,94.00,80.10,4.071,0.459,0.391,banana,spoiled
5445319,5385,833.00,94.00,80.15,4.071,0.459,0.392,banana,spoiled
5446331,5386,833.00,94.05,80.05,4.071,0.460,0.391,banana,spoiled
5447342,5387,833.00,94.00,80.15,4.071,0.459,0.392,banana,spoiled
5448352,5388,833.00,94.00,80.30,4.071,0.459,0.392,banana,spoiled
5449364,5389,833.00,94.05,80.10,4.071,0.460,0.391,banana,spoiled
5450375,5390,833.00,94.00,80.30,4.071,0.459,0.392,banana,spoiled
5451385,5391,833.00,94.00,80.10,4.071,0.459,0.391,banana,spoiled
5452397,5392,833.00,94.00,80.15,4.071,0.459,0.392,banana,spoiled
5453408,5393,833.00,94.00,80.20,4.071,0.459,0.392,banana,spoiled
5454418,5394,833.00,94.00,80.15,4.071,0.459,0.392,banana,spoiled
5455430,5395,833.00,94.05,80.15,4.071,0.460,0.392,banana,spoiled
5456441,5396,833.00,94.00,80.20,4.071,0.459,0.392,banana,spoiled
5457452,5397,833.00,94.00,80.15,4.071,0.459,0.392,banana,spoiled
5458463,5398,833.00,94.00,80.05,4.071,0.459,0.391,banana,spoiled
5459474,5399,833.00,94.00,80.20,4.071,0.459,0.392,banana,spoiled
5460485,5400,833.00,94.05,80.10,4.071,0.460,0.391,banana,spoiled
5461496,5401,833.00,94.00,80.30,4.071,0.459,0.392,banana,spoiled
5462507,5402,833.00,94.00,80.10,4.071,0.459,0.391,banana,spoiled
5463518,5403,833.00,94.05,80.05,4.071,0.460,0.391,banana,spoiled
5464529,5404,833.00,94.05,80.10,4.071,0.460,0.391,banana,spoiled
5465540,5405,833.00,94.05,80.20,4.071,0.460,0.392,banana,spoiled
5466551,5406,833.05,94.00,80.15,4.072,0.459,0.392,banana,spoiled
5467563,5407,833.00,94.00,80.15,4.071,0.459,0.392,banana,spoiled
5468573,5408,833.00,94.00,80.00,4.071,0.459,0.391,banana,spoiled
5469584,5409,833.00,94.05,80.00,4.071,0.460,0.391,banana,spoiled
5470596,5410,833.00,94.05,80.15,4.071,0.460,0.392,banana,spoiled
5471606,5411,833.00,94.00,80.15,4.071,0.459,0.392,banana,spoiled
5472617,5412,833.00,94.00,80.10,4.071,0.459,0.391,banana,spoiled
5473629,5413,833.00,94.05,80.10,4.071,0.460,0.391,banana,spoiled
5474639,5414,833.00,94.10,80.05,4.071,0.460,0.391,banana,spoiled
5475650,5415,833.00,94.10,80.00,4.071,0.460,0.391,banana,spoiled
5476662,5416,833.00,94.00,80.15,4.071,0.459,0.392,banana,spoiled
5477672,5417,833.00,94.05,80.15,4.071,0.460,0.392,banana,spoiled
5478683,5418,833.00,94.05,80.00,4.071,0.460,0.391,banana,spoiled
5479695,5419,833.00,94.10,80.15,4.071,0.460,0.392,banana,spoiled
5480706,5420,833.00,94.05,80.00,4.071,0.460,0.391,banana,spoiled
5481717,5421,833.00,94.05,80.05,4.071,0.460,0.391,banana,spoiled
5482728,5422,833.00,94.00,80.15,4.071,0.459,0.392,banana,spoiled
5483739,5423,833.00,94.05,80.00,4.071,0.460,0.391,banana,spoiled
5484750,5424,833.05,94.10,80.05,4.072,0.460,0.391,banana,spoiled
5485761,5425,833.15,94.00,80.00,4.072,0.459,0.391,banana,spoiled
5486772,5426,833.10,94.05,80.05,4.072,0.460,0.391,banana,spoiled
5487783,5427,833.00,94.00,80.00,4.071,0.459,0.391,banana,spoiled
5488794,5428,833.00,94.00,80.10,4.071,0.459,0.391,banana,spoiled
5489805,5429,833.05,94.05,80.00,4.072,0.460,0.391,banana,spoiled
5490817,5430,833.00,94.05,80.00,4.071,0.460,0.391,banana,spoiled
5491827,5431,833.05,94.10,80.10,4.072,0.460,0.391,banana,spoiled
5492838,5432,833.15,94.05,80.00,4.072,0.460,0.391,banana,spoiled
5493850,5433,833.00,94.15,80.15,4.071,0.460,0.392,banana,spoiled
5494860,5434,833.05,94.00,80.05,4.072,0.459,0.391,banana,spoiled
5495871,5435,833.00,94.00,80.10,4.071,0.459,0.391,banana,spoiled
5496883,5436,833.00,94.00,80.05,4.071,0.459,0.391,banana,spoiled
5497893,5437,833.00,94.10,80.05,4.071,0.460,0.391,banana,spoiled
5498904,5438,833.00,94.10,80.00,4.071,0.460,0.391,banana,spoiled
5499916,5439,833.00,94.15,80.05,4.071,0.460,0.391,banana,spoiled
5500926,5440,833.00,94.00,80.20,4.071,0.459,0.392,banana,spoiled
5501937,5441,833.00,94.00,80.05,4.071,0.459,0.391,banana,spoiled
5502949,5442,833.00,94.00,80.05,4.071,0.459,0.391,banana,spoiled
5503960,5443,833.00,94.10,80.10,4.071,0.460,0.391,banana,spoiled
5504970,5444,833.00,94.05,80.15,4.071,0.460,0.392,banana,spoiled
5505982,5445,833.00,94.00,80.20,4.071,0.459,0.392,banana,spoiled
5506993,5446,833.00,94.05,80.10,4.071,0.460,0.391,banana,spoiled
5508003,5447,833.00,94.05,80.15,4.071,0.460,0.392,banana,spoiled
5509015,5448,833.05,94.05,80.10,4.072,0.460,0.391,banana,spoiled
5510026,5449,833.00,94.10,80.15,4.071,0.460,0.392,banana,spoiled
5511036,5450,833.00,94.00,80.30,4.071,0.459,0.392,banana,spoiled
5512048,5451,833.00,94.05,80.20,4.071,0.460,0.392,banana,spoiled
5513059,5452,833.00,94.00,80.35,4.071,0.459,0.393,banana,spoiled
5514070,5453,833.00,94.35,80.25,4.071,0.461,0.392,banana,spoiled
5515081,5454,833.00,94.10,80.35,4.071,0.460,0.393,banana,spoiled
5516092,5455,833.00,94.20,80.35,4.071,0.460,0.393,banana,spoiled
5517104,5456,833.00,94.15,80.35,4.071,0.460,0.393,banana,spoiled
5518114,5457,833.00,94.20,80.35,4.071,0.460,0.393,banana,spoiled
5519125,5458,832.90,94.25,80.25,4.071,0.461,0.392,banana,spoiled
5520137,5459,832.80,94.25,80.40,4.070,0.461,0.393,banana,spoiled
5521147,5460,832.40,94.15,80.45,4.068,0.460,0.393,banana,spoiled
5522158,5461,832.40,94.15,80.45,4.068,0.460,0.393,banana,spoiled
5523170,5462,832.15,94.15,80.50,4.067,0.460,0.393,banana,spoiled
5524180,5463,832.05,94.35,80.45,4.067,0.461,0.393,banana,spoiled
5525191,5464,832.00,94.25,80.30,4.066,0.461,0.392,banana,spoiled
5526203,5465,832.00,94.30,80.45,4.066,0.461,0.393,banana,spoiled
5527214,5466,832.00,94.25,80.40,4.066,0.461,0.393,banana,spoiled
5528224,5467,832.00,94.55,80.40,4.066,0.462,0.393,banana,spoiled
5529236,5468,832.00,94.35,80.65,4.066,0.461,0.394,banana,spoiled
5530247,5469,831.75,94.40,80.30,4.065,0.461,0.392,banana,spoiled
5531257,5470,831.35,94.40,80.25,4.063,0.461,0.392,banana,spoiled
5532269,5471,831.30,94.45,80.40,4.063,0.462,0.393,banana,spoiled
5533280,5472,831.00,94.55,80.35,4.062,0.462,0.393,banana,spoiled
5534290,5473,831.00,94.60,80.30,4.062,0.462,0.392,banana,spoiled
5535302,5474,831.00,94.35,80.35,4.062,0.461,0.393,banana,spoiled
5536313,5475,831.00,94.40,80.40,4.062,0.461,0.393,banana,spoiled
5537324,5476,831.00,94.50,80.50,4.062,0.462,0.393,banana,spoiled
5538335,5477,830.95,94.95,80.45,4.061,0.464,0.393,banana,spoiled
5539346,5478,830.75,94.65,80.45,4.060,0.463,0.393,banana,spoiled
5540357,5479,830.40,94.60,80.45,4.059,0.462,0.393,banana,spoiled
5541368,5480,830.20,94.60,80.50,4.058,0.462,0.393,banana,spoiled
5542379,5481,830.10,94.85,80.20,4.057,0.464,0.392,banana,spoiled
5543390,5482,830.05,94.85,80.40,4.057,0.464,0.393,banana,spoiled
5544401,5483,830.00,94.85,80.15,4.057,0.464,0.392,banana,spoiled
5545412,5484,830.00,94.70,80.35,4.057,0.463,0.393,banana,spoiled
5546424,5485,830.00,94.80,80.25,4.057,0.463,0.392,banana,spoiled
5547435,5486,829.95,94.95,80.15,4.056,0.464,0.392,banana,spoiled
5548445,5487,829.85,95.00,80.40,4.056,0.464,0.393,banana,spoiled
5549457,5488,829.45,94.95,80.30,4.054,0.464,0.392,banana,spoiled
5550468,5489,829.15,94.95,80.45,4.053,0.464,0.393,banana,spoiled
5551478,5490,829.20,94.95,80.25,4.053,0.464,0.392,banana,spoiled
5552490,5491,829.05,94.85,80.20,4.052,0.464,0.392,banana,spoiled
5553501,5492,829.15,94.85,80.20,4.053,0.464,0.392,banana,spoiled
5554511,5493,829.00,94.95,80.20,4.052,0.464,0.392,banana,spoiled
5555523,5494,829.00,94.95,80.20,4.052,0.464,0.392,banana,spoiled
5556534,5495,829.00,95.00,80.20,4.052,0.464,0.392,banana,spoiled
5557544,5496,829.00,94.95,80.30,4.052,0.464,0.392,banana,spoiled
5558556,5497,829.00,94.95,80.30,4.052,0.464,0.392,banana,spoiled
5559567,5498,828.90,94.95,80.15,4.051,0.464,0.392,banana,spoiled
5560578,5499,828.55,94.90,80.20,4.050,0.464,0.392,banana,spoiled
5561589,5500,828.55,94.90,80.20,4.050,0.464,0.392,banana,spoiled
5562600,5501,828.20,94.95,80.15,4.048,0.464,0.392,banana,spoiled
5563611,5502,828.00,95.00,80.10,4.047,0.464,0.391,banana,spoiled
5564622,5503,828.05,95.00,80.20,4.047,0.464,0.392,banana,spoiled
5565633,5504,828.00,94.95,80.25,4.047,0.464,0.392,banana,spoiled
5566645,5505,828.00,95.00,80.35,4.047,0.464,0.393,banana,spoiled
5567655,5506,828.00,94.90,80.30,4.047,0.464,0.392,banana,spoiled
5568666,5507,828.00,94.90,80.10,4.047,0.464,0.391,banana,spoiled
5569678,5508,828.00,95.00,80.10,4.047,0.464,0.391,banana,spoiled
5570689,5509,828.00,94.90,80.20,4.047,0.464,0.392,banana,spoiled
5571699,5510,827.95,94.90,80.10,4.047,0.464,0.391,banana,spoiled
5572711,5511,828.00,94.95,80.15,4.047,0.464,0.392,banana,spoiled
5573722,5512,828.00,94.90,80.30,4.047,0.464,0.392,banana,spoiled
5574732,5513,827.95,95.00,80.30,4.047,0.464,0.392,banana,spoiled
5575744,5514,827.80,95.00,80.15,4.046,0.464,0.392,banana,spoiled
5576755,5515,827.50,95.00,80.20,4.044,0.464,0.392,banana,spoiled
5577765,5516,827.45,94.95,80.15,4.044,0.464,0.392,banana,spoiled
5578777,5517,827.25,95.00,80.15,4.043,0.464,0.392,banana,spoiled
5579788,5518,827.10,95.00,80.40,4.043,0.464,0.393,banana,spoiled
5580798,5519,827.05,95.00,80.35,4.042,0.464,0.393,banana,spoiled
5581810,5520,827.00,95.00,80.30,4.042,0.464,0.392,banana,spoiled
5582821,5521,827.00,95.00,80.55,4.042,0.464,0.394,banana,spoiled
5583832,5522,827.00,95.00,80.30,4.042,0.464,0.392,banana,spoiled
5584843,5523,827.00,95.00,80.35,4.042,0.464,0.393,banana,spoiled
5585854,5524,827.00,95.00,80.40,4.042,0.464,0.393,banana,spoiled
5586865,5525,827.00,95.00,80.40,4.042,0.464,0.393,banana,spoiled
5587876,5526,827.00,95.00,80.35,4.042,0.464,0.393,banana,spoiled
5588887,5527,827.00,95.00,80.30,4.042,0.464,0.392,banana,spoiled
5589898,5528,827.00,95.00,80.50,4.042,0.464,0.393,banana,spoiled
5590909,5529,827.00,95.00,80.50,4.042,0.464,0.393,banana,spoiled
5591920,5530,827.00,94.95,80.25,4.042,0.464,0.392,banana,spoiled
5592931,5531,827.00,95.00,80.35,4.042,0.464,0.393,banana,spoiled
5593943,5532,826.95,95.00,80.35,4.042,0.464,0.393,banana,spoiled
5594953,5533,826.90,95.00,80.35,4.042,0.464,0.393,banana,spoiled
5595965,5534,826.60,95.00,80.35,4.040,0.464,0.393,banana,spoiled
5596976,5535,826.45,95.00,80.35,4.039,0.464,0.393,banana,spoiled
5597986,5536,826.60,95.00,80.40,4.040,0.464,0.393,banana,spoiled
5598998,5537,826.30,95.00,80.35,4.039,0.464,0.393,banana,spoiled
5600009,5538,826.50,95.00,80.25,4.040,0.464,0.392,banana,spoiled
5601019,5539,826.35,95.00,80.35,4.039,0.464,0.393,banana,spoiled
5602031,5540,826.35,95.00,80.30,4.039,0.464,0.392,banana,spoiled
5603042,5541,826.15,95.00,80.55,4.038,0.464,0.394,banana,spoiled
5604052,5542,826.10,95.00,80.40,4.038,0.464,0.393,banana,spoiled
5605064,5543,826.10,95.00,80.25,4.038,0.464,0.392,banana,spoiled
5606075,5544,826.10,95.00,80.25,4.038,0.464,0.392,banana,spoiled
5607086,5545,826.00,95.00,80.45,4.037,0.464,0.393,banana,spoiled
5608097,5546,826.00,95.00,80.55,4.037,0.464,0.394,banana,spoiled
5609108,5547,826.00,95.00,80.50,4.037,0.464,0.393,banana,spoiled
5610119,5548,826.00,95.00,80.35,4.037,0.464,0.393,banana,spoiled
5611130,5549,826.00,95.00,80.50,4.037,0.464,0.393,banana,spoiled
5612141,5550,826.00,95.00,80.40,4.037,0.464,0.393,banana,spoiled
5613152,5551,826.00,95.00,80.70,4.037,0.464,0.394,banana,spoiled
5614163,5552,826.00,95.00,80.30,4.037,0.464,0.392,banana,spoiled
5615174,5553,826.00,95.00,80.60,4.037,0.464,0.394,banana,spoiled
5616185,5554,826.00,95.00,80.35,4.037,0.464,0.393,banana,spoiled
5617197,5555,826.00,95.00,80.60,4.037,0.464,0.394,banana,spoiled
5618207,5556,826.00,95.00,80.45,4.037,0.464,0.393,banana,spoiled
5619218,5557,826.00,95.00,80.35,4.037,0.464,0.393,banana,spoiled
5620230,5558,826.00,95.00,80.30,4.037,0.464,0.392,banana,spoiled
5621240,5559,826.00,95.00,80.50,4.037,0.464,0.393,banana,spoiled
5622251,5560,826.00,95.00,80.70,4.037,0.464,0.394,banana,spoiled
5623263,5561,826.00,95.00,80.65,4.037,0.464,0.394,banana,spoiled
5624273,5562,826.00,95.00,80.60,4.037,0.464,0.394,banana,spoiled
5625284,5563,826.00,95.00,80.55,4.037,0.464,0.394,banana,spoiled
5626296,5564,826.00,95.00,80.85,4.037,0.464,0.395,banana,spoiled
5627307,5565,826.00,95.00,80.75,4.037,0.464,0.395,banana,spoiled
5628317,5566,826.00,95.00,80.80,4.037,0.464,0.395,banana,spoiled
5629329,5567,826.00,95.00,80.75,4.037,0.464,0.395,banana,spoiled
5630340,5568,826.00,95.00,80.70,4.037,0.464,0.394,banana,spoiled
5631350,5569,826.00,95.00,80.60,4.037,0.464,0.394,banana,spoiled
5632362,5570,826.00,95.00,80.65,4.037,0.464,0.394,banana,spoiled
5633373,5571,826.00,95.00,80.75,4.037,0.464,0.395,banana,spoiled
5634383,5572,825.95,95.00,80.50,4.037,0.464,0.393,banana,spoiled
5635395,5573,826.00,95.00,80.40,4.037,0.464,0.393,banana,spoiled
5636406,5574,826.00,95.00,80.90,4.037,0.464,0.395,banana,spoiled
5637416,5575,826.00,95.00,80.65,4.037,0.464,0.394,banana,spoiled
5638428,5576,826.00,95.00,80.85,4.037,0.464,0.395,banana,spoiled
5639439,5577,825.95,95.00,80.70,4.037,0.464,0.394,banana,spoiled
5640451,5578,825.90,95.00,80.80,4.037,0.464,0.395,banana,spoiled
5641461,5579,825.95,95.00,80.70,4.037,0.464,0.394,banana,spoiled
5642472,5580,825.95,95.00,80.70,4.037,0.464,0.394,banana,spoiled
5643484,5581,826.00,95.00,80.75,4.037,0.464,0.395,banana,spoiled
5644494,5582,826.00,95.00,80.80,4.037,0.464,0.395,banana,spoiled
5645505,5583,825.90,95.00,80.55,4.037,0.464,0.394,banana,spoiled
5646517,5584,826.00,95.00,80.75,4.037,0.464,0.395,banana,spoiled
5647527,5585,825.95,95.00,80.80,4.037,0.464,0.395,banana,spoiled
5648538,5586,826.00,95.00,80.80,4.037,0.464,0.395,banana,spoiled
5649550,5587,826.00,95.00,80.80,4.037,0.464,0.395,banana,spoiled
5650561,5588,825.95,95.00,80.80,4.037,0.464,0.395,banana,spoiled
5651571,5589,826.00,95.00,80.90,4.037,0.464,0.395,banana,spoiled
5652583,5590,826.00,95.00,80.80,4.037,0.464,0.395,banana,spoiled
5653594,5591,826.00,95.00,80.85,4.037,0.464,0.395,banana,spoiled
5654604,5592,826.00,95.00,80.75,4.037,0.464,0.395,banana,spoiled
5655616,5593,826.00,95.00,80.85,4.037,0.464,0.395,banana,spoiled
5656627,5594,826.00,95.00,80.80,4.037,0.464,0.395,banana,spoiled
5657637,5595,826.00,95.00,80.85,4.037,0.464,0.395,banana,spoiled
5658649,5596,826.00,95.00,80.80,4.037,0.464,0.395,banana,spoiled
5659660,5597,826.00,95.00,80.80,4.037,0.464,0.395,banana,spoiled
5660670,5598,826.00,95.00,80.85,4.037,0.464,0.395,banana,spoiled
5661682,5599,826.00,95.00,80.80,4.037,0.464,0.395,banana,spoiled
5662693,5600,825.95,95.00,81.00,4.037,0.464,0.396,banana,spoiled
5663704,5601,826.00,95.00,80.90,4.037,0.464,0.395,banana,spoiled
5664715,5602,825.90,95.00,81.00,4.037,0.464,0.396,banana,spoiled
5665726,5603,826.00,95.00,80.75,4.037,0.464,0.395,banana,spoiled
5666737,5604,826.00,95.00,80.75,4.037,0.464,0.395,banana,spoiled
5667748,5605,825.85,95.00,80.75,4.036,0.464,0.395,banana,spoiled
5668759,5606,825.95,95.00,80.80,4.037,0.464,0.395,banana,spoiled
5669770,5607,825.90,95.00,80.70,4.037,0.464,0.394,banana,spoiled
5670781,5608,825.90,95.00,80.85,4.037,0.464,0.395,banana,spoiled
5671792,5609,825.85,95.00,80.85,4.036,0.464,0.395,banana,spoiled
5672803,5610,826.00,95.00,80.65,4.037,0.464,0.394,banana,spoiled
5673815,5611,825.75,95.00,80.75,4.036,0.464,0.395,banana,spoiled
5674825,5612,825.80,95.00,80.70,4.036,0.464,0.394,banana,spoiled
5675836,5613,825.65,95.00,80.80,4.035,0.464,0.395,banana,spoiled
5676848,5614,825.75,95.00,80.85,4.036,0.464,0.395,banana,spoiled
5677858,5615,825.75,95.00,80.90,4.036,0.464,0.395,banana,spoiled
5678870,5616,825.55,95.00,80.75,4.035,0.464,0.395,banana,spoiled
5679881,5617,825.70,95.00,80.75,4.036,0.464,0.395,banana,spoiled
5680891,5618,825.50,95.00,80.70,4.035,0.464,0.394,banana,spoiled
5681903,5619,825.60,95.05,80.75,4.035,0.465,0.395,banana,spoiled
5682914,5620,825.65,95.00,80.85,4.035,0.464,0.395,banana,spoiled
5683924,5621,825.55,95.00,80.75,4.035,0.464,0.395,banana,spoiled
5684936,5622,825.60,95.00,80.60,4.035,0.464,0.394,banana,spoiled
5685947,5623,825.60,95.00,80.85,4.035,0.464,0.395,banana,spoiled
5686958,5624,825.65,95.00,80.75,4.035,0.464,0.395,banana,spoiled
5687969,5625,825.50,95.00,80.75,4.035,0.464,0.395,banana,spoiled
5688980,5626,825.75,95.00,80.75,4.036,0.464,0.395,banana,spoiled
5689991,5627,825.20,95.00,80.80,4.033,0.464,0.395,banana,spoiled
5691002,5628,825.40,95.00,80.75,4.034,0.464,0.395,banana,spoiled
5692013,5629,825.50,95.00,80.65,4.035,0.464,0.394,banana,spoiled
5693024,5630,825.45,95.05,80.65,4.034,0.465,0.394,banana,spoiled
5694035,5631,825.65,95.00,80.85,4.035,0.464,0.395,banana,spoiled
5695046,5632,825.60,95.00,80.85,4.035,0.464,0.395,banana,spoiled
5696057,5633,825.40,95.00,80.80,4.034,0.464,0.395,banana,spoiled
5697069,5634,825.55,95.00,80.75,4.035,0.464,0.395,banana,spoiled
5698079,5635,825.50,95.00,80.85,4.035,0.464,0.395,banana,spoiled
5699090,5636,825.45,95.00,80.75,4.034,0.464,0.395,banana,spoiled
5700102,5637,825.50,95.00,80.90,4.035,0.464,0.395,banana,spoiled
5701112,5638,825.45,95.00,80.80,4.034,0.464,0.395,banana,spoiled
5702123,5639,825.40,95.00,80.80,4.034,0.464,0.395,banana,spoiled
5703135,5640,825.35,95.00,80.85,4.034,0.464,0.395,banana,spoiled
5704145,5641,825.15,95.00,80.70,4.033,0.464,0.394,banana,spoiled
5705157,5642,825.10,95.00,80.60,4.033,0.464,0.394,banana,spoiled
5706168,5643,825.20,95.00,80.70,4.033,0.464,0.394,banana,spoiled
5707179,5644,825.20,95.00,80.55,4.033,0.464,0.394,banana,spoiled
5708190,5645,825.15,95.00,80.85,4.033,0.464,0.395,banana,spoiled
5709201,5646,825.05,95.05,80.75,4.033,0.465,0.395,banana,spoiled
5710212,5647,825.05,95.00,80.70,4.033,0.464,0.394,banana,spoiled
5711223,5648,825.15,95.00,80.65,4.033,0.464,0.394,banana,spoiled
5712234,5649,825.15,95.00,80.80,4.033,0.464,0.395,banana,spoiled
5713245,5650,825.15,95.00,80.70,4.033,0.464,0.394,banana,spoiled
5714256,5651,825.30,95.00,80.80,4.034,0.464,0.395,banana,spoiled
5715267,5652,825.20,95.05,80.70,4.033,0.465,0.394,banana,spoiled
5716278,5653,825.05,95.00,80.85,4.033,0.464,0.395,banana,spoiled
5717289,5654,825.25,95.00,80.50,4.033,0.464,0.393,banana,spoiled
5718300,5655,825.05,95.00,80.60,4.033,0.464,0.394,banana,spoiled
5719311,5656,825.15,95.05,80.80,4.033,0.465,0.395,banana,spoiled
5720323,5657,825.10,95.00,80.60,4.033,0.464,0.394,banana,spoiled
5721333,5658,825.05,95.00,80.70,4.033,0.464,0.394,banana,spoiled
5722344,5659,825.15,95.00,80.55,4.033,0.464,0.394,banana,spoiled
5723356,5660,825.20,95.05,80.70,4.033,0.465,0.394,banana,spoiled
5724366,5661,825.10,95.00,80.55,4.033,0.464,0.394,banana,spoiled
5725378,5662,825.10,95.00,80.55,4.033,0.464,0.394,banana,spoiled
5726389,5663,825.00,95.00,80.75,4.032,0.464,0.395,banana,spoiled
5727399,5664,825.15,95.00,80.50,4.033,0.464,0.393,banana,spoiled
5728411,5665,825.30,95.00,80.60,4.034,0.464,0.394,banana,spoiled
5729422,5666,825.05,95.00,80.50,4.033,0.464,0.393,banana,spoiled
5730433,5667,825.10,95.00,80.80,4.033,0.464,0.395,banana,spoiled
5731444,5668,825.05,95.00,80.45,4.033,0.464,0.393,banana,spoiled
5732455,5669,825.00,95.00,80.60,4.032,0.464,0.394,banana,spoiled
5733466,5670,825.05,95.00,80.75,4.033,0.464,0.395,banana,spoiled
5734477,5671,825.20,95.00,80.40,4.033,0.464,0.393,banana,spoiled
5735488,5672,825.00,95.05,80.65,4.032,0.465,0.394,banana,spoiled
5736499,5673,825.05,95.00,80.65,4.033,0.464,0.394,banana,spoiled
5737510,5674,825.00,95.00,80.55,4.032,0.464,0.394,banana,spoiled
5738521,5675,825.05,95.00,80.80,4.033,0.464,0.395,banana,spoiled
5739532,5676,825.00,95.00,80.65,4.032,0.464,0.394,banana,spoiled
5740544,5677,825.15,95.00,80.70,4.033,0.464,0.394,banana,spoiled
5741554,5678,825.15,95.00,80.55,4.033,0.464,0.394,banana,spoiled
5742565,5679,825.10,95.00,80.30,4.033,0.464,0.392,banana,spoiled
5743577,5680,825.00,95.00,80.55,4.032,0.464,0.394,banana,spoiled
5744587,5681,825.05,95.00,80.60,4.033,0.464,0.394,banana,spoiled
5745598,5682,825.05,95.00,80.50,4.033,0.464,0.393,banana,spoiled
5746610,5683,825.20,95.00,80.50,4.033,0.464,0.393,banana,spoiled
5747620,5684,825.15,95.00,80.60,4.033,0.464,0.394,banana,spoiled
5748631,5685,825.10,95.00,80.65,4.033,0.464,0.394,banana,spoiled
5749643,5686,825.00,95.00,80.60,4.032,0.464,0.394,banana,spoiled
5750653,5687,825.05,95.00,80.70,4.033,0.464,0.394,banana,spoiled
5751664,5688,825.05,95.00,80.80,4.033,0.464,0.395,banana,spoiled
5752676,5689,825.00,95.00,80.50,4.032,0.464,0.393,banana,spoiled
5753687,5690,825.00,95.00,80.80,4.032,0.464,0.395,banana,spoiled
5754697,5691,825.05,95.00,80.75,4.033,0.464,0.395,banana,spoiled
5755709,5692,825.05,95.00,80.60,4.033,0.464,0.394,banana,spoiled
5756720,5693,825.10,95.00,80.65,4.033,0.464,0.394,banana,spoiled
5757730,5694,825.00,95.00,80.60,4.032,0.464,0.394,banana,spoiled
5758742,5695,825.00,95.00,80.50,4.032,0.464,0.393,banana,spoiled
5759753,5696,825.10,95.00,80.45,4.033,0.464,0.393,banana,spoiled
5760763,5697,825.00,95.00,80.55,4.032,0.464,0.394,banana,spoiled
5761775,5698,825.00,95.00,80.45,4.032,0.464,0.393,banana,spoiled
5762786,5699,825.00,95.00,80.55,4.032,0.464,0.394,banana,spoiled
5763798,5700,825.00,95.00,80.60,4.032,0.464,0.394,banana,spoiled
5764808,5701,825.00,95.00,80.60,4.032,0.464,0.394,banana,spoiled
5765819,5702,825.05,95.05,80.70,4.033,0.465,0.394,banana,spoiled
5766831,5703,825.00,95.00,80.25,4.032,0.464,0.392,banana,spoiled
5767841,5704,825.10,95.00,80.60,4.033,0.464,0.394,banana,spoiled
5768852,5705,825.00,95.00,80.40,4.032,0.464,0.393,banana,spoiled
5769864,5706,825.00,95.00,80.50,4.032,0.464,0.393,banana,spoiled
5770874,5707,825.00,95.00,80.25,4.032,0.464,0.392,banana,spoiled
5771885,5708,825.00,95.00,80.45,4.032,0.464,0.393,banana,spoiled
5772897,5709,825.00,95.00,80.40,4.032,0.464,0.393,banana,spoiled
5773907,5710,825.00,95.00,80.35,4.032,0.464,0.393,banana,spoiled
5774918,5711,825.00,95.00,80.40,4.032,0.464,0.393,banana,spoiled
5775930,5712,825.00,95.00,80.35,4.032,0.464,0.393,banana,spoiled
5776941,5713,825.00,95.00,80.15,4.032,0.464,0.392,banana,spoiled
5777951,5714,825.00,95.00,80.25,4.032,0.464,0.392,banana,spoiled
5778963,5715,825.00,95.00,80.25,4.032,0.464,0.392,banana,spoiled
5779974,5716,825.00,95.00,80.40,4.032,0.464,0.393,banana,spoiled
5780984,5717,825.00,95.00,80.40,4.032,0.464,0.393,banana,spoiled
5781996,5718,825.00,95.00,80.30,4.032,0.464,0.392,banana,spoiled
5783007,5719,825.05,95.00,80.20,4.033,0.464,0.392,banana,spoiled
5784017,5720,825.00,95.00,80.55,4.032,0.464,0.394,banana,spoiled
5785029,5721,825.00,95.00,80.15,4.032,0.464,0.392,banana,spoiled
5786040,5722,825.05,95.00,80.40,4.033,0.464,0.393,banana,spoiled
5787051,5723,825.05,95.00,80.45,4.033,0.464,0.393,banana,spoiled
5788062,5724,825.05,95.00,80.50,4.033,0.464,0.393,banana,spoiled
5789073,5725,825.00,95.00,80.40,4.032,0.464,0.393,banana,spoiled
5790084,5726,825.05,95.00,80.40,4.033,0.464,0.393,banana,spoiled
5791095,5727,825.00,95.00,80.70,4.032,0.464,0.394,banana,spoiled
5792106,5728,825.00,95.00,80.35,4.032,0.464,0.393,banana,spoiled
5793117,5729,825.00,95.00,80.55,4.032,0.464,0.394,banana,spoiled
5794128,5730,825.00,95.00,80.70,4.032,0.464,0.394,banana,spoiled
5795139,5731,825.00,95.00,80.40,4.032,0.464,0.393,banana,spoiled
5796150,5732,825.05,95.00,80.40,4.033,0.464,0.393,banana,spoiled
5797161,5733,825.00,95.00,80.55,4.032,0.464,0.394,banana,spoiled
5798172,5734,825.00,95.00,80.45,4.032,0.464,0.393,banana,spoiled
5799183,5735,825.05,95.00,80.30,4.033,0.464,0.392,banana,spoiled
5800195,5736,825.00,95.00,80.40,4.032,0.464,0.393,banana,spoiled
5801205,5737,825.00,95.00,80.45,4.032,0.464,0.393,banana,spoiled
5802217,5738,825.00,95.00,80.45,4.032,0.464,0.393,banana,spoiled
5803228,5739,825.00,95.00,80.40,4.032,0.464,0.393,banana,spoiled
5804238,5740,825.05,95.00,80.15,4.033,0.464,0.392,banana,spoiled
5805250,5741,825.00,95.00,80.55,4.032,0.464,0.394,banana,spoiled
5806261,5742,825.15,95.00,80.60,4.033,0.464,0.394,banana,spoiled
5807271,5743,825.20,95.00,80.40,4.033,0.464,0.393,banana,spoiled
5808283,5744,825.10,95.00,80.40,4.033,0.464,0.393,banana,spoiled
5809294,5745,825.10,95.00,80.40,4.033,0.464,0.393,banana,spoiled
5810305,5746,825.00,95.00,80.45,4.032,0.464,0.393,banana,spoiled
5811316,5747,825.00,95.00,80.55,4.032,0.464,0.394,banana,spoiled
5812327,5748,825.20,95.00,80.25,4.033,0.464,0.392,banana,spoiled
5813338,5749,825.10,95.00,80.45,4.033,0.464,0.393,banana,spoiled
5814349,5750,825.10,95.00,80.05,4.033,0.464,0.391,banana,spoiled
5815360,5751,825.00,95.00,80.60,4.032,0.464,0.394,banana,spoiled
5816371,5752,825.05,95.00,80.50,4.033,0.464,0.393,banana,spoiled
5817382,5753,825.15,95.00,80.40,4.033,0.464,0.393,banana,spoiled
5818393,5754,825.05,95.00,80.40,4.033,0.464,0.393,banana,spoiled
5819404,5755,825.10,95.00,80.35,4.033,0.464,0.393,banana,spoiled
5820416,5756,825.05,95.00,80.45,4.033,0.464,0.393,banana,spoiled
5821426,5757,825.20,95.00,80.55,4.033,0.464,0.394,banana,spoiled
5822437,5758,825.05,95.00,80.65,4.033,0.464,0.394,banana,spoiled
5823449,5759,825.25,95.00,80.40,4.033,0.464,0.393,banana,spoiled
5824459,5760,825.00,95.00,80.55,4.032,0.464,0.394,banana,spoiled
5825470,5761,825.05,95.00,80.30,4.033,0.464,0.392,banana,spoiled
5826482,5762,825.10,95.05,80.35,4.033,0.465,0.393,banana,spoiled
5827492,5763,825.15,95.00,80.30,4.033,0.464,0.392,banana,spoiled
5828503,5764,825.05,95.00,80.25,4.033,0.464,0.392,banana,spoiled
5829515,5765,825.05,95.00,80.45,4.033,0.464,0.393,banana,spoiled
5830525,5766,825.10,95.00,80.15,4.033,0.464,0.392,banana,spoiled
5831537,5767,825.05,95.00,80.55,4.033,0.464,0.394,banana,spoiled
5832548,5768,825.05,95.00,80.25,4.033,0.464,0.392,banana,spoiled
5833559,5769,825.10,95.00,80.30,4.033,0.464,0.392,banana,spoiled
5834570,5770,825.05,95.00,80.60,4.033,0.464,0.394,banana,spoiled
5835581,5771,825.05,95.00,80.50,4.033,0.464,0.393,banana,spoiled
5836592,5772,825.25,95.00,80.40,4.033,0.464,0.393,banana,spoiled
5837603,5773,825.20,95.00,80.45,4.033,0.464,0.393,banana,spoiled
5838614,5774,825.30,95.00,80.30,4.034,0.464,0.392,banana,spoiled
5839625,5775,825.15,95.00,80.40,4.033,0.464,0.393,banana,spoiled
5840636,5776,825.05,95.00,80.45,4.033,0.464,0.393,banana,spoiled
5841647,5777,825.15,95.00,80.50,4.033,0.464,0.393,banana,spoiled
5842658,5778,825.30,95.00,80.50,4.034,0.464,0.393,banana,spoiled
5843670,5779,825.15,95.05,80.30,4.033,0.465,0.392,banana,spoiled
5844680,5780,825.10,95.00,80.55,4.033,0.464,0.394,banana,spoiled
5845691,5781,825.45,95.00,80.30,4.034,0.464,0.392,banana,spoiled
5846703,5782,825.20,95.00,80.45,4.033,0.464,0.393,banana,spoiled
5847713,5783,825.25,95.00,80.30,4.033,0.464,0.392,banana,spoiled
5848724,5784,825.30,95.00,80.35,4.034,0.464,0.393,banana,spoiled
5849736,5785,825.40,95.00,80.50,4.034,0.464,0.393,banana,spoiled
5850746,5786,825.30,95.00,80.65,4.034,0.464,0.394,banana,spoiled
5851757,5787,825.45,95.00,80.55,4.034,0.464,0.394,banana,spoiled
